{"status":"success","data":{"planet":{"id":"171","name":"Power Balance","description":"Addition & subtraction of fractions","question_count":"10","badges":{"speed":"1","accuracy":"1","score_mul_base":"1","score_mul_accuracy":"1","score_mul_speed":"1"}},"status":{"star":1,"difficulty":2,"top_score":0},"planet_top_score":[],"questions":[{"id":"334069","answer":"2\/4","op":"+","number1":"","number1_multiplier":"0","number2":"1\/3","number2_multiplier":"1","number3":"5\/6","number3_multiplier":"2","answer_option_1":"2\/4","answer_option_2":"8\/15","answer_option_3":"8\/10","answer_option_4":"9\/15","difficulty":"2"},{"id":"334072","answer":"1\/5","op":"-","number1":"1\/2","number1_multiplier":"1","number2":"","number2_multiplier":"0","number3":"3\/10","number3_multiplier":"1","answer_option_1":"1\/5","answer_option_2":"4\/15","answer_option_3":"4\/12","answer_option_4":"6\/12","difficulty":"2"},{"id":"334076","answer":"1\/4","op":"-","number1":"2\/3","number1_multiplier":"1","number2":"","number2_multiplier":"0","number3":"5\/12","number3_multiplier":"1","answer_option_1":"1\/4","answer_option_2":"8\/15","answer_option_3":"8\/10","answer_option_4":"10\/15","difficulty":"2"},{"id":"334052","answer":"1\/2","op":"+","number1":"1\/5","number1_multiplier":"1","number2":"","number2_multiplier":"0","number3":"7\/10","number3_multiplier":"1","answer_option_1":"1\/2","answer_option_2":"3\/16","answer_option_3":"3\/12","answer_option_4":"7\/16","difficulty":"2"},{"id":"334088","answer":"2\/3","op":"-","number1":"","number1_multiplier":"0","number2":"1\/2","number2_multiplier":"2","number3":"1\/6","number3_multiplier":"1","answer_option_1":"2\/3","answer_option_2":"7\/18","answer_option_3":"7\/12","answer_option_4":"8\/18","difficulty":"2"},{"id":"334091","answer":"3\/4","op":"-","number1":"","number1_multiplier":"0","number2":"2\/3","number2_multiplier":"1","number3":"1\/12","number3_multiplier":"1","answer_option_1":"3\/4","answer_option_2":"10\/18","answer_option_3":"10\/12","answer_option_4":"11\/18","difficulty":"2"},{"id":"334070","answer":"2\/5","op":"+","number1":"","number1_multiplier":"0","number2":"1\/2","number2_multiplier":"1","number3":"9\/10","number3_multiplier":"1","answer_option_1":"2\/5","answer_option_2":"9\/15","answer_option_3":"9\/10","answer_option_4":"10\/15","difficulty":"2"},{"id":"334054","answer":"2\/4","op":"+","number1":"1\/3","number1_multiplier":"1","number2":"","number2_multiplier":"0","number3":"5\/6","number3_multiplier":"2","answer_option_1":"2\/4","answer_option_2":"5\/16","answer_option_3":"5\/12","answer_option_4":"9\/16","difficulty":"2"},{"id":"334083","answer":"1\/2","op":"-","number1":"","number1_multiplier":"0","number2":"1\/5","number2_multiplier":"1","number3":"3\/10","number3_multiplier":"1","answer_option_1":"1\/2","answer_option_2":"2\/18","answer_option_3":"2\/12","answer_option_4":"3\/15","difficulty":"2"},{"id":"334079","answer":"2\/6","op":"-","number1":"3\/4","number1_multiplier":"1","number2":"","number2_multiplier":"0","number3":"5\/12","number3_multiplier":"1","answer_option_1":"2\/6","answer_option_2":"6\/15","answer_option_3":"6\/12","answer_option_4":"9\/12","difficulty":"2"}]}}