{"status":"success","data":{"planet":{"id":"171","name":"Power Balance","description":"Addition & subtraction of fractions","question_count":"10","badges":{"speed":"1","accuracy":"1","score_mul_base":"1","score_mul_accuracy":"1","score_mul_speed":"1"}},"status":{"star":1,"difficulty":2,"top_score":0},"planet_top_score":[],"questions":[{"id":"334067","answer":"1\/4","op":"+","number1":"","number1_multiplier":"0","number2":"2\/3","number2_multiplier":"1","number3":"11\/12","number3_multiplier":"1","answer_option_1":"1\/4","answer_option_2":"6\/15","answer_option_3":"6\/10","answer_option_4":"7\/15","difficulty":"2"},{"id":"334071","answer":"1\/3","op":"-","number1":"1\/2","number1_multiplier":"1","number2":"","number2_multiplier":"0","number3":"1\/6","number3_multiplier":"1","answer_option_1":"1\/3","answer_option_2":"3\/15","answer_option_3":"3\/10","answer_option_4":"5\/15","difficulty":"2"},{"id":"334057","answer":"1\/3","op":"+","number1":"1\/2","number1_multiplier":"2","number2":"","number2_multiplier":"0","number3":"5\/6","number3_multiplier":"2","answer_option_1":"1\/3","answer_option_2":"8\/15","answer_option_3":"8\/12","answer_option_4":"12\/16","difficulty":"2"},{"id":"334072","answer":"1\/5","op":"-","number1":"1\/2","number1_multiplier":"1","number2":"","number2_multiplier":"0","number3":"3\/10","number3_multiplier":"1","answer_option_1":"1\/5","answer_option_2":"4\/15","answer_option_3":"4\/12","answer_option_4":"6\/12","difficulty":"2"},{"id":"334084","answer":"1\/2","op":"-","number1":"","number1_multiplier":"0","number2":"2\/5","number2_multiplier":"1","number3":"1\/10","number3_multiplier":"1","answer_option_1":"1\/2","answer_option_2":"3\/15","answer_option_3":"3\/12","answer_option_4":"4\/18","difficulty":"2"},{"id":"334069","answer":"2\/4","op":"+","number1":"","number1_multiplier":"0","number2":"1\/3","number2_multiplier":"1","number3":"5\/6","number3_multiplier":"2","answer_option_1":"2\/4","answer_option_2":"8\/15","answer_option_3":"8\/10","answer_option_4":"9\/15","difficulty":"2"},{"id":"334075","answer":"1\/2","op":"-","number1":"2\/3","number1_multiplier":"1","number2":"","number2_multiplier":"0","number3":"1\/6","number3_multiplier":"1","answer_option_1":"1\/2","answer_option_2":"7\/15","answer_option_3":"7\/10","answer_option_4":"9\/15","difficulty":"2"},{"id":"334078","answer":"1\/3","op":"-","number1":"1\/2","number1_multiplier":"2","number2":"","number2_multiplier":"0","number3":"1\/6","number3_multiplier":"1","answer_option_1":"1\/3","answer_option_2":"5\/15","answer_option_3":"5\/10","answer_option_4":"8\/15","difficulty":"2"},{"id":"334055","answer":"2\/3","op":"+","number1":"1\/4","number1_multiplier":"1","number2":"","number2_multiplier":"0","number3":"11\/12","number3_multiplier":"1","answer_option_1":"2\/3","answer_option_2":"6\/16","answer_option_3":"6\/10","answer_option_4":"10\/16","difficulty":"2"},{"id":"334090","answer":"3\/4","op":"-","number1":"","number1_multiplier":"0","number2":"1\/3","number2_multiplier":"2","number3":"5\/12","number3_multiplier":"1","answer_option_1":"3\/4","answer_option_2":"9\/18","answer_option_3":"9\/12","answer_option_4":"10\/18","difficulty":"2"}]}}