{"status":"success","data":{"planet":{"id":"140","name":"Gears! Fractions \u00b1","description":"Comparing fractions with addition and subtraction","question_count":"10","badges":{"speed":"1","accuracy":"1","score_mul_base":"1","score_mul_accuracy":"1","score_mul_speed":"1"}},"status":{"star":1,"difficulty":2,"top_score":0},"planet_top_score":[],"questions":[{"id":"369328","difficulty":"2","questions":{"left_question_1":"5\/7","left_question_2":"-","left_question_3":"2\/3","right_question_1":"3\/4","right_question_2":"","right_question_3":""},"answers":{"answer":"<"}},{"id":"369349","difficulty":"2","questions":{"left_question_1":"4\/5","left_question_2":"-","left_question_3":"1\/2","right_question_1":"2\/3","right_question_2":"","right_question_3":""},"answers":{"answer":"<"}},{"id":"369323","difficulty":"2","questions":{"left_question_1":"7\/9","left_question_2":"-","left_question_3":"5\/7","right_question_1":"3\/4","right_question_2":"","right_question_3":""},"answers":{"answer":"<"}},{"id":"369343","difficulty":"2","questions":{"left_question_1":"4\/7","left_question_2":"-","left_question_3":"1\/3","right_question_1":"5\/9","right_question_2":"","right_question_3":""},"answers":{"answer":"<"}},{"id":"369329","difficulty":"2","questions":{"left_question_1":"4\/5","left_question_2":"-","left_question_3":"1\/2","right_question_1":"1\/2","right_question_2":"","right_question_3":""},"answers":{"answer":"<"}},{"id":"369311","difficulty":"2","questions":{"left_question_1":"3\/4","left_question_2":"-","left_question_3":"2\/5","right_question_1":"8\/9","right_question_2":"","right_question_3":""},"answers":{"answer":"<"}},{"id":"369304","difficulty":"2","questions":{"left_question_1":"7\/8","left_question_2":"-","left_question_3":"5\/7","right_question_1":"7\/9","right_question_2":"","right_question_3":""},"answers":{"answer":"<"}},{"id":"369318","difficulty":"2","questions":{"left_question_1":"1\/3","left_question_2":"-","left_question_3":"1\/7","right_question_1":"2\/5","right_question_2":"","right_question_3":""},"answers":{"answer":"<"}},{"id":"369330","difficulty":"2","questions":{"left_question_1":"8\/9","left_question_2":"-","left_question_3":"5\/7","right_question_1":"1\/5","right_question_2":"","right_question_3":""},"answers":{"answer":"<"}},{"id":"369316","difficulty":"2","questions":{"left_question_1":"2\/5","left_question_2":"-","left_question_3":"1\/6","right_question_1":"7\/8","right_question_2":"","right_question_3":""},"answers":{"answer":"<"}}]}}