{"status":"success","data":{"planet":{"id":"140","name":"Gears! Fractions \u00b1","description":"Comparing fractions with addition and subtraction","question_count":"10","badges":{"speed":"1","accuracy":"1","score_mul_base":"1","score_mul_accuracy":"1","score_mul_speed":"1"}},"status":{"star":1,"difficulty":2,"top_score":0},"planet_top_score":[],"questions":[{"id":"369308","difficulty":"2","questions":{"left_question_1":"7\/9","left_question_2":"-","left_question_3":"1\/4","right_question_1":"5\/6","right_question_2":"","right_question_3":""},"answers":{"answer":"<"}},{"id":"369338","difficulty":"2","questions":{"left_question_1":"2\/3","left_question_2":"-","left_question_3":"3\/8","right_question_1":"2\/3","right_question_2":"","right_question_3":""},"answers":{"answer":"<"}},{"id":"369330","difficulty":"2","questions":{"left_question_1":"8\/9","left_question_2":"-","left_question_3":"5\/7","right_question_1":"1\/5","right_question_2":"","right_question_3":""},"answers":{"answer":"<"}},{"id":"369323","difficulty":"2","questions":{"left_question_1":"7\/9","left_question_2":"-","left_question_3":"5\/7","right_question_1":"3\/4","right_question_2":"","right_question_3":""},"answers":{"answer":"<"}},{"id":"369306","difficulty":"2","questions":{"left_question_1":"7\/9","left_question_2":"-","left_question_3":"3\/8","right_question_1":"5\/6","right_question_2":"","right_question_3":""},"answers":{"answer":"<"}},{"id":"369311","difficulty":"2","questions":{"left_question_1":"3\/4","left_question_2":"-","left_question_3":"2\/5","right_question_1":"8\/9","right_question_2":"","right_question_3":""},"answers":{"answer":"<"}},{"id":"369339","difficulty":"2","questions":{"left_question_1":"1\/2","left_question_2":"-","left_question_3":"3\/7","right_question_1":"8\/9","right_question_2":"","right_question_3":""},"answers":{"answer":"<"}},{"id":"369341","difficulty":"2","questions":{"left_question_1":"3\/4","left_question_2":"-","left_question_3":"2\/7","right_question_1":"1\/2","right_question_2":"","right_question_3":""},"answers":{"answer":"<"}},{"id":"369312","difficulty":"2","questions":{"left_question_1":"3\/4","left_question_2":"-","left_question_3":"3\/4","right_question_1":"2\/7","right_question_2":"","right_question_3":""},"answers":{"answer":"<"}},{"id":"369344","difficulty":"2","questions":{"left_question_1":"8\/9","left_question_2":"-","left_question_3":"5\/6","right_question_1":"1\/8","right_question_2":"","right_question_3":""},"answers":{"answer":"<"}}]}}