{"status":"success","data":{"planet":{"id":"150","name":"Speedy Sushi-San!","description":"Know the shape of your ingredients!","question_count":"10","badges":{"speed":"1","accuracy":"1","score_mul_base":"1","score_mul_accuracy":"1","score_mul_speed":"1"}},"status":{"star":5,"difficulty":5,"top_score":0},"planet_top_score":[],"questions":[{"id":"16","question":"3 Triangles and 2 Quadrilaterals","difficulty":"5","questions":{"angle3":"4","angle4":"4","angle5":"0","angle6":"4"},"answers":{"angle3":"3","angle4":"2","angle5":"0","angle6":"0"}},{"id":"136","question":"3 Pentagons and 2 Hexagons","difficulty":"5","questions":{"angle3":"0","angle4":"4","angle5":"4","angle6":"4"},"answers":{"angle3":"0","angle4":"0","angle5":"3","angle6":"2"}},{"id":"68","question":"3 Triangles and 2 Pentagons","difficulty":"5","questions":{"angle3":"4","angle4":"0","angle5":"4","angle6":"4"},"answers":{"angle3":"3","angle4":"0","angle5":"2","angle6":"0"}},{"id":"146","question":"3 Pentagons and 2 Hexagons","difficulty":"5","questions":{"angle3":"4","angle4":"0","angle5":"4","angle6":"4"},"answers":{"angle3":"0","angle4":"0","angle5":"3","angle6":"2"}},{"id":"121","question":"4 Quadrilaterals and 2 Hexagons","difficulty":"5","questions":{"angle3":"0","angle4":"4","angle5":"4","angle6":"4"},"answers":{"angle3":"0","angle4":"4","angle5":"0","angle6":"2"}},{"id":"43","question":"4 Quadrilaterals and 2 Pentagons","difficulty":"5","questions":{"angle3":"0","angle4":"4","angle5":"4","angle6":"4"},"answers":{"angle3":"0","angle4":"4","angle5":"2","angle6":"0"}},{"id":"9","question":"4 Triangles and 3 Quadrilaterals","difficulty":"5","questions":{"angle3":"4","angle4":"4","angle5":"4","angle6":"0"},"answers":{"angle3":"4","angle4":"3","angle5":"0","angle6":"0"}},{"id":"88","question":"4 Triangles and 4 Hexagons","difficulty":"5","questions":{"angle3":"4","angle4":"4","angle5":"0","angle6":"4"},"answers":{"angle3":"4","angle4":"0","angle5":"0","angle6":"4"}},{"id":"86","question":"3 Triangles and 3 Hexagons","difficulty":"5","questions":{"angle3":"4","angle4":"4","angle5":"0","angle6":"4"},"answers":{"angle3":"3","angle4":"0","angle5":"0","angle6":"3"}},{"id":"112","question":"3 Quadrilaterals and 3 Hexagons","difficulty":"5","questions":{"angle3":"4","angle4":"4","angle5":"0","angle6":"4"},"answers":{"angle3":"0","angle4":"3","angle5":"0","angle6":"3"}}]}}