{"status":"success","data":{"planet":{"id":"150","name":"Speedy Sushi-San!","description":"Know the shape of your ingredients!","question_count":"10","badges":{"speed":"1","accuracy":"1","score_mul_base":"1","score_mul_accuracy":"1","score_mul_speed":"1"}},"status":{"star":5,"difficulty":5,"top_score":0},"planet_top_score":[],"questions":[{"id":"124","question":"4 Quadrilaterals and 4 Hexagons","difficulty":"5","questions":{"angle3":"0","angle4":"4","angle5":"4","angle6":"4"},"answers":{"angle3":"0","angle4":"4","angle5":"0","angle6":"4"}},{"id":"137","question":"4 Pentagons and 2 Hexagons","difficulty":"5","questions":{"angle3":"0","angle4":"4","angle5":"4","angle6":"4"},"answers":{"angle3":"0","angle4":"0","angle5":"4","angle6":"2"}},{"id":"84","question":"3 Triangles and 2 Hexagons","difficulty":"5","questions":{"angle3":"4","angle4":"4","angle5":"0","angle6":"4"},"answers":{"angle3":"3","angle4":"0","angle5":"0","angle6":"2"}},{"id":"148","question":"3 Pentagons and 3 Hexagons","difficulty":"5","questions":{"angle3":"4","angle4":"0","angle5":"4","angle6":"4"},"answers":{"angle3":"0","angle4":"0","angle5":"3","angle6":"3"}},{"id":"138","question":"3 Pentagons and 3 Hexagons","difficulty":"5","questions":{"angle3":"0","angle4":"4","angle5":"4","angle6":"4"},"answers":{"angle3":"0","angle4":"0","angle5":"3","angle6":"3"}},{"id":"60","question":"3 Triangles and 3 Pentagons","difficulty":"5","questions":{"angle3":"4","angle4":"4","angle5":"4","angle6":"0"},"answers":{"angle3":"3","angle4":"0","angle5":"3","angle6":"0"}},{"id":"44","question":"3 Quadrilaterals and 3 Pentagons","difficulty":"5","questions":{"angle3":"0","angle4":"4","angle5":"4","angle6":"4"},"answers":{"angle3":"0","angle4":"3","angle5":"3","angle6":"0"}},{"id":"6","question":"3 Triangles and 2 Quadrilaterals","difficulty":"5","questions":{"angle3":"4","angle4":"4","angle5":"4","angle6":"0"},"answers":{"angle3":"3","angle4":"2","angle5":"0","angle6":"0"}},{"id":"150","question":"4 Pentagons and 4 Hexagons","difficulty":"5","questions":{"angle3":"4","angle4":"0","angle5":"4","angle6":"4"},"answers":{"angle3":"0","angle4":"0","angle5":"4","angle6":"4"}},{"id":"87","question":"4 Triangles and 3 Hexagons","difficulty":"5","questions":{"angle3":"4","angle4":"4","angle5":"0","angle6":"4"},"answers":{"angle3":"4","angle4":"0","angle5":"0","angle6":"3"}}]}}