{"status":"success","data":{"planet":{"id":114,"name":"More or Less? (Gears)","description":"What do the signs mean? (>=< 40)","question_count":10,"badges":{"speed":"1","accuracy":"1","score_mul_base":"1","score_mul_accuracy":"1","score_mul_speed":"1"}},"status":{"star":3,"difficulty":4,"top_score":0},"planet_top_score":[],"questions":[{"id":7670,"difficulty":4,"questions":{"left_question_1":"2","left_question_2":"+","left_question_3":"10","right_question_1":"7","right_question_2":"+","right_question_3":"10"},"answers":{"answer":"<"},"subject":[{"subject_code":"0","name":null,"description":null}]},{"id":12801,"difficulty":4,"questions":{"left_question_1":"8","left_question_2":"+","left_question_3":"2","right_question_1":"1","right_question_2":"+","right_question_3":"1"},"answers":{"answer":">"},"subject":[{"subject_code":"0","name":null,"description":null}]},{"id":14301,"difficulty":4,"questions":{"left_question_1":"9","left_question_2":"+","left_question_3":"7","right_question_1":"1","right_question_2":"+","right_question_3":"1"},"answers":{"answer":">"},"subject":[{"subject_code":"0","name":null,"description":null}]},{"id":9773,"difficulty":4,"questions":{"left_question_1":"5","left_question_2":"+","left_question_3":"1","right_question_1":"8","right_question_2":"+","right_question_3":"3"},"answers":{"answer":"<"},"subject":[{"subject_code":"0","name":null,"description":null}]},{"id":18906,"difficulty":4,"questions":{"left_question_1":"5","left_question_2":"+","left_question_3":"1","right_question_1":"9","right_question_2":"-","right_question_3":"7"},"answers":{"answer":">"},"subject":[{"subject_code":"0","name":null,"description":null}]},{"id":12042,"difficulty":4,"questions":{"left_question_1":"7","left_question_2":"+","left_question_3":"4","right_question_1":"5","right_question_2":"+","right_question_3":"2"},"answers":{"answer":">"},"subject":[{"subject_code":"0","name":null,"description":null}]},{"id":14242,"difficulty":4,"questions":{"left_question_1":"9","left_question_2":"+","left_question_3":"6","right_question_1":"5","right_question_2":"+","right_question_3":"2"},"answers":{"answer":">"},"subject":[{"subject_code":"0","name":null,"description":null}]},{"id":14118,"difficulty":4,"questions":{"left_question_1":"9","left_question_2":"+","left_question_3":"5","right_question_1":"2","right_question_2":"+","right_question_3":"8"},"answers":{"answer":">"},"subject":[{"subject_code":"0","name":null,"description":null}]},{"id":11711,"difficulty":4,"questions":{"left_question_1":"7","left_question_2":"+","left_question_3":"1","right_question_1":"2","right_question_2":"+","right_question_3":"1"},"answers":{"answer":">"},"subject":[{"subject_code":"0","name":null,"description":null}]},{"id":7783,"difficulty":4,"questions":{"left_question_1":"3","left_question_2":"+","left_question_3":"1","right_question_1":"9","right_question_2":"+","right_question_3":"3"},"answers":{"answer":"<"},"subject":[{"subject_code":"0","name":null,"description":null}]}]}}