{"status":"success","data":{"planet":{"id":114,"name":"More or Less? (Gears)","description":"What do the signs mean? (>=< 40)","question_count":10,"badges":{"speed":"1","accuracy":"1","score_mul_base":"1","score_mul_accuracy":"1","score_mul_speed":"1"}},"status":{"star":3,"difficulty":4,"top_score":0},"planet_top_score":[],"questions":[{"id":12914,"difficulty":4,"questions":{"left_question_1":"8","left_question_2":"+","left_question_3":"3","right_question_1":"2","right_question_2":"+","right_question_3":"4"},"answers":{"answer":">"},"subject":[{"subject_code":"0","name":null,"description":null}]},{"id":19856,"difficulty":4,"questions":{"left_question_1":"9","left_question_2":"-","left_question_3":"2","right_question_1":"2","right_question_2":"+","right_question_3":"4"},"answers":{"answer":">"},"subject":[{"subject_code":"0","name":null,"description":null}]},{"id":18073,"difficulty":4,"questions":{"left_question_1":"1","left_question_2":"+","left_question_3":"8","right_question_1":"6","right_question_2":"-","right_question_3":"3"},"answers":{"answer":">"},"subject":[{"subject_code":"0","name":null,"description":null}]},{"id":17023,"difficulty":4,"questions":{"left_question_1":"7","left_question_2":"-","left_question_3":"1","right_question_1":"8","right_question_2":"-","right_question_3":"7"},"answers":{"answer":">"},"subject":[{"subject_code":"0","name":null,"description":null}]},{"id":12119,"difficulty":4,"questions":{"left_question_1":"7","left_question_2":"+","left_question_3":"5","right_question_1":"2","right_question_2":"+","right_question_3":"9"},"answers":{"answer":">"},"subject":[{"subject_code":"0","name":null,"description":null}]},{"id":9929,"difficulty":4,"questions":{"left_question_1":"5","left_question_2":"+","left_question_3":"3","right_question_1":"3","right_question_2":"+","right_question_3":"9"},"answers":{"answer":"<"},"subject":[{"subject_code":"0","name":null,"description":null}]},{"id":8480,"difficulty":4,"questions":{"left_question_1":"3","left_question_2":"+","left_question_3":"8","right_question_1":"8","right_question_2":"+","right_question_3":"10"},"answers":{"answer":"<"},"subject":[{"subject_code":"0","name":null,"description":null}]},{"id":8831,"difficulty":4,"questions":{"left_question_1":"4","left_question_2":"+","left_question_3":"2","right_question_1":"4","right_question_2":"+","right_question_3":"1"},"answers":{"answer":">"},"subject":[{"subject_code":"0","name":null,"description":null}]},{"id":17900,"difficulty":4,"questions":{"left_question_1":"1","left_question_2":"+","left_question_3":"4","right_question_1":"4","right_question_2":"-","right_question_3":"3"},"answers":{"answer":">"},"subject":[{"subject_code":"0","name":null,"description":null}]},{"id":8787,"difficulty":4,"questions":{"left_question_1":"4","left_question_2":"+","left_question_3":"1","right_question_1":"9","right_question_2":"+","right_question_3":"7"},"answers":{"answer":"<"},"subject":[{"subject_code":"0","name":null,"description":null}]}]}}