{"status":"success","data":{"planet":{"id":114,"name":"More or Less? (Gears)","description":"What do the signs mean? (>=< 40)","question_count":10,"badges":{"speed":"1","accuracy":"1","score_mul_base":"1","score_mul_accuracy":"1","score_mul_speed":"1"}},"status":{"star":3,"difficulty":4,"top_score":0},"planet_top_score":[],"questions":[{"id":12311,"difficulty":4,"questions":{"left_question_1":"7","left_question_2":"+","left_question_3":"7","right_question_1":"2","right_question_2":"+","right_question_3":"1"},"answers":{"answer":">"},"subject":[{"subject_code":"0","name":null,"description":null}]},{"id":11536,"difficulty":4,"questions":{"left_question_1":"6","left_question_2":"+","left_question_3":"9","right_question_1":"4","right_question_2":"+","right_question_3":"6"},"answers":{"answer":">"},"subject":[{"subject_code":"0","name":null,"description":null}]},{"id":13280,"difficulty":4,"questions":{"left_question_1":"8","left_question_2":"+","left_question_3":"6","right_question_1":"8","right_question_2":"+","right_question_3":"10"},"answers":{"answer":"<"},"subject":[{"subject_code":"0","name":null,"description":null}]},{"id":13743,"difficulty":4,"questions":{"left_question_1":"9","left_question_2":"+","left_question_3":"1","right_question_1":"5","right_question_2":"+","right_question_3":"3"},"answers":{"answer":">"},"subject":[{"subject_code":"0","name":null,"description":null}]},{"id":18835,"difficulty":4,"questions":{"left_question_1":"4","left_question_2":"+","left_question_3":"4","right_question_1":"7","right_question_2":"-","right_question_3":"1"},"answers":{"answer":">"},"subject":[{"subject_code":"0","name":null,"description":null}]},{"id":11219,"difficulty":4,"questions":{"left_question_1":"6","left_question_2":"+","left_question_3":"6","right_question_1":"2","right_question_2":"+","right_question_3":"9"},"answers":{"answer":">"},"subject":[{"subject_code":"0","name":null,"description":null}]},{"id":8046,"difficulty":4,"questions":{"left_question_1":"3","left_question_2":"+","left_question_3":"4","right_question_1":"5","right_question_2":"+","right_question_3":"6"},"answers":{"answer":"<"},"subject":[{"subject_code":"0","name":null,"description":null}]},{"id":14988,"difficulty":4,"questions":{"left_question_1":"10","left_question_2":"+","left_question_3":"3","right_question_1":"9","right_question_2":"+","right_question_3":"8"},"answers":{"answer":"<"},"subject":[{"subject_code":"0","name":null,"description":null}]},{"id":11794,"difficulty":4,"questions":{"left_question_1":"7","left_question_2":"+","left_question_3":"1","right_question_1":"10","right_question_2":"+","right_question_3":"4"},"answers":{"answer":"<"},"subject":[{"subject_code":"0","name":null,"description":null}]},{"id":7317,"difficulty":4,"questions":{"left_question_1":"2","left_question_2":"+","left_question_3":"7","right_question_1":"2","right_question_2":"+","right_question_3":"7"},"answers":{"answer":"="},"subject":[{"subject_code":"0","name":null,"description":null}]}]}}