{"status":"success","data":{"planet":{"id":"123","name":"Tap Hundreds","description":"Number base ten up to 100","question_count":"10","badges":null},"status":{"star":1,"difficulty":2,"top_score":0},"planet_top_score":[],"questions":[{"id":"221068","question":"88","answer":"88","option_type":"hundred","option_generate":"1","difficulty":"2"},{"id":"221025","question":"45","answer":"45","option_type":"hundred","option_generate":"1","difficulty":"2"},{"id":"221055","question":"75","answer":"75","option_type":"hundred","option_generate":"1","difficulty":"2"},{"id":"221076","question":"96","answer":"96","option_type":"hundred","option_generate":"1","difficulty":"2"},{"id":"221039","question":"59","answer":"59","option_type":"hundred","option_generate":"1","difficulty":"2"},{"id":"221027","question":"47","answer":"47","option_type":"hundred","option_generate":"1","difficulty":"2"},{"id":"221074","question":"94","answer":"94","option_type":"hundred","option_generate":"1","difficulty":"2"},{"id":"221066","question":"86","answer":"86","option_type":"hundred","option_generate":"1","difficulty":"2"},{"id":"221072","question":"92","answer":"92","option_type":"hundred","option_generate":"1","difficulty":"2"},{"id":"221030","question":"50","answer":"50","option_type":"hundred","option_generate":"1","difficulty":"2"}]}}