{"status":"success","data":{"planet":{"id":"123","name":"Tap Hundreds","description":"Number base ten up to 100","question_count":"10","badges":null},"status":{"star":1,"difficulty":2,"top_score":0},"planet_top_score":[],"questions":[{"id":"221021","question":"41","answer":"41","option_type":"hundred","option_generate":"1","difficulty":"2"},{"id":"221080","question":"100","answer":"100","option_type":"hundred","option_generate":"1","difficulty":"2"},{"id":"221078","question":"98","answer":"98","option_type":"hundred","option_generate":"1","difficulty":"2"},{"id":"221073","question":"93","answer":"93","option_type":"hundred","option_generate":"1","difficulty":"2"},{"id":"221026","question":"46","answer":"46","option_type":"hundred","option_generate":"1","difficulty":"2"},{"id":"221022","question":"42","answer":"42","option_type":"hundred","option_generate":"1","difficulty":"2"},{"id":"221037","question":"57","answer":"57","option_type":"hundred","option_generate":"1","difficulty":"2"},{"id":"221027","question":"47","answer":"47","option_type":"hundred","option_generate":"1","difficulty":"2"},{"id":"221030","question":"50","answer":"50","option_type":"hundred","option_generate":"1","difficulty":"2"},{"id":"221025","question":"45","answer":"45","option_type":"hundred","option_generate":"1","difficulty":"2"}]}}