{"status":"success","data":{"planet":{"id":"123","name":"Tap Hundreds","description":"Number base ten up to 100","question_count":"10","badges":null},"status":{"star":1,"difficulty":2,"top_score":0},"planet_top_score":[],"questions":[{"id":"221030","question":"50","answer":"50","option_type":"hundred","option_generate":"1","difficulty":"2"},{"id":"221024","question":"44","answer":"44","option_type":"hundred","option_generate":"1","difficulty":"2"},{"id":"221040","question":"60","answer":"60","option_type":"hundred","option_generate":"1","difficulty":"2"},{"id":"221033","question":"53","answer":"53","option_type":"hundred","option_generate":"1","difficulty":"2"},{"id":"221022","question":"42","answer":"42","option_type":"hundred","option_generate":"1","difficulty":"2"},{"id":"221046","question":"66","answer":"66","option_type":"hundred","option_generate":"1","difficulty":"2"},{"id":"221038","question":"58","answer":"58","option_type":"hundred","option_generate":"1","difficulty":"2"},{"id":"221059","question":"79","answer":"79","option_type":"hundred","option_generate":"1","difficulty":"2"},{"id":"221058","question":"78","answer":"78","option_type":"hundred","option_generate":"1","difficulty":"2"},{"id":"221065","question":"85","answer":"85","option_type":"hundred","option_generate":"1","difficulty":"2"}]}}