{"status":"success","data":{"planet":{"id":"123","name":"Tap Hundreds","description":"Number base ten up to 100","question_count":"10","badges":null},"status":{"star":1,"difficulty":2,"top_score":0},"planet_top_score":[],"questions":[{"id":"221067","question":"87","answer":"87","option_type":"hundred","option_generate":"1","difficulty":"2"},{"id":"221050","question":"70","answer":"70","option_type":"hundred","option_generate":"1","difficulty":"2"},{"id":"221030","question":"50","answer":"50","option_type":"hundred","option_generate":"1","difficulty":"2"},{"id":"221072","question":"92","answer":"92","option_type":"hundred","option_generate":"1","difficulty":"2"},{"id":"221031","question":"51","answer":"51","option_type":"hundred","option_generate":"1","difficulty":"2"},{"id":"221036","question":"56","answer":"56","option_type":"hundred","option_generate":"1","difficulty":"2"},{"id":"221077","question":"97","answer":"97","option_type":"hundred","option_generate":"1","difficulty":"2"},{"id":"221063","question":"83","answer":"83","option_type":"hundred","option_generate":"1","difficulty":"2"},{"id":"221021","question":"41","answer":"41","option_type":"hundred","option_generate":"1","difficulty":"2"},{"id":"221044","question":"64","answer":"64","option_type":"hundred","option_generate":"1","difficulty":"2"}]}}