{"status":"success","data":{"planet":{"id":"123","name":"Tap Hundreds","description":"Number base ten up to 100","question_count":"10","badges":null},"status":{"star":1,"difficulty":2,"top_score":0},"planet_top_score":[],"questions":[{"id":"221074","question":"94","answer":"94","option_type":"hundred","option_generate":"1","difficulty":"2"},{"id":"221075","question":"95","answer":"95","option_type":"hundred","option_generate":"1","difficulty":"2"},{"id":"221025","question":"45","answer":"45","option_type":"hundred","option_generate":"1","difficulty":"2"},{"id":"221060","question":"80","answer":"80","option_type":"hundred","option_generate":"1","difficulty":"2"},{"id":"221069","question":"89","answer":"89","option_type":"hundred","option_generate":"1","difficulty":"2"},{"id":"221071","question":"91","answer":"91","option_type":"hundred","option_generate":"1","difficulty":"2"},{"id":"221067","question":"87","answer":"87","option_type":"hundred","option_generate":"1","difficulty":"2"},{"id":"221021","question":"41","answer":"41","option_type":"hundred","option_generate":"1","difficulty":"2"},{"id":"221031","question":"51","answer":"51","option_type":"hundred","option_generate":"1","difficulty":"2"},{"id":"221065","question":"85","answer":"85","option_type":"hundred","option_generate":"1","difficulty":"2"}]}}