{"status":"success","data":{"planet":{"id":"157","name":"Space Taxi","description":"What makes the number?","question_count":"10","badges":{"speed":"1","accuracy":"1","score_mul_base":"1","score_mul_accuracy":"1","score_mul_speed":"1"}},"status":{"star":2,"difficulty":3,"top_score":0},"planet_top_score":[],"questions":[{"id":"1118","question":"10","answer_option_1":"5","answer_option_2":"5","answer_option_3":"4","answer_option_4":"8","answer_option_5":"9","answer_option_6":"","fixed_num":"0","difficulty":"3"},{"id":"1071","question":"9","answer_option_1":"2","answer_option_2":"2","answer_option_3":"5","answer_option_4":"3","answer_option_5":"","answer_option_6":"","fixed_num":"0","difficulty":"3"},{"id":"1112","question":"9","answer_option_1":"3","answer_option_2":"6","answer_option_3":"2","answer_option_4":"2","answer_option_5":"3","answer_option_6":"","fixed_num":"0","difficulty":"3"},{"id":"1068","question":"9","answer_option_1":"1","answer_option_2":"2","answer_option_3":"6","answer_option_4":"4","answer_option_5":"","answer_option_6":"","fixed_num":"0","difficulty":"3"},{"id":"1090","question":"8","answer_option_1":"1","answer_option_2":"3","answer_option_3":"4","answer_option_4":"2","answer_option_5":"9","answer_option_6":"","fixed_num":"0","difficulty":"3"},{"id":"1089","question":"8","answer_option_1":"1","answer_option_2":"2","answer_option_3":"5","answer_option_4":"4","answer_option_5":"9","answer_option_6":"","fixed_num":"0","difficulty":"3"},{"id":"1096","question":"4","answer_option_1":"1","answer_option_2":"3","answer_option_3":"2","answer_option_4":"5","answer_option_5":"6","answer_option_6":"","fixed_num":"0","difficulty":"3"},{"id":"1109","question":"8","answer_option_1":"4","answer_option_2":"4","answer_option_3":"3","answer_option_4":"1","answer_option_5":"1","answer_option_6":"","fixed_num":"0","difficulty":"3"},{"id":"1077","question":"10","answer_option_1":"1","answer_option_2":"4","answer_option_3":"5","answer_option_4":"3","answer_option_5":"","answer_option_6":"","fixed_num":"0","difficulty":"3"},{"id":"1107","question":"8","answer_option_1":"2","answer_option_2":"6","answer_option_3":"3","answer_option_4":"1","answer_option_5":"6","answer_option_6":"","fixed_num":"0","difficulty":"3"}]}}