{"status":"success","data":{"planet":{"id":"157","name":"Space Taxi","description":"What makes the number?","question_count":"10","badges":{"speed":"1","accuracy":"1","score_mul_base":"1","score_mul_accuracy":"1","score_mul_speed":"1"}},"status":{"star":2,"difficulty":3,"top_score":0},"planet_top_score":[],"questions":[{"id":"1093","question":"10","answer_option_1":"1","answer_option_2":"1","answer_option_3":"8","answer_option_4":"3","answer_option_5":"4","answer_option_6":"","fixed_num":"0","difficulty":"3"},{"id":"1095","question":"3","answer_option_1":"1","answer_option_2":"2","answer_option_3":"4","answer_option_4":"1","answer_option_5":"2","answer_option_6":"","fixed_num":"0","difficulty":"3"},{"id":"1075","question":"10","answer_option_1":"1","answer_option_2":"2","answer_option_3":"7","answer_option_4":"4","answer_option_5":"","answer_option_6":"","fixed_num":"0","difficulty":"3"},{"id":"1074","question":"10","answer_option_1":"1","answer_option_2":"1","answer_option_3":"8","answer_option_4":"3","answer_option_5":"","answer_option_6":"","fixed_num":"0","difficulty":"3"},{"id":"1076","question":"10","answer_option_1":"1","answer_option_2":"3","answer_option_3":"6","answer_option_4":"2","answer_option_5":"","answer_option_6":"","fixed_num":"0","difficulty":"3"},{"id":"1092","question":"8","answer_option_1":"2","answer_option_2":"3","answer_option_3":"3","answer_option_4":"1","answer_option_5":"4","answer_option_6":"","fixed_num":"0","difficulty":"3"},{"id":"1112","question":"9","answer_option_1":"3","answer_option_2":"6","answer_option_3":"2","answer_option_4":"2","answer_option_5":"3","answer_option_6":"","fixed_num":"0","difficulty":"3"},{"id":"1098","question":"5","answer_option_1":"1","answer_option_2":"4","answer_option_3":"2","answer_option_4":"6","answer_option_5":"2","answer_option_6":"","fixed_num":"0","difficulty":"3"},{"id":"1111","question":"9","answer_option_1":"2","answer_option_2":"7","answer_option_3":"3","answer_option_4":"4","answer_option_5":"4","answer_option_6":"","fixed_num":"0","difficulty":"3"},{"id":"1104","question":"7","answer_option_1":"2","answer_option_2":"5","answer_option_3":"3","answer_option_4":"5","answer_option_5":"6","answer_option_6":"","fixed_num":"0","difficulty":"3"}]}}