{"status":"success","data":{"planet":{"id":"175","name":"Busy Burger Builder","description":"Quickly build to proportion with 3 ingredients","question_count":"10","badges":{"speed":"1","accuracy":"1","score_mul_base":"1","score_mul_accuracy":"1","score_mul_speed":"1"}},"status":{"star":2,"difficulty":3,"top_score":0},"planet_top_score":[],"questions":[{"id":"338650","patty":"2","greens":"3","cheese":"2","preset_patty":"0","preset_greens":"0","preset_cheese":"0","difficulty":"3"},{"id":"338648","patty":"2","greens":"2","cheese":"4","preset_patty":"0","preset_greens":"0","preset_cheese":"0","difficulty":"3"},{"id":"338685","patty":"4","greens":"3","cheese":"5","preset_patty":"0","preset_greens":"0","preset_cheese":"0","difficulty":"3"},{"id":"338693","patty":"4","greens":"5","cheese":"5","preset_patty":"0","preset_greens":"0","preset_cheese":"0","difficulty":"3"},{"id":"338664","patty":"3","greens":"2","cheese":"4","preset_patty":"0","preset_greens":"0","preset_cheese":"0","difficulty":"3"},{"id":"338675","patty":"3","greens":"5","cheese":"3","preset_patty":"0","preset_greens":"0","preset_cheese":"0","difficulty":"3"},{"id":"338705","patty":"5","greens":"4","cheese":"5","preset_patty":"0","preset_greens":"0","preset_cheese":"0","difficulty":"3"},{"id":"338651","patty":"2","greens":"3","cheese":"3","preset_patty":"0","preset_greens":"0","preset_cheese":"0","difficulty":"3"},{"id":"338655","patty":"2","greens":"4","cheese":"3","preset_patty":"0","preset_greens":"0","preset_cheese":"0","difficulty":"3"},{"id":"338709","patty":"5","greens":"5","cheese":"5","preset_patty":"0","preset_greens":"0","preset_cheese":"0","difficulty":"3"}]}}