{"status":"success","data":{"planet":{"id":"120","name":"Cell Cloning","description":"How do you count multiples?","question_count":"10","badges":{"speed":"1","accuracy":"1","score_mul_base":"1","score_mul_accuracy":"1","score_mul_speed":"1"}},"status":{"star":2,"difficulty":3,"top_score":0},"planet_top_score":[],"questions":[{"id":"328026","answer":"5","option_rows":"3","option_columns":"5","option_boxes":"3","option_product":"15","difficulty":"3"},{"id":"328027","answer":"5","option_rows":"5","option_columns":"3","option_boxes":"3","option_product":"15","difficulty":"3"},{"id":"328018","answer":"3","option_rows":"3","option_columns":"3","option_boxes":"3","option_product":"9","difficulty":"3"},{"id":"328024","answer":"3","option_rows":"3","option_columns":"3","option_boxes":"3","option_product":"9","difficulty":"3"},{"id":"328028","answer":"2","option_rows":"3","option_columns":"2","option_boxes":"3","option_product":"6","difficulty":"3"},{"id":"328014","answer":"4","option_rows":"4","option_columns":"2","option_boxes":"2","option_product":"8","difficulty":"3"},{"id":"328022","answer":"4","option_rows":"3","option_columns":"4","option_boxes":"3","option_product":"12","difficulty":"3"},{"id":"328020","answer":"3","option_rows":"2","option_columns":"3","option_boxes":"2","option_product":"6","difficulty":"3"},{"id":"328021","answer":"2","option_rows":"2","option_columns":"3","option_boxes":"3","option_product":"6","difficulty":"3"},{"id":"328015","answer":"5","option_rows":"2","option_columns":"5","option_boxes":"2","option_product":"10","difficulty":"3"}]}}