{"status":"success","data":{"planet":{"id":"138","name":"Fraction Line","description":"Figure out fractions on the number line!","question_count":"10","badges":{"speed":"1","accuracy":"1","score_mul_base":"1","score_mul_accuracy":"1","score_mul_speed":"1"}},"status":{"star":5,"difficulty":5,"top_score":0},"planet_top_score":[],"questions":[{"id":"370320","question":"30\/20","option_from":"0","option_until_total":"20","answer":"15","ruler_type":"7","difficulty":"5"},{"id":"370310","question":"3\/2","option_from":"0","option_until_total":"20","answer":"15","ruler_type":"7","difficulty":"5"},{"id":"370321","question":"32\/20","option_from":"0","option_until_total":"20","answer":"16","ruler_type":"7","difficulty":"5"},{"id":"370324","question":"38\/20","option_from":"0","option_until_total":"20","answer":"19","ruler_type":"7","difficulty":"5"},{"id":"370311","question":"6\/4","option_from":"0","option_until_total":"20","answer":"15","ruler_type":"7","difficulty":"5"},{"id":"370318","question":"26\/20","option_from":"0","option_until_total":"20","answer":"13","ruler_type":"7","difficulty":"5"},{"id":"370323","question":"36\/20","option_from":"0","option_until_total":"20","answer":"18","ruler_type":"7","difficulty":"5"},{"id":"370314","question":"8\/5","option_from":"0","option_until_total":"20","answer":"16","ruler_type":"7","difficulty":"5"},{"id":"370315","question":"9\/5","option_from":"0","option_until_total":"20","answer":"18","ruler_type":"7","difficulty":"5"},{"id":"370312","question":"6\/5","option_from":"0","option_until_total":"20","answer":"12","ruler_type":"7","difficulty":"5"}]}}