{"status":"success","data":{"planet":{"id":"169","name":"Batteries +","description":"Add fractions with unlike denominators","question_count":"10","badges":{"speed":"1","accuracy":"1","score_mul_base":"1","score_mul_accuracy":"1","score_mul_speed":"1"}},"status":{"star":5,"difficulty":5,"top_score":0},"planet_top_score":[],"questions":[{"id":"325295","answer":"1\/2","op":"+","number1":"1\/6","number1_multiplier":"1","number2":"3\/9","number2_multiplier":"1","number3":null,"number3_multiplier":"0","answer_option_1":"4\/15","answer_option_2":"11\/18","answer_option_3":"1\/2","answer_option_4":"19\/54","difficulty":"5"},{"id":"325462","answer":"71\/72","op":"+","number1":"7\/8","number1_multiplier":"1","number2":"1\/9","number2_multiplier":"1","number3":null,"number3_multiplier":"0","answer_option_1":"8\/17","answer_option_2":"5\/24","answer_option_3":"71\/72","answer_option_4":"8\/9","difficulty":"5"},{"id":"325287","answer":"7\/24","op":"+","number1":"1\/6","number1_multiplier":"1","number2":"1\/8","number2_multiplier":"1","number3":null,"number3_multiplier":"0","answer_option_1":"1\/7","answer_option_2":"1\/3","answer_option_3":"7\/24","answer_option_4":"5\/7","difficulty":"5"},{"id":"325453","answer":"43\/56","op":"+","number1":"5\/8","number1_multiplier":"1","number2":"1\/7","number2_multiplier":"1","number3":null,"number3_multiplier":"0","answer_option_1":"2\/5","answer_option_2":"13\/56","answer_option_3":"43\/56","answer_option_4":"9\/14","difficulty":"5"},{"id":"325419","answer":"15\/28","op":"+","number1":"2\/8","number1_multiplier":"1","number2":"2\/7","number2_multiplier":"1","number3":null,"number3_multiplier":"0","answer_option_1":"4\/15","answer_option_2":"9\/28","answer_option_3":"15\/28","answer_option_4":"4\/7","difficulty":"5"},{"id":"325348","answer":"23\/63","op":"+","number1":"1\/7","number1_multiplier":"1","number2":"2\/9","number2_multiplier":"1","number3":null,"number3_multiplier":"0","answer_option_1":"3\/16","answer_option_2":"5\/21","answer_option_3":"23\/63","answer_option_4":"11\/63","difficulty":"5"},{"id":"325340","answer":"41\/42","op":"+","number1":"1\/7","number1_multiplier":"1","number2":"5\/6","number2_multiplier":"1","number3":null,"number3_multiplier":"0","answer_option_1":"6\/13","answer_option_2":"6\/7","answer_option_3":"41\/42","answer_option_4":"11\/42","difficulty":"5"},{"id":"325390","answer":"47\/56","op":"+","number1":"5\/7","number1_multiplier":"1","number2":"1\/8","number2_multiplier":"1","number3":null,"number3_multiplier":"0","answer_option_1":"6\/15","answer_option_2":"3\/14","answer_option_3":"47\/56","answer_option_4":"41\/56","difficulty":"5"},{"id":"325347","answer":"16\/63","op":"+","number1":"1\/7","number1_multiplier":"1","number2":"1\/9","number2_multiplier":"1","number3":null,"number3_multiplier":"0","answer_option_1":"1\/8","answer_option_2":"8\/63","answer_option_3":"16\/63","answer_option_4":"10\/63","difficulty":"5"},{"id":"325515","answer":"41\/72","op":"+","number1":"4\/9","number1_multiplier":"1","number2":"1\/8","number2_multiplier":"1","number3":null,"number3_multiplier":"0","answer_option_1":"5\/17","answer_option_2":"7\/12","answer_option_3":"41\/72","answer_option_4":"43\/72","difficulty":"5"}]}}