{"status":"success","data":{"planet":{"id":"169","name":"Batteries +","description":"Add fractions with unlike denominators","question_count":"10","badges":{"speed":"1","accuracy":"1","score_mul_base":"1","score_mul_accuracy":"1","score_mul_speed":"1"}},"status":{"star":5,"difficulty":5,"top_score":0},"planet_top_score":[],"questions":[{"id":"325386","answer":"43\/63","op":"+","number1":"4\/7","number1_multiplier":"1","number2":"1\/9","number2_multiplier":"1","number3":null,"number3_multiplier":"0","answer_option_1":"5\/16","answer_option_2":"11\/63","answer_option_3":"43\/63","answer_option_4":"37\/63","difficulty":"5"},{"id":"325525","answer":"29\/36","op":"+","number1":"5\/9","number1_multiplier":"1","number2":"2\/8","number2_multiplier":"1","number3":null,"number3_multiplier":"0","answer_option_1":"7\/17","answer_option_2":"5\/6","answer_option_3":"29\/36","answer_option_4":"31\/36","difficulty":"5"},{"id":"325475","answer":"13\/36","op":"+","number1":"1\/9","number1_multiplier":"1","number2":"2\/8","number2_multiplier":"1","number3":null,"number3_multiplier":"0","answer_option_1":"3\/17","answer_option_2":"19\/72","answer_option_3":"13\/36","answer_option_4":"5\/36","difficulty":"5"},{"id":"325517","answer":"59\/72","op":"+","number1":"4\/9","number1_multiplier":"1","number2":"3\/8","number2_multiplier":"1","number3":null,"number3_multiplier":"0","answer_option_1":"7\/17","answer_option_2":"5\/6","answer_option_3":"59\/72","answer_option_4":"61\/72","difficulty":"5"},{"id":"325474","answer":"17\/72","op":"+","number1":"1\/9","number1_multiplier":"1","number2":"1\/8","number2_multiplier":"1","number3":null,"number3_multiplier":"0","answer_option_1":"2\/17","answer_option_2":"5\/36","answer_option_3":"17\/72","answer_option_4":"11\/72","difficulty":"5"},{"id":"325317","answer":"13\/14","op":"+","number1":"3\/6","number1_multiplier":"1","number2":"3\/7","number2_multiplier":"1","number3":null,"number3_multiplier":"0","answer_option_1":"6\/13","answer_option_2":"25\/42","answer_option_3":"13\/14","answer_option_4":"1\/2","difficulty":"5"},{"id":"325346","answer":"25\/28","op":"+","number1":"1\/7","number1_multiplier":"1","number2":"6\/8","number2_multiplier":"1","number3":null,"number3_multiplier":"0","answer_option_1":"7\/15","answer_option_2":"43\/56","answer_option_3":"25\/28","answer_option_4":"1\/4","difficulty":"5"},{"id":"325425","answer":"7\/12","op":"+","number1":"2\/8","number1_multiplier":"1","number2":"3\/9","number2_multiplier":"1","number3":null,"number3_multiplier":"0","answer_option_1":"5\/17","answer_option_2":"13\/36","answer_option_3":"7\/12","answer_option_4":"7\/24","difficulty":"5"},{"id":"325306","answer":"17\/24","op":"+","number1":"2\/6","number1_multiplier":"1","number2":"3\/8","number2_multiplier":"1","number3":null,"number3_multiplier":"0","answer_option_1":"5\/14","answer_option_2":"19\/48","answer_option_3":"17\/24","answer_option_4":"5\/12","difficulty":"5"},{"id":"325382","answer":"19\/21","op":"+","number1":"4\/7","number1_multiplier":"1","number2":"2\/6","number2_multiplier":"1","number3":null,"number3_multiplier":"0","answer_option_1":"6\/13","answer_option_2":"13\/42","answer_option_3":"19\/21","answer_option_4":"13\/21","difficulty":"5"}]}}