{"status":"success","data":{"planet":{"id":"169","name":"Batteries +","description":"Add fractions with unlike denominators","question_count":"10","badges":{"speed":"1","accuracy":"1","score_mul_base":"1","score_mul_accuracy":"1","score_mul_speed":"1"}},"status":{"star":5,"difficulty":5,"top_score":0},"planet_top_score":[],"questions":[{"id":"325503","answer":"19\/21","op":"+","number1":"3\/9","number1_multiplier":"1","number2":"4\/7","number2_multiplier":"1","number3":null,"number3_multiplier":"0","answer_option_1":"7\/16","answer_option_2":"5\/16","answer_option_3":"19\/21","answer_option_4":"17\/21","difficulty":"5"},{"id":"325371","answer":"13\/14","op":"+","number1":"3\/7","number1_multiplier":"1","number2":"3\/6","number2_multiplier":"1","number3":null,"number3_multiplier":"0","answer_option_1":"6\/13","answer_option_2":"4\/7","answer_option_3":"13\/14","answer_option_4":"1\/2","difficulty":"5"},{"id":"325378","answer":"16\/21","op":"+","number1":"3\/7","number1_multiplier":"1","number2":"3\/9","number2_multiplier":"1","number3":null,"number3_multiplier":"0","answer_option_1":"3\/8","answer_option_2":"8\/21","answer_option_3":"16\/21","answer_option_4":"10\/21","difficulty":"5"},{"id":"325354","answer":"19\/42","op":"+","number1":"2\/7","number1_multiplier":"1","number2":"1\/6","number2_multiplier":"1","number3":null,"number3_multiplier":"0","answer_option_1":"3\/13","answer_option_2":"3\/14","answer_option_3":"19\/42","answer_option_4":"13\/42","difficulty":"5"},{"id":"325437","answer":"43\/72","op":"+","number1":"3\/8","number1_multiplier":"1","number2":"2\/9","number2_multiplier":"1","number3":null,"number3_multiplier":"0","answer_option_1":"5\/17","answer_option_2":"19\/72","answer_option_3":"43\/72","answer_option_4":"29\/72","difficulty":"5"},{"id":"325455","answer":"53\/72","op":"+","number1":"5\/8","number1_multiplier":"1","number2":"1\/9","number2_multiplier":"1","number3":null,"number3_multiplier":"0","answer_option_1":"6\/17","answer_option_2":"13\/72","answer_option_3":"53\/72","answer_option_4":"23\/36","difficulty":"5"},{"id":"325522","answer":"53\/63","op":"+","number1":"5\/9","number1_multiplier":"1","number2":"2\/7","number2_multiplier":"1","number3":null,"number3_multiplier":"0","answer_option_1":"7\/16","answer_option_2":"6\/7","answer_option_3":"53\/63","answer_option_4":"55\/63","difficulty":"5"},{"id":"325452","answer":"11\/12","op":"+","number1":"5\/8","number1_multiplier":"1","number2":"2\/6","number2_multiplier":"1","number3":null,"number3_multiplier":"0","answer_option_1":"1\/2","answer_option_2":"7\/16","answer_option_3":"11\/12","answer_option_4":"2\/3","difficulty":"5"},{"id":"325317","answer":"13\/14","op":"+","number1":"3\/6","number1_multiplier":"1","number2":"3\/7","number2_multiplier":"1","number3":null,"number3_multiplier":"0","answer_option_1":"6\/13","answer_option_2":"25\/42","answer_option_3":"13\/14","answer_option_4":"1\/2","difficulty":"5"},{"id":"325389","answer":"37\/42","op":"+","number1":"5\/7","number1_multiplier":"1","number2":"1\/6","number2_multiplier":"1","number3":null,"number3_multiplier":"0","answer_option_1":"6\/13","answer_option_2":"17\/21","answer_option_3":"37\/42","answer_option_4":"31\/42","difficulty":"5"}]}}