{"status":"success","data":{"planet":{"id":"169","name":"Batteries +","description":"Add fractions with unlike denominators","question_count":"10","badges":{"speed":"1","accuracy":"1","score_mul_base":"1","score_mul_accuracy":"1","score_mul_speed":"1"}},"status":{"star":5,"difficulty":5,"top_score":0},"planet_top_score":[],"questions":[{"id":"325433","answer":"37\/56","op":"+","number1":"3\/8","number1_multiplier":"1","number2":"2\/7","number2_multiplier":"1","number3":null,"number3_multiplier":"0","answer_option_1":"1\/3","answer_option_2":"19\/56","answer_option_3":"37\/56","answer_option_4":"23\/56","difficulty":"5"},{"id":"325452","answer":"11\/12","op":"+","number1":"5\/8","number1_multiplier":"1","number2":"2\/6","number2_multiplier":"1","number3":null,"number3_multiplier":"0","answer_option_1":"1\/2","answer_option_2":"7\/16","answer_option_3":"11\/12","answer_option_4":"2\/3","difficulty":"5"},{"id":"325292","answer":"11\/12","op":"+","number1":"1\/6","number1_multiplier":"1","number2":"6\/8","number2_multiplier":"1","number3":null,"number3_multiplier":"0","answer_option_1":"1\/2","answer_option_2":"3\/4","answer_option_3":"11\/12","answer_option_4":"37\/48","difficulty":"5"},{"id":"325419","answer":"15\/28","op":"+","number1":"2\/8","number1_multiplier":"1","number2":"2\/7","number2_multiplier":"1","number3":null,"number3_multiplier":"0","answer_option_1":"4\/15","answer_option_2":"9\/28","answer_option_3":"15\/28","answer_option_4":"4\/7","difficulty":"5"},{"id":"325323","answer":"13\/18","op":"+","number1":"3\/6","number1_multiplier":"1","number2":"2\/9","number2_multiplier":"1","number3":null,"number3_multiplier":"0","answer_option_1":"1\/3","answer_option_2":"5\/18","answer_option_3":"13\/18","answer_option_4":"29\/54","difficulty":"5"},{"id":"325515","answer":"41\/72","op":"+","number1":"4\/9","number1_multiplier":"1","number2":"1\/8","number2_multiplier":"1","number3":null,"number3_multiplier":"0","answer_option_1":"5\/17","answer_option_2":"7\/12","answer_option_3":"41\/72","answer_option_4":"43\/72","difficulty":"5"},{"id":"325322","answer":"11\/18","op":"+","number1":"3\/6","number1_multiplier":"1","number2":"1\/9","number2_multiplier":"1","number3":null,"number3_multiplier":"0","answer_option_1":"4\/15","answer_option_2":"14\/27","answer_option_3":"11\/18","answer_option_4":"16\/27","difficulty":"5"},{"id":"325378","answer":"16\/21","op":"+","number1":"3\/7","number1_multiplier":"1","number2":"3\/9","number2_multiplier":"1","number3":null,"number3_multiplier":"0","answer_option_1":"3\/8","answer_option_2":"8\/21","answer_option_3":"16\/21","answer_option_4":"10\/21","difficulty":"5"},{"id":"325334","answer":"23\/24","op":"+","number1":"5\/6","number1_multiplier":"1","number2":"1\/8","number2_multiplier":"1","number3":null,"number3_multiplier":"0","answer_option_1":"3\/7","answer_option_2":"41\/48","answer_option_3":"23\/24","answer_option_4":"11\/48","difficulty":"5"},{"id":"325534","answer":"58\/63","op":"+","number1":"7\/9","number1_multiplier":"1","number2":"1\/7","number2_multiplier":"1","number3":null,"number3_multiplier":"0","answer_option_1":"1\/2","answer_option_2":"55\/63","answer_option_3":"58\/63","answer_option_4":"1\/8","difficulty":"5"}]}}