{"status":"success","data":{"planet":{"id":"169","name":"Batteries +","description":"Add fractions with unlike denominators","question_count":"10","badges":{"speed":"1","accuracy":"1","score_mul_base":"1","score_mul_accuracy":"1","score_mul_speed":"1"}},"status":{"star":5,"difficulty":5,"top_score":0},"planet_top_score":[],"questions":[{"id":"325310","answer":"5\/9","op":"+","number1":"2\/6","number1_multiplier":"1","number2":"2\/9","number2_multiplier":"1","number3":null,"number3_multiplier":"0","answer_option_1":"4\/15","answer_option_2":"10\/27","answer_option_3":"5\/9","answer_option_4":"7\/27","difficulty":"5"},{"id":"325476","answer":"35\/72","op":"+","number1":"1\/9","number1_multiplier":"1","number2":"3\/8","number2_multiplier":"1","number3":null,"number3_multiplier":"0","answer_option_1":"4\/17","answer_option_2":"7\/18","answer_option_3":"35\/72","answer_option_4":"11\/72","difficulty":"5"},{"id":"325370","answer":"16\/21","op":"+","number1":"3\/7","number1_multiplier":"1","number2":"2\/6","number2_multiplier":"1","number3":null,"number3_multiplier":"0","answer_option_1":"5\/13","answer_option_2":"17\/42","answer_option_3":"16\/21","answer_option_4":"5\/21","difficulty":"5"},{"id":"325455","answer":"53\/72","op":"+","number1":"5\/8","number1_multiplier":"1","number2":"1\/9","number2_multiplier":"1","number3":null,"number3_multiplier":"0","answer_option_1":"6\/17","answer_option_2":"13\/72","answer_option_3":"53\/72","answer_option_4":"23\/36","difficulty":"5"},{"id":"325337","answer":"10\/21","op":"+","number1":"1\/7","number1_multiplier":"1","number2":"2\/6","number2_multiplier":"1","number3":null,"number3_multiplier":"0","answer_option_1":"3\/13","answer_option_2":"5\/14","answer_option_3":"10\/21","answer_option_4":"4\/21","difficulty":"5"},{"id":"325292","answer":"11\/12","op":"+","number1":"1\/6","number1_multiplier":"1","number2":"6\/8","number2_multiplier":"1","number3":null,"number3_multiplier":"0","answer_option_1":"1\/2","answer_option_2":"3\/4","answer_option_3":"11\/12","answer_option_4":"37\/48","difficulty":"5"},{"id":"325419","answer":"15\/28","op":"+","number1":"2\/8","number1_multiplier":"1","number2":"2\/7","number2_multiplier":"1","number3":null,"number3_multiplier":"0","answer_option_1":"4\/15","answer_option_2":"9\/28","answer_option_3":"15\/28","answer_option_4":"4\/7","difficulty":"5"},{"id":"325373","answer":"19\/28","op":"+","number1":"3\/7","number1_multiplier":"1","number2":"2\/8","number2_multiplier":"1","number3":null,"number3_multiplier":"0","answer_option_1":"1\/3","answer_option_2":"13\/28","answer_option_3":"19\/28","answer_option_4":"17\/56","difficulty":"5"},{"id":"325425","answer":"7\/12","op":"+","number1":"2\/8","number1_multiplier":"1","number2":"3\/9","number2_multiplier":"1","number3":null,"number3_multiplier":"0","answer_option_1":"5\/17","answer_option_2":"13\/36","answer_option_3":"7\/12","answer_option_4":"7\/24","difficulty":"5"},{"id":"325532","answer":"11\/12","op":"+","number1":"6\/9","number1_multiplier":"1","number2":"2\/8","number2_multiplier":"1","number3":null,"number3_multiplier":"0","answer_option_1":"8\/17","answer_option_2":"3\/4","answer_option_3":"11\/12","answer_option_4":"5\/6","difficulty":"5"}]}}