{"status":"success","data":{"planet":{"id":"157","name":"Space Taxi","description":"What makes the number?","question_count":"10","badges":{"speed":"1","accuracy":"1","score_mul_base":"1","score_mul_accuracy":"1","score_mul_speed":"1"}},"status":{"star":3,"difficulty":4,"top_score":0},"planet_top_score":[],"questions":[{"id":"1127","question":"9","answer_option_1":"1","answer_option_2":"4","answer_option_3":"4","answer_option_4":"2","answer_option_5":"3","answer_option_6":"","fixed_num":"0","difficulty":"4"},{"id":"1128","question":"9","answer_option_1":"2","answer_option_2":"2","answer_option_3":"5","answer_option_4":"3","answer_option_5":"5","answer_option_6":"","fixed_num":"0","difficulty":"4"},{"id":"1133","question":"10","answer_option_1":"1","answer_option_2":"4","answer_option_3":"5","answer_option_4":"2","answer_option_5":"7","answer_option_6":"","fixed_num":"0","difficulty":"4"},{"id":"1123","question":"7","answer_option_1":"2","answer_option_2":"2","answer_option_3":"3","answer_option_4":"1","answer_option_5":"8","answer_option_6":"","fixed_num":"0","difficulty":"4"},{"id":"1137","question":"10","answer_option_1":"3","answer_option_2":"3","answer_option_3":"4","answer_option_4":"5","answer_option_5":"8","answer_option_6":"","fixed_num":"0","difficulty":"4"},{"id":"1122","question":"10","answer_option_1":"3","answer_option_2":"3","answer_option_3":"4","answer_option_4":"2","answer_option_5":"","answer_option_6":"","fixed_num":"0","difficulty":"4"},{"id":"1130","question":"9","answer_option_1":"3","answer_option_2":"3","answer_option_3":"3","answer_option_4":"5","answer_option_5":"7","answer_option_6":"","fixed_num":"0","difficulty":"4"},{"id":"1129","question":"9","answer_option_1":"2","answer_option_2":"3","answer_option_3":"4","answer_option_4":"3","answer_option_5":"8","answer_option_6":"","fixed_num":"0","difficulty":"4"},{"id":"1135","question":"10","answer_option_1":"2","answer_option_2":"3","answer_option_3":"5","answer_option_4":"4","answer_option_5":"9","answer_option_6":"","fixed_num":"0","difficulty":"4"},{"id":"1125","question":"9","answer_option_1":"1","answer_option_2":"2","answer_option_3":"6","answer_option_4":"1","answer_option_5":"4","answer_option_6":"","fixed_num":"0","difficulty":"4"}]}}