{"status":"success","data":{"planet":{"id":"138","name":"Fraction Line","description":"Figure out fractions on the number line!","question_count":"10","badges":{"speed":"1","accuracy":"1","score_mul_base":"1","score_mul_accuracy":"1","score_mul_speed":"1"}},"status":{"star":0,"difficulty":1,"top_score":0},"planet_top_score":[],"questions":[{"id":"370257","question":"7\/10","option_from":"0","option_until_total":"10","answer":"7","ruler_type":"5","difficulty":"1"},{"id":"370252","question":"2\/10","option_from":"0","option_until_total":"10","answer":"2","ruler_type":"5","difficulty":"1"},{"id":"370254","question":"4\/10","option_from":"0","option_until_total":"10","answer":"4","ruler_type":"5","difficulty":"1"},{"id":"370251","question":"1\/10","option_from":"0","option_until_total":"10","answer":"1","ruler_type":"5","difficulty":"1"},{"id":"370255","question":"5\/10","option_from":"0","option_until_total":"10","answer":"5","ruler_type":"5","difficulty":"1"},{"id":"370258","question":"8\/10","option_from":"0","option_until_total":"10","answer":"8","ruler_type":"5","difficulty":"1"},{"id":"370256","question":"6\/10","option_from":"0","option_until_total":"10","answer":"6","ruler_type":"5","difficulty":"1"},{"id":"370259","question":"9\/10","option_from":"0","option_until_total":"10","answer":"9","ruler_type":"5","difficulty":"1"},{"id":"370253","question":"3\/10","option_from":"0","option_until_total":"10","answer":"3","ruler_type":"5","difficulty":"1"}]}}