{"status":"success","data":{"planet":{"id":"140","name":"Gears! Fractions \u00b1","description":"Comparing fractions with addition and subtraction","question_count":"10","badges":{"speed":"1","accuracy":"1","score_mul_base":"1","score_mul_accuracy":"1","score_mul_speed":"1"}},"status":{"star":3,"difficulty":4,"top_score":0},"planet_top_score":[],"questions":[{"id":"369421","difficulty":"4","questions":{"left_question_1":"8\/18","left_question_2":"-","left_question_3":"5\/13","right_question_1":"4\/17","right_question_2":"","right_question_3":""},"answers":{"answer":"<"}},{"id":"369443","difficulty":"4","questions":{"left_question_1":"5\/11","left_question_2":"-","left_question_3":"6\/19","right_question_1":"2\/18","right_question_2":"","right_question_3":""},"answers":{"answer":">"}},{"id":"369411","difficulty":"4","questions":{"left_question_1":"4\/12","left_question_2":"-","left_question_3":"2\/13","right_question_1":"5\/13","right_question_2":"","right_question_3":""},"answers":{"answer":"<"}},{"id":"369428","difficulty":"4","questions":{"left_question_1":"5\/12","left_question_2":"-","left_question_3":"7\/17","right_question_1":"4\/20","right_question_2":"","right_question_3":""},"answers":{"answer":"<"}},{"id":"369412","difficulty":"4","questions":{"left_question_1":"7\/14","left_question_2":"-","left_question_3":"1\/19","right_question_1":"3\/13","right_question_2":"","right_question_3":""},"answers":{"answer":">"}},{"id":"369402","difficulty":"4","questions":{"left_question_1":"7\/14","left_question_2":"-","left_question_3":"7\/18","right_question_1":"6\/10","right_question_2":"","right_question_3":""},"answers":{"answer":"<"}},{"id":"369429","difficulty":"4","questions":{"left_question_1":"3\/15","left_question_2":"-","left_question_3":"1\/16","right_question_1":"1\/17","right_question_2":"","right_question_3":""},"answers":{"answer":">"}},{"id":"369409","difficulty":"4","questions":{"left_question_1":"6\/12","left_question_2":"-","left_question_3":"4\/13","right_question_1":"3\/19","right_question_2":"","right_question_3":""},"answers":{"answer":">"}},{"id":"369445","difficulty":"4","questions":{"left_question_1":"7\/18","left_question_2":"-","left_question_3":"1\/16","right_question_1":"2\/12","right_question_2":"","right_question_3":""},"answers":{"answer":">"}},{"id":"369438","difficulty":"4","questions":{"left_question_1":"8\/11","left_question_2":"-","left_question_3":"3\/16","right_question_1":"2\/15","right_question_2":"","right_question_3":""},"answers":{"answer":">"}}]}}