{"status":"success","data":{"planet":{"id":"140","name":"Gears! Fractions \u00b1","description":"Comparing fractions with addition and subtraction","question_count":"10","badges":{"speed":"1","accuracy":"1","score_mul_base":"1","score_mul_accuracy":"1","score_mul_speed":"1"}},"status":{"star":3,"difficulty":4,"top_score":0},"planet_top_score":[],"questions":[{"id":"369409","difficulty":"4","questions":{"left_question_1":"6\/12","left_question_2":"-","left_question_3":"4\/13","right_question_1":"3\/19","right_question_2":"","right_question_3":""},"answers":{"answer":">"}},{"id":"369439","difficulty":"4","questions":{"left_question_1":"8\/14","left_question_2":"-","left_question_3":"8\/19","right_question_1":"4\/16","right_question_2":"","right_question_3":""},"answers":{"answer":"<"}},{"id":"369450","difficulty":"4","questions":{"left_question_1":"4\/11","left_question_2":"-","left_question_3":"1\/16","right_question_1":"6\/15","right_question_2":"","right_question_3":""},"answers":{"answer":"<"}},{"id":"369446","difficulty":"4","questions":{"left_question_1":"4\/10","left_question_2":"-","left_question_3":"7\/20","right_question_1":"6\/17","right_question_2":"","right_question_3":""},"answers":{"answer":"<"}},{"id":"369401","difficulty":"4","questions":{"left_question_1":"8\/14","left_question_2":"-","left_question_3":"7\/13","right_question_1":"3\/20","right_question_2":"","right_question_3":""},"answers":{"answer":"<"}},{"id":"369437","difficulty":"4","questions":{"left_question_1":"6\/17","left_question_2":"-","left_question_3":"1\/10","right_question_1":"5\/12","right_question_2":"","right_question_3":""},"answers":{"answer":"<"}},{"id":"369403","difficulty":"4","questions":{"left_question_1":"6\/12","left_question_2":"-","left_question_3":"3\/18","right_question_1":"7\/15","right_question_2":"","right_question_3":""},"answers":{"answer":"<"}},{"id":"369434","difficulty":"4","questions":{"left_question_1":"4\/17","left_question_2":"-","left_question_3":"2\/19","right_question_1":"2\/13","right_question_2":"","right_question_3":""},"answers":{"answer":"<"}},{"id":"369425","difficulty":"4","questions":{"left_question_1":"3\/11","left_question_2":"-","left_question_3":"4\/15","right_question_1":"5\/20","right_question_2":"","right_question_3":""},"answers":{"answer":"<"}},{"id":"369421","difficulty":"4","questions":{"left_question_1":"8\/18","left_question_2":"-","left_question_3":"5\/13","right_question_1":"4\/17","right_question_2":"","right_question_3":""},"answers":{"answer":"<"}}]}}