{"status":"success","data":{"planet":{"id":"140","name":"Gears! Fractions \u00b1","description":"Comparing fractions with addition and subtraction","question_count":"10","badges":{"speed":"1","accuracy":"1","score_mul_base":"1","score_mul_accuracy":"1","score_mul_speed":"1"}},"status":{"star":3,"difficulty":4,"top_score":0},"planet_top_score":[],"questions":[{"id":"369444","difficulty":"4","questions":{"left_question_1":"7\/11","left_question_2":"-","left_question_3":"4\/19","right_question_1":"6\/10","right_question_2":"","right_question_3":""},"answers":{"answer":"<"}},{"id":"369414","difficulty":"4","questions":{"left_question_1":"4\/20","left_question_2":"-","left_question_3":"1\/10","right_question_1":"7\/15","right_question_2":"","right_question_3":""},"answers":{"answer":"<"}},{"id":"369433","difficulty":"4","questions":{"left_question_1":"4\/14","left_question_2":"-","left_question_3":"2\/19","right_question_1":"2\/10","right_question_2":"","right_question_3":""},"answers":{"answer":"<"}},{"id":"369432","difficulty":"4","questions":{"left_question_1":"4\/12","left_question_2":"-","left_question_3":"3\/10","right_question_1":"5\/11","right_question_2":"","right_question_3":""},"answers":{"answer":"<"}},{"id":"369430","difficulty":"4","questions":{"left_question_1":"5\/18","left_question_2":"-","left_question_3":"3\/19","right_question_1":"8\/13","right_question_2":"","right_question_3":""},"answers":{"answer":"<"}},{"id":"369423","difficulty":"4","questions":{"left_question_1":"3\/10","left_question_2":"-","left_question_3":"3\/16","right_question_1":"2\/20","right_question_2":"","right_question_3":""},"answers":{"answer":">"}},{"id":"369446","difficulty":"4","questions":{"left_question_1":"4\/10","left_question_2":"-","left_question_3":"7\/20","right_question_1":"6\/17","right_question_2":"","right_question_3":""},"answers":{"answer":"<"}},{"id":"369412","difficulty":"4","questions":{"left_question_1":"7\/14","left_question_2":"-","left_question_3":"1\/19","right_question_1":"3\/13","right_question_2":"","right_question_3":""},"answers":{"answer":">"}},{"id":"369422","difficulty":"4","questions":{"left_question_1":"7\/10","left_question_2":"-","left_question_3":"5\/19","right_question_1":"8\/16","right_question_2":"","right_question_3":""},"answers":{"answer":"<"}},{"id":"369418","difficulty":"4","questions":{"left_question_1":"7\/18","left_question_2":"-","left_question_3":"5\/19","right_question_1":"4\/17","right_question_2":"","right_question_3":""},"answers":{"answer":"<"}}]}}