{"status":"success","data":{"planet":{"id":"140","name":"Gears! Fractions \u00b1","description":"Comparing fractions with addition and subtraction","question_count":"10","badges":{"speed":"1","accuracy":"1","score_mul_base":"1","score_mul_accuracy":"1","score_mul_speed":"1"}},"status":{"star":3,"difficulty":4,"top_score":0},"planet_top_score":[],"questions":[{"id":"369407","difficulty":"4","questions":{"left_question_1":"6\/16","left_question_2":"-","left_question_3":"3\/14","right_question_1":"3\/20","right_question_2":"","right_question_3":""},"answers":{"answer":">"}},{"id":"369444","difficulty":"4","questions":{"left_question_1":"7\/11","left_question_2":"-","left_question_3":"4\/19","right_question_1":"6\/10","right_question_2":"","right_question_3":""},"answers":{"answer":"<"}},{"id":"369428","difficulty":"4","questions":{"left_question_1":"5\/12","left_question_2":"-","left_question_3":"7\/17","right_question_1":"4\/20","right_question_2":"","right_question_3":""},"answers":{"answer":"<"}},{"id":"369433","difficulty":"4","questions":{"left_question_1":"4\/14","left_question_2":"-","left_question_3":"2\/19","right_question_1":"2\/10","right_question_2":"","right_question_3":""},"answers":{"answer":"<"}},{"id":"369403","difficulty":"4","questions":{"left_question_1":"6\/12","left_question_2":"-","left_question_3":"3\/18","right_question_1":"7\/15","right_question_2":"","right_question_3":""},"answers":{"answer":"<"}},{"id":"369437","difficulty":"4","questions":{"left_question_1":"6\/17","left_question_2":"-","left_question_3":"1\/10","right_question_1":"5\/12","right_question_2":"","right_question_3":""},"answers":{"answer":"<"}},{"id":"369436","difficulty":"4","questions":{"left_question_1":"3\/11","left_question_2":"-","left_question_3":"4\/16","right_question_1":"3\/20","right_question_2":"","right_question_3":""},"answers":{"answer":"<"}},{"id":"369449","difficulty":"4","questions":{"left_question_1":"7\/12","left_question_2":"-","left_question_3":"4\/18","right_question_1":"8\/16","right_question_2":"","right_question_3":""},"answers":{"answer":"<"}},{"id":"369425","difficulty":"4","questions":{"left_question_1":"3\/11","left_question_2":"-","left_question_3":"4\/15","right_question_1":"5\/20","right_question_2":"","right_question_3":""},"answers":{"answer":"<"}},{"id":"369431","difficulty":"4","questions":{"left_question_1":"7\/13","left_question_2":"-","left_question_3":"4\/20","right_question_1":"8\/17","right_question_2":"","right_question_3":""},"answers":{"answer":"<"}}]}}