{"status":"success","data":{"planet":{"id":"175","name":"Busy Burger Builder","description":"Quickly build to proportion with 3 ingredients","question_count":"10","badges":{"speed":"1","accuracy":"1","score_mul_base":"1","score_mul_accuracy":"1","score_mul_speed":"1"}},"status":{"star":3,"difficulty":4,"top_score":0},"planet_top_score":[],"questions":[{"id":"338867","patty":"4","greens":"9","cheese":"3","preset_patty":"0","preset_greens":"0","preset_cheese":"0","difficulty":"4"},{"id":"338938","patty":"8","greens":"2","cheese":"2","preset_patty":"0","preset_greens":"0","preset_cheese":"0","difficulty":"4"},{"id":"338885","patty":"6","greens":"1","cheese":"4","preset_patty":"0","preset_greens":"0","preset_cheese":"0","difficulty":"4"},{"id":"338766","patty":"3","greens":"4","cheese":"9","preset_patty":"0","preset_greens":"0","preset_cheese":"0","difficulty":"4"},{"id":"338813","patty":"1","greens":"8","cheese":"5","preset_patty":"0","preset_greens":"0","preset_cheese":"0","difficulty":"4"},{"id":"338890","patty":"6","greens":"5","cheese":"1","preset_patty":"0","preset_greens":"0","preset_cheese":"0","difficulty":"4"},{"id":"338969","patty":"9","greens":"5","cheese":"5","preset_patty":"0","preset_greens":"0","preset_cheese":"0","difficulty":"4"},{"id":"338716","patty":"1","greens":"4","cheese":"6","preset_patty":"0","preset_greens":"0","preset_cheese":"0","difficulty":"4"},{"id":"338710","patty":"1","greens":"1","cheese":"6","preset_patty":"0","preset_greens":"0","preset_cheese":"0","difficulty":"4"},{"id":"338907","patty":"6","greens":"5","cheese":"3","preset_patty":"0","preset_greens":"0","preset_cheese":"0","difficulty":"4"}]}}