{"status":"success","data":{"planet":{"id":"175","name":"Busy Burger Builder","description":"Quickly build to proportion with 3 ingredients","question_count":"10","badges":{"speed":"1","accuracy":"1","score_mul_base":"1","score_mul_accuracy":"1","score_mul_speed":"1"}},"status":{"star":3,"difficulty":4,"top_score":0},"planet_top_score":[],"questions":[{"id":"338927","patty":"7","greens":"3","cheese":"3","preset_patty":"0","preset_greens":"0","preset_cheese":"0","difficulty":"4"},{"id":"338890","patty":"6","greens":"5","cheese":"1","preset_patty":"0","preset_greens":"0","preset_cheese":"0","difficulty":"4"},{"id":"338857","patty":"3","greens":"9","cheese":"5","preset_patty":"0","preset_greens":"0","preset_cheese":"0","difficulty":"4"},{"id":"338885","patty":"6","greens":"1","cheese":"4","preset_patty":"0","preset_greens":"0","preset_cheese":"0","difficulty":"4"},{"id":"338910","patty":"7","greens":"1","cheese":"2","preset_patty":"0","preset_greens":"0","preset_cheese":"0","difficulty":"4"},{"id":"338786","patty":"5","greens":"3","cheese":"8","preset_patty":"0","preset_greens":"0","preset_cheese":"0","difficulty":"4"},{"id":"338764","patty":"3","greens":"4","cheese":"7","preset_patty":"0","preset_greens":"0","preset_cheese":"0","difficulty":"4"},{"id":"338906","patty":"6","greens":"5","cheese":"2","preset_patty":"0","preset_greens":"0","preset_cheese":"0","difficulty":"4"},{"id":"338955","patty":"9","greens":"2","cheese":"3","preset_patty":"0","preset_greens":"0","preset_cheese":"0","difficulty":"4"},{"id":"338911","patty":"7","greens":"1","cheese":"3","preset_patty":"0","preset_greens":"0","preset_cheese":"0","difficulty":"4"}]}}