{"status":"success","data":{"planet":{"id":"175","name":"Busy Burger Builder","description":"Quickly build to proportion with 3 ingredients","question_count":"10","badges":{"speed":"1","accuracy":"1","score_mul_base":"1","score_mul_accuracy":"1","score_mul_speed":"1"}},"status":{"star":3,"difficulty":4,"top_score":0},"planet_top_score":[],"questions":[{"id":"338827","patty":"4","greens":"6","cheese":"3","preset_patty":"0","preset_greens":"0","preset_cheese":"0","difficulty":"4"},{"id":"338710","patty":"1","greens":"1","cheese":"6","preset_patty":"0","preset_greens":"0","preset_cheese":"0","difficulty":"4"},{"id":"338906","patty":"6","greens":"5","cheese":"2","preset_patty":"0","preset_greens":"0","preset_cheese":"0","difficulty":"4"},{"id":"338759","patty":"3","greens":"2","cheese":"8","preset_patty":"0","preset_greens":"0","preset_cheese":"0","difficulty":"4"},{"id":"338940","patty":"8","greens":"2","cheese":"4","preset_patty":"0","preset_greens":"0","preset_cheese":"0","difficulty":"4"},{"id":"338731","patty":"1","greens":"5","cheese":"7","preset_patty":"0","preset_greens":"0","preset_cheese":"0","difficulty":"4"},{"id":"338713","patty":"1","greens":"1","cheese":"9","preset_patty":"0","preset_greens":"0","preset_cheese":"0","difficulty":"4"},{"id":"338952","patty":"8","greens":"5","cheese":"4","preset_patty":"0","preset_greens":"0","preset_cheese":"0","difficulty":"4"},{"id":"338845","patty":"2","greens":"9","cheese":"5","preset_patty":"0","preset_greens":"0","preset_cheese":"0","difficulty":"4"},{"id":"338920","patty":"9","greens":"1","cheese":"4","preset_patty":"0","preset_greens":"0","preset_cheese":"0","difficulty":"4"}]}}