{"status":"success","data":{"planet":{"id":"175","name":"Busy Burger Builder","description":"Quickly build to proportion with 3 ingredients","question_count":"10","badges":{"speed":"1","accuracy":"1","score_mul_base":"1","score_mul_accuracy":"1","score_mul_speed":"1"}},"status":{"star":3,"difficulty":4,"top_score":0},"planet_top_score":[],"questions":[{"id":"338845","patty":"2","greens":"9","cheese":"5","preset_patty":"0","preset_greens":"0","preset_cheese":"0","difficulty":"4"},{"id":"338729","patty":"1","greens":"4","cheese":"8","preset_patty":"0","preset_greens":"0","preset_cheese":"0","difficulty":"4"},{"id":"338760","patty":"3","greens":"2","cheese":"9","preset_patty":"0","preset_greens":"0","preset_cheese":"0","difficulty":"4"},{"id":"338959","patty":"9","greens":"3","cheese":"3","preset_patty":"0","preset_greens":"0","preset_cheese":"0","difficulty":"4"},{"id":"338892","patty":"8","greens":"1","cheese":"1","preset_patty":"0","preset_greens":"0","preset_cheese":"0","difficulty":"4"},{"id":"338969","patty":"9","greens":"5","cheese":"5","preset_patty":"0","preset_greens":"0","preset_cheese":"0","difficulty":"4"},{"id":"338963","patty":"9","greens":"4","cheese":"3","preset_patty":"0","preset_greens":"0","preset_cheese":"0","difficulty":"4"},{"id":"338940","patty":"8","greens":"2","cheese":"4","preset_patty":"0","preset_greens":"0","preset_cheese":"0","difficulty":"4"},{"id":"338880","patty":"5","greens":"9","cheese":"4","preset_patty":"0","preset_greens":"0","preset_cheese":"0","difficulty":"4"},{"id":"338960","patty":"9","greens":"3","cheese":"4","preset_patty":"0","preset_greens":"0","preset_cheese":"0","difficulty":"4"}]}}