{"status":"success","data":{"planet":{"id":"175","name":"Busy Burger Builder","description":"Quickly build to proportion with 3 ingredients","question_count":"10","badges":{"speed":"1","accuracy":"1","score_mul_base":"1","score_mul_accuracy":"1","score_mul_speed":"1"}},"status":{"star":5,"difficulty":5,"top_score":0},"planet_top_score":[],"questions":[{"id":"339017","patty":"8","greens":"7","cheese":"9","preset_patty":"0","preset_greens":"0","preset_cheese":"0","difficulty":"5"},{"id":"338985","patty":"7","greens":"6","cheese":"7","preset_patty":"0","preset_greens":"0","preset_cheese":"0","difficulty":"5"},{"id":"338982","patty":"6","greens":"5","cheese":"7","preset_patty":"0","preset_greens":"0","preset_cheese":"0","difficulty":"5"},{"id":"339010","patty":"7","greens":"9","cheese":"9","preset_patty":"0","preset_greens":"0","preset_cheese":"0","difficulty":"5"},{"id":"338992","patty":"8","greens":"6","cheese":"5","preset_patty":"0","preset_greens":"0","preset_cheese":"0","difficulty":"5"},{"id":"339035","patty":"9","greens":"8","cheese":"8","preset_patty":"0","preset_greens":"0","preset_cheese":"0","difficulty":"5"},{"id":"339003","patty":"7","greens":"7","cheese":"5","preset_patty":"0","preset_greens":"0","preset_cheese":"0","difficulty":"5"},{"id":"338990","patty":"8","greens":"6","cheese":"8","preset_patty":"0","preset_greens":"0","preset_cheese":"0","difficulty":"5"},{"id":"338988","patty":"7","greens":"6","cheese":"5","preset_patty":"0","preset_greens":"0","preset_cheese":"0","difficulty":"5"},{"id":"339014","patty":"7","greens":"5","cheese":"9","preset_patty":"0","preset_greens":"0","preset_cheese":"0","difficulty":"5"}]}}