{"status":"success","data":{"planet":{"id":"502","name":"Sushi Shape","description":"Recognize shapes by pattern","question_count":"10","badges":{"speed":"1","accuracy":"1","score_mul_base":"1","score_mul_accuracy":"1","score_mul_speed":"1"}},"status":{"star":1,"difficulty":2,"top_score":0},"planet_top_score":[],"questions":[{"id":"333025","question":"s","difficulty":"2","questions":{"angle3":"0","angle4":"0","angle5":"0","angle6":"0"},"answers":{"angle3":"0","angle4":"0","angle5":"0","angle6":"0"}},{"id":"333022","question":"r","difficulty":"2","questions":{"angle3":"0","angle4":"0","angle5":"0","angle6":"0"},"answers":{"angle3":"0","angle4":"0","angle5":"0","angle6":"0"}},{"id":"333003","question":"s","difficulty":"2","questions":{"angle3":"0","angle4":"0","angle5":"0","angle6":"0"},"answers":{"angle3":"0","angle4":"0","angle5":"0","angle6":"0"}},{"id":"333004","question":"r","difficulty":"2","questions":{"angle3":"0","angle4":"0","angle5":"0","angle6":"0"},"answers":{"angle3":"0","angle4":"0","angle5":"0","angle6":"0"}},{"id":"333024","question":"r","difficulty":"2","questions":{"angle3":"0","angle4":"0","angle5":"0","angle6":"0"},"answers":{"angle3":"0","angle4":"0","angle5":"0","angle6":"0"}},{"id":"333028","question":"r","difficulty":"2","questions":{"angle3":"0","angle4":"0","angle5":"0","angle6":"0"},"answers":{"angle3":"0","angle4":"0","angle5":"0","angle6":"0"}},{"id":"333026","question":"r","difficulty":"2","questions":{"angle3":"0","angle4":"0","angle5":"0","angle6":"0"},"answers":{"angle3":"0","angle4":"0","angle5":"0","angle6":"0"}},{"id":"333021","question":"s","difficulty":"2","questions":{"angle3":"0","angle4":"0","angle5":"0","angle6":"0"},"answers":{"angle3":"0","angle4":"0","angle5":"0","angle6":"0"}},{"id":"333027","question":"s","difficulty":"2","questions":{"angle3":"0","angle4":"0","angle5":"0","angle6":"0"},"answers":{"angle3":"0","angle4":"0","angle5":"0","angle6":"0"}},{"id":"333023","question":"s","difficulty":"2","questions":{"angle3":"0","angle4":"0","angle5":"0","angle6":"0"},"answers":{"angle3":"0","angle4":"0","angle5":"0","angle6":"0"}}]}}