{"status":"success","data":{"planet":{"id":"138","name":"Fraction Line","description":"Figure out fractions on the number line!","question_count":"10","badges":{"speed":"1","accuracy":"1","score_mul_base":"1","score_mul_accuracy":"1","score_mul_speed":"1"}},"status":{"star":3,"difficulty":4,"top_score":0},"planet_top_score":[],"questions":[{"id":"370301","question":"1\/10","option_from":"0","option_until_total":"20","answer":"2","ruler_type":"6","difficulty":"4"},{"id":"370302","question":"2\/10","option_from":"0","option_until_total":"20","answer":"4","ruler_type":"6","difficulty":"4"},{"id":"370294","question":"1\/4","option_from":"0","option_until_total":"20","answer":"5","ruler_type":"6","difficulty":"4"},{"id":"370300","question":"4\/5","option_from":"0","option_until_total":"20","answer":"16","ruler_type":"6","difficulty":"4"},{"id":"370309","question":"9\/10","option_from":"0","option_until_total":"20","answer":"18","ruler_type":"6","difficulty":"4"},{"id":"370299","question":"3\/5","option_from":"0","option_until_total":"20","answer":"12","ruler_type":"6","difficulty":"4"},{"id":"370297","question":"1\/5","option_from":"0","option_until_total":"20","answer":"4","ruler_type":"6","difficulty":"4"},{"id":"370305","question":"5\/10","option_from":"0","option_until_total":"20","answer":"10","ruler_type":"6","difficulty":"4"},{"id":"370293","question":"1\/2","option_from":"0","option_until_total":"20","answer":"10","ruler_type":"6","difficulty":"4"},{"id":"370298","question":"2\/5","option_from":"0","option_until_total":"20","answer":"8","ruler_type":"6","difficulty":"4"}]}}