{"status":"success","data":{"planet":{"id":"171","name":"Power Balance","description":"Addition & subtraction of fractions","question_count":"10","badges":{"speed":"1","accuracy":"1","score_mul_base":"1","score_mul_accuracy":"1","score_mul_speed":"1"}},"status":{"star":2,"difficulty":3,"top_score":0},"planet_top_score":[],"questions":[{"id":"334433","answer":"6\/12","op":"-","number1":"2\/3","number1_multiplier":"2","number2":"","number2_multiplier":"0","number3":"1\/6","number3_multiplier":"1","answer_option_1":"6\/12","answer_option_2":"","answer_option_3":"","answer_option_4":"","difficulty":"3"},{"id":"334197","answer":"7\/12","op":"+","number1":"1\/6","number1_multiplier":"1","number2":"","number2_multiplier":"0","number3":"9\/12","number3_multiplier":"1","answer_option_1":"7\/12","answer_option_2":"","answer_option_3":"","answer_option_4":"","difficulty":"3"},{"id":"334114","answer":"1\/6","op":"+","number1":"1\/3","number1_multiplier":"1","number2":"","number2_multiplier":"0","number3":"3\/6","number3_multiplier":"1","answer_option_1":"1\/6","answer_option_2":"","answer_option_3":"","answer_option_4":"","difficulty":"3"},{"id":"334495","answer":"3\/4","op":"-","number1":"","number1_multiplier":"0","number2":"5\/12","number2_multiplier":"1","number3":"1\/3","number3_multiplier":"1","answer_option_1":"3\/4","answer_option_2":"","answer_option_3":"","answer_option_4":"","difficulty":"3"},{"id":"334465","answer":"2\/3","op":"-","number1":"","number1_multiplier":"0","number2":"3\/9","number2_multiplier":"1","number3":"1\/3","number3_multiplier":"1","answer_option_1":"2\/3","answer_option_2":"","answer_option_3":"","answer_option_4":"","difficulty":"3"},{"id":"334280","answer":"1\/4","op":"+","number1":"","number1_multiplier":"0","number2":"6\/12","number2_multiplier":"1","number3":"9\/12","number3_multiplier":"1","answer_option_1":"1\/4","answer_option_2":"","answer_option_3":"","answer_option_4":"","difficulty":"3"},{"id":"334274","answer":"1\/4","op":"+","number1":"","number1_multiplier":"0","number2":"6\/8","number2_multiplier":"1","number3":"8\/8","number3_multiplier":"1","answer_option_1":"1\/4","answer_option_2":"","answer_option_3":"","answer_option_4":"","difficulty":"3"},{"id":"334328","answer":"1\/6","op":"+","number1":"","number1_multiplier":"0","number2":"10\/12","number2_multiplier":"1","number3":"12\/12","number3_multiplier":"1","answer_option_1":"1\/6","answer_option_2":"","answer_option_3":"","answer_option_4":"","difficulty":"3"},{"id":"334436","answer":"2\/12","op":"-","number1":"5\/6","number1_multiplier":"1","number2":"","number2_multiplier":"0","number3":"2\/3","number3_multiplier":"1","answer_option_1":"2\/12","answer_option_2":"","answer_option_3":"","answer_option_4":"","difficulty":"3"},{"id":"334322","answer":"1\/6","op":"+","number1":"","number1_multiplier":"0","number2":"4\/12","number2_multiplier":"1","number3":"6\/12","number3_multiplier":"1","answer_option_1":"1\/6","answer_option_2":"","answer_option_3":"","answer_option_4":"","difficulty":"3"}]}}