{"status":"success","data":{"planet":{"id":"171","name":"Power Balance","description":"Addition & subtraction of fractions","question_count":"10","badges":{"speed":"1","accuracy":"1","score_mul_base":"1","score_mul_accuracy":"1","score_mul_speed":"1"}},"status":{"star":2,"difficulty":3,"top_score":0},"planet_top_score":[],"questions":[{"id":"334321","answer":"1\/6","op":"+","number1":"","number1_multiplier":"0","number2":"3\/12","number2_multiplier":"1","number3":"5\/12","number3_multiplier":"1","answer_option_1":"1\/6","answer_option_2":"","answer_option_3":"","answer_option_4":"","difficulty":"3"},{"id":"334475","answer":"1\/4","op":"-","number1":"","number1_multiplier":"0","number2":"1\/8","number2_multiplier":"1","number3":"1\/8","number3_multiplier":"1","answer_option_1":"1\/4","answer_option_2":"","answer_option_3":"","answer_option_4":"","difficulty":"3"},{"id":"334371","answer":"4\/9","op":"-","number1":"2\/3","number1_multiplier":"1","number2":"","number2_multiplier":"0","number3":"2\/9","number3_multiplier":"1","answer_option_1":"4\/9","answer_option_2":"","answer_option_3":"","answer_option_4":"","difficulty":"3"},{"id":"334328","answer":"1\/6","op":"+","number1":"","number1_multiplier":"0","number2":"10\/12","number2_multiplier":"1","number3":"12\/12","number3_multiplier":"1","answer_option_1":"1\/6","answer_option_2":"","answer_option_3":"","answer_option_4":"","difficulty":"3"},{"id":"334119","answer":"2\/9","op":"+","number1":"1\/3","number1_multiplier":"1","number2":"","number2_multiplier":"0","number3":"5\/9","number3_multiplier":"1","answer_option_1":"2\/9","answer_option_2":"","answer_option_3":"","answer_option_4":"","difficulty":"3"},{"id":"334507","answer":"4\/5","op":"-","number1":"","number1_multiplier":"0","number2":"1\/10","number2_multiplier":"1","number3":"7\/10","number3_multiplier":"1","answer_option_1":"4\/5","answer_option_2":"","answer_option_3":"","answer_option_4":"","difficulty":"3"},{"id":"334160","answer":"1\/12","op":"+","number1":"2\/4","number1_multiplier":"1","number2":"","number2_multiplier":"0","number3":"7\/12","number3_multiplier":"1","answer_option_1":"1\/12","answer_option_2":"","answer_option_3":"","answer_option_4":"","difficulty":"3"},{"id":"334221","answer":"1\/2","op":"+","number1":"","number1_multiplier":"0","number2":"1\/4","number2_multiplier":"1","number3":"3\/4","number3_multiplier":"1","answer_option_1":"1\/2","answer_option_2":"","answer_option_3":"","answer_option_4":"","difficulty":"3"},{"id":"334428","answer":"1\/12","op":"-","number1":"2\/3","number1_multiplier":"2","number2":"","number2_multiplier":"0","number3":"7\/12","number3_multiplier":"1","answer_option_1":"1\/12","answer_option_2":"","answer_option_3":"","answer_option_4":"","difficulty":"3"},{"id":"334375","answer":"3\/12","op":"-","number1":"2\/3","number1_multiplier":"1","number2":"","number2_multiplier":"0","number3":"5\/12","number3_multiplier":"1","answer_option_1":"3\/12","answer_option_2":"","answer_option_3":"","answer_option_4":"","difficulty":"3"}]}}