{"status":"success","data":{"planet":{"id":"171","name":"Power Balance","description":"Addition & subtraction of fractions","question_count":"10","badges":{"speed":"1","accuracy":"1","score_mul_base":"1","score_mul_accuracy":"1","score_mul_speed":"1"}},"status":{"star":2,"difficulty":3,"top_score":0},"planet_top_score":[],"questions":[{"id":"334138","answer":"2\/12","op":"+","number1":"2\/3","number1_multiplier":"1","number2":"","number2_multiplier":"0","number3":"10\/12","number3_multiplier":"1","answer_option_1":"2\/12","answer_option_2":"","answer_option_3":"","answer_option_4":"","difficulty":"3"},{"id":"334360","answer":"1\/9","op":"-","number1":"1\/3","number1_multiplier":"1","number2":"","number2_multiplier":"0","number3":"2\/9","number3_multiplier":"1","answer_option_1":"1\/9","answer_option_2":"","answer_option_3":"","answer_option_4":"","difficulty":"3"},{"id":"334477","answer":"1\/4","op":"-","number1":"","number1_multiplier":"0","number2":"2\/12","number2_multiplier":"1","number3":"1\/12","number3_multiplier":"1","answer_option_1":"1\/4","answer_option_2":"","answer_option_3":"","answer_option_4":"","difficulty":"3"},{"id":"334100","answer":"2\/8","op":"+","number1":"1\/2","number1_multiplier":"1","number2":"","number2_multiplier":"0","number3":"6\/8","number3_multiplier":"1","answer_option_1":"2\/8","answer_option_2":"10\/18","answer_option_3":"10\/12","answer_option_4":"12\/18","difficulty":"3"},{"id":"334383","answer":"1\/8","op":"-","number1":"1\/2","number1_multiplier":"2","number2":"","number2_multiplier":"0","number3":"3\/8","number3_multiplier":"1","answer_option_1":"1\/8","answer_option_2":"","answer_option_3":"","answer_option_4":"","difficulty":"3"},{"id":"334284","answer":"2\/4","op":"+","number1":"","number1_multiplier":"0","number2":"1\/8","number2_multiplier":"1","number3":"5\/8","number3_multiplier":"1","answer_option_1":"2\/4","answer_option_2":"","answer_option_3":"","answer_option_4":"","difficulty":"3"},{"id":"334485","answer":"1\/2","op":"-","number1":"","number1_multiplier":"0","number2":"5\/12","number2_multiplier":"1","number3":"1\/12","number3_multiplier":"1","answer_option_1":"2\/4","answer_option_2":"","answer_option_3":"","answer_option_4":"","difficulty":"3"},{"id":"334115","answer":"2\/6","op":"+","number1":"1\/3","number1_multiplier":"1","number2":"","number2_multiplier":"0","number3":"4\/6","number3_multiplier":"1","answer_option_1":"2\/6","answer_option_2":"","answer_option_3":"","answer_option_4":"","difficulty":"3"},{"id":"334323","answer":"1\/6","op":"+","number1":"","number1_multiplier":"0","number2":"5\/12","number2_multiplier":"1","number3":"7\/12","number3_multiplier":"1","answer_option_1":"1\/6","answer_option_2":"","answer_option_3":"","answer_option_4":"","difficulty":"3"},{"id":"334114","answer":"1\/6","op":"+","number1":"1\/3","number1_multiplier":"1","number2":"","number2_multiplier":"0","number3":"3\/6","number3_multiplier":"1","answer_option_1":"1\/6","answer_option_2":"","answer_option_3":"","answer_option_4":"","difficulty":"3"}]}}