{"status":"success","data":{"planet":{"id":"123","name":"Tap Hundreds","description":"Number base ten up to 100","question_count":"10","badges":null},"status":{"star":2,"difficulty":3,"top_score":0},"planet_top_score":[],"questions":[{"id":"221140","question":"160","answer":"160","option_type":"hundred","option_generate":"2","difficulty":"3"},{"id":"221090","question":"110","answer":"110","option_type":"hundred","option_generate":"2","difficulty":"3"},{"id":"221115","question":"135","answer":"135","option_type":"hundred","option_generate":"2","difficulty":"3"},{"id":"221091","question":"111","answer":"111","option_type":"hundred","option_generate":"2","difficulty":"3"},{"id":"221141","question":"161","answer":"161","option_type":"hundred","option_generate":"2","difficulty":"3"},{"id":"221129","question":"149","answer":"149","option_type":"hundred","option_generate":"2","difficulty":"3"},{"id":"221120","question":"140","answer":"140","option_type":"hundred","option_generate":"2","difficulty":"3"},{"id":"221083","question":"103","answer":"103","option_type":"hundred","option_generate":"2","difficulty":"3"},{"id":"221139","question":"159","answer":"159","option_type":"hundred","option_generate":"2","difficulty":"3"},{"id":"221148","question":"168","answer":"168","option_type":"hundred","option_generate":"2","difficulty":"3"}]}}