{"status":"success","data":{"planet":{"id":"123","name":"Tap Hundreds","description":"Number base ten up to 100","question_count":"10","badges":null},"status":{"star":2,"difficulty":3,"top_score":0},"planet_top_score":[],"questions":[{"id":"221111","question":"131","answer":"131","option_type":"hundred","option_generate":"2","difficulty":"3"},{"id":"221091","question":"111","answer":"111","option_type":"hundred","option_generate":"2","difficulty":"3"},{"id":"221087","question":"107","answer":"107","option_type":"hundred","option_generate":"2","difficulty":"3"},{"id":"221148","question":"168","answer":"168","option_type":"hundred","option_generate":"2","difficulty":"3"},{"id":"221139","question":"159","answer":"159","option_type":"hundred","option_generate":"2","difficulty":"3"},{"id":"221110","question":"130","answer":"130","option_type":"hundred","option_generate":"2","difficulty":"3"},{"id":"221103","question":"123","answer":"123","option_type":"hundred","option_generate":"2","difficulty":"3"},{"id":"221141","question":"161","answer":"161","option_type":"hundred","option_generate":"2","difficulty":"3"},{"id":"221117","question":"137","answer":"137","option_type":"hundred","option_generate":"2","difficulty":"3"},{"id":"221173","question":"193","answer":"193","option_type":"hundred","option_generate":"2","difficulty":"3"}]}}