{"status":"success","data":{"planet":{"id":"123","name":"Tap Hundreds","description":"Number base ten up to 100","question_count":"10","badges":null},"status":{"star":2,"difficulty":3,"top_score":0},"planet_top_score":[],"questions":[{"id":"221138","question":"158","answer":"158","option_type":"hundred","option_generate":"2","difficulty":"3"},{"id":"221178","question":"198","answer":"198","option_type":"hundred","option_generate":"2","difficulty":"3"},{"id":"221172","question":"192","answer":"192","option_type":"hundred","option_generate":"2","difficulty":"3"},{"id":"221083","question":"103","answer":"103","option_type":"hundred","option_generate":"2","difficulty":"3"},{"id":"221149","question":"169","answer":"169","option_type":"hundred","option_generate":"2","difficulty":"3"},{"id":"221122","question":"142","answer":"142","option_type":"hundred","option_generate":"2","difficulty":"3"},{"id":"221116","question":"136","answer":"136","option_type":"hundred","option_generate":"2","difficulty":"3"},{"id":"221164","question":"184","answer":"184","option_type":"hundred","option_generate":"2","difficulty":"3"},{"id":"221169","question":"189","answer":"189","option_type":"hundred","option_generate":"2","difficulty":"3"},{"id":"221100","question":"120","answer":"120","option_type":"hundred","option_generate":"2","difficulty":"3"}]}}