{"status":"success","data":{"planet":{"id":"123","name":"Tap Hundreds","description":"Number base ten up to 100","question_count":"10","badges":null},"status":{"star":2,"difficulty":3,"top_score":0},"planet_top_score":[],"questions":[{"id":"221082","question":"102","answer":"102","option_type":"hundred","option_generate":"2","difficulty":"3"},{"id":"221137","question":"157","answer":"157","option_type":"hundred","option_generate":"2","difficulty":"3"},{"id":"221121","question":"141","answer":"141","option_type":"hundred","option_generate":"2","difficulty":"3"},{"id":"221116","question":"136","answer":"136","option_type":"hundred","option_generate":"2","difficulty":"3"},{"id":"221095","question":"115","answer":"115","option_type":"hundred","option_generate":"2","difficulty":"3"},{"id":"221099","question":"119","answer":"119","option_type":"hundred","option_generate":"2","difficulty":"3"},{"id":"221119","question":"139","answer":"139","option_type":"hundred","option_generate":"2","difficulty":"3"},{"id":"221091","question":"111","answer":"111","option_type":"hundred","option_generate":"2","difficulty":"3"},{"id":"221097","question":"117","answer":"117","option_type":"hundred","option_generate":"2","difficulty":"3"},{"id":"221107","question":"127","answer":"127","option_type":"hundred","option_generate":"2","difficulty":"3"}]}}