{"status":"success","data":{"planet":{"id":"123","name":"Tap Hundreds","description":"Number base ten up to 100","question_count":"10","badges":null},"status":{"star":2,"difficulty":3,"top_score":0},"planet_top_score":[],"questions":[{"id":"221104","question":"124","answer":"124","option_type":"hundred","option_generate":"2","difficulty":"3"},{"id":"221094","question":"114","answer":"114","option_type":"hundred","option_generate":"2","difficulty":"3"},{"id":"221173","question":"193","answer":"193","option_type":"hundred","option_generate":"2","difficulty":"3"},{"id":"221165","question":"185","answer":"185","option_type":"hundred","option_generate":"2","difficulty":"3"},{"id":"221136","question":"156","answer":"156","option_type":"hundred","option_generate":"2","difficulty":"3"},{"id":"221120","question":"140","answer":"140","option_type":"hundred","option_generate":"2","difficulty":"3"},{"id":"221179","question":"199","answer":"199","option_type":"hundred","option_generate":"2","difficulty":"3"},{"id":"221095","question":"115","answer":"115","option_type":"hundred","option_generate":"2","difficulty":"3"},{"id":"221097","question":"117","answer":"117","option_type":"hundred","option_generate":"2","difficulty":"3"},{"id":"221125","question":"145","answer":"145","option_type":"hundred","option_generate":"2","difficulty":"3"}]}}