{"status":"success","data":{"planet":{"id":"120","name":"Cell Cloning","description":"How do you count multiples?","question_count":"10","badges":{"speed":"1","accuracy":"1","score_mul_base":"1","score_mul_accuracy":"1","score_mul_speed":"1"}},"status":{"star":1,"difficulty":2,"top_score":0},"planet_top_score":[],"questions":[{"id":"328012","answer":"4","option_rows":"2","option_columns":"4","option_boxes":"2","option_product":"8","difficulty":"2"},{"id":"328008","answer":"2","option_rows":"2","option_columns":"2","option_boxes":"2","option_product":"4","difficulty":"2"},{"id":"328010","answer":"3","option_rows":"2","option_columns":"3","option_boxes":"2","option_product":"6","difficulty":"2"},{"id":"328007","answer":"3","option_rows":"3","option_columns":"3","option_boxes":"3","option_product":"9","difficulty":"2"},{"id":"328009","answer":"2","option_rows":"3","option_columns":"2","option_boxes":"3","option_product":"6","difficulty":"2"},{"id":"328011","answer":"4","option_rows":"3","option_columns":"4","option_boxes":"3","option_product":"12","difficulty":"2"}]}}