{"status":"success","data":{"planet":{"id":"156","name":"Super Builder","description":"Make the number up to 9999","question_count":"10","badges":{"speed":"1","accuracy":"1","score_mul_base":"1","score_mul_accuracy":"1","score_mul_speed":"1"}},"status":{"star":3,"difficulty":4,"top_score":0},"planet_top_score":[],"questions":[{"id":"365439","question":"7500","answer_option_1":"2230","answer_option_2":"2180","answer_option_3":"3090","answer_option_4":"1430","answer_option_5":"3590","answer_option_6":"","fixed_num":"0","difficulty":"4"},{"id":"365412","question":"6000","answer_option_1":"2250","answer_option_2":"1300","answer_option_3":"2450","answer_option_4":"1300","answer_option_5":"1110","answer_option_6":"","fixed_num":"0","difficulty":"4"},{"id":"365408","question":"5000","answer_option_1":"2150","answer_option_2":"1450","answer_option_3":"1400","answer_option_4":"2610","answer_option_5":"2360","answer_option_6":"","fixed_num":"0","difficulty":"4"},{"id":"365415","question":"6000","answer_option_1":"2350","answer_option_2":"1350","answer_option_3":"2300","answer_option_4":"2980","answer_option_5":"1350","answer_option_6":"","fixed_num":"0","difficulty":"4"},{"id":"365406","question":"5000","answer_option_1":"2100","answer_option_2":"1350","answer_option_3":"1550","answer_option_4":"2720","answer_option_5":"1430","answer_option_6":"","fixed_num":"0","difficulty":"4"},{"id":"365427","question":"7000","answer_option_1":"2130","answer_option_2":"1630","answer_option_3":"3240","answer_option_4":"3410","answer_option_5":"1520","answer_option_6":"","fixed_num":"0","difficulty":"4"},{"id":"365411","question":"6000","answer_option_1":"2250","answer_option_2":"1200","answer_option_3":"2550","answer_option_4":"1700","answer_option_5":"1700","answer_option_6":"","fixed_num":"0","difficulty":"4"},{"id":"365416","question":"6000","answer_option_1":"2350","answer_option_2":"1750","answer_option_3":"1900","answer_option_4":"1640","answer_option_5":"2660","answer_option_6":"","fixed_num":"0","difficulty":"4"},{"id":"365440","question":"7500","answer_option_1":"2240","answer_option_2":"2190","answer_option_3":"3070","answer_option_4":"3130","answer_option_5":"2470","answer_option_6":"","fixed_num":"0","difficulty":"4"},{"id":"365413","question":"6000","answer_option_1":"2300","answer_option_2":"1500","answer_option_3":"2200","answer_option_4":"1790","answer_option_5":"2580","answer_option_6":"","fixed_num":"0","difficulty":"4"}]}}