{"status":"success","data":{"planet":{"id":"156","name":"Super Builder","description":"Make the number up to 9999","question_count":"10","badges":{"speed":"1","accuracy":"1","score_mul_base":"1","score_mul_accuracy":"1","score_mul_speed":"1"}},"status":{"star":3,"difficulty":4,"top_score":0},"planet_top_score":[],"questions":[{"id":"365418","question":"6000","answer_option_1":"2400","answer_option_2":"2100","answer_option_3":"1500","answer_option_4":"1520","answer_option_5":"2350","answer_option_6":"","fixed_num":"0","difficulty":"4"},{"id":"365404","question":"5000","answer_option_1":"2050","answer_option_2":"1400","answer_option_3":"1550","answer_option_4":"1730","answer_option_5":"2500","answer_option_6":"","fixed_num":"0","difficulty":"4"},{"id":"365443","question":"7500","answer_option_1":"2110","answer_option_2":"1820","answer_option_3":"3570","answer_option_4":"1250","answer_option_5":"1380","answer_option_6":"","fixed_num":"0","difficulty":"4"},{"id":"365449","question":"7500","answer_option_1":"2130","answer_option_2":"3110","answer_option_3":"2260","answer_option_4":"2170","answer_option_5":"1350","answer_option_6":"","fixed_num":"0","difficulty":"4"},{"id":"365406","question":"5000","answer_option_1":"2100","answer_option_2":"1350","answer_option_3":"1550","answer_option_4":"2720","answer_option_5":"1430","answer_option_6":"","fixed_num":"0","difficulty":"4"},{"id":"365411","question":"6000","answer_option_1":"2250","answer_option_2":"1200","answer_option_3":"2550","answer_option_4":"1700","answer_option_5":"1700","answer_option_6":"","fixed_num":"0","difficulty":"4"},{"id":"365433","question":"7500","answer_option_1":"2130","answer_option_2":"2180","answer_option_3":"3190","answer_option_4":"3440","answer_option_5":"1970","answer_option_6":"","fixed_num":"0","difficulty":"4"},{"id":"365439","question":"7500","answer_option_1":"2230","answer_option_2":"2180","answer_option_3":"3090","answer_option_4":"1430","answer_option_5":"3590","answer_option_6":"","fixed_num":"0","difficulty":"4"},{"id":"365405","question":"5000","answer_option_1":"2100","answer_option_2":"1300","answer_option_3":"1600","answer_option_4":"2980","answer_option_5":"1110","answer_option_6":"","fixed_num":"0","difficulty":"4"},{"id":"365435","question":"7500","answer_option_1":"2340","answer_option_2":"2140","answer_option_3":"3020","answer_option_4":"1860","answer_option_5":"1010","answer_option_6":"","fixed_num":"0","difficulty":"4"}]}}