{"status":"success","data":{"planet":{"id":"156","name":"Super Builder","description":"Make the number up to 9999","question_count":"10","badges":{"speed":"1","accuracy":"1","score_mul_base":"1","score_mul_accuracy":"1","score_mul_speed":"1"}},"status":{"star":3,"difficulty":4,"top_score":0},"planet_top_score":[],"questions":[{"id":"365429","question":"7000","answer_option_1":"1250","answer_option_2":"3200","answer_option_3":"2550","answer_option_4":"2730","answer_option_5":"2140","answer_option_6":"","fixed_num":"0","difficulty":"4"},{"id":"365406","question":"5000","answer_option_1":"2100","answer_option_2":"1350","answer_option_3":"1550","answer_option_4":"2720","answer_option_5":"1430","answer_option_6":"","fixed_num":"0","difficulty":"4"},{"id":"365421","question":"7000","answer_option_1":"1300","answer_option_2":"2200","answer_option_3":"3500","answer_option_4":"1080","answer_option_5":"2980","answer_option_6":"","fixed_num":"0","difficulty":"4"},{"id":"365446","question":"7500","answer_option_1":"2120","answer_option_2":"2190","answer_option_3":"3190","answer_option_4":"1080","answer_option_5":"1150","answer_option_6":"","fixed_num":"0","difficulty":"4"},{"id":"365428","question":"7000","answer_option_1":"1420","answer_option_2":"1820","answer_option_3":"3760","answer_option_4":"1340","answer_option_5":"2500","answer_option_6":"","fixed_num":"0","difficulty":"4"},{"id":"365401","question":"5000","answer_option_1":"2000","answer_option_2":"1100","answer_option_3":"1900","answer_option_4":"1760","answer_option_5":"2670","answer_option_6":"","fixed_num":"0","difficulty":"4"},{"id":"365423","question":"7000","answer_option_1":"1420","answer_option_2":"3290","answer_option_3":"2290","answer_option_4":"3380","answer_option_5":"1420","answer_option_6":"","fixed_num":"0","difficulty":"4"},{"id":"365438","question":"7500","answer_option_1":"2320","answer_option_2":"1320","answer_option_3":"3860","answer_option_4":"2120","answer_option_5":"1170","answer_option_6":"","fixed_num":"0","difficulty":"4"},{"id":"365439","question":"7500","answer_option_1":"2230","answer_option_2":"2180","answer_option_3":"3090","answer_option_4":"1430","answer_option_5":"3590","answer_option_6":"","fixed_num":"0","difficulty":"4"},{"id":"365410","question":"5000","answer_option_1":"2200","answer_option_2":"1600","answer_option_3":"1200","answer_option_4":"2180","answer_option_5":"2520","answer_option_6":"","fixed_num":"0","difficulty":"4"}]}}