{"status":"success","data":{"planet":{"id":"156","name":"Super Builder","description":"Make the number up to 9999","question_count":"10","badges":{"speed":"1","accuracy":"1","score_mul_base":"1","score_mul_accuracy":"1","score_mul_speed":"1"}},"status":{"star":3,"difficulty":4,"top_score":0},"planet_top_score":[],"questions":[{"id":"365432","question":"7500","answer_option_1":"2120","answer_option_2":"2120","answer_option_3":"3260","answer_option_4":"3230","answer_option_5":"1010","answer_option_6":"","fixed_num":"0","difficulty":"4"},{"id":"365447","question":"7500","answer_option_1":"3210","answer_option_2":"3200","answer_option_3":"1090","answer_option_4":"3300","answer_option_5":"1830","answer_option_6":"","fixed_num":"0","difficulty":"4"},{"id":"365408","question":"5000","answer_option_1":"2150","answer_option_2":"1450","answer_option_3":"1400","answer_option_4":"2610","answer_option_5":"2360","answer_option_6":"","fixed_num":"0","difficulty":"4"},{"id":"365415","question":"6000","answer_option_1":"2350","answer_option_2":"1350","answer_option_3":"2300","answer_option_4":"2980","answer_option_5":"1350","answer_option_6":"","fixed_num":"0","difficulty":"4"},{"id":"365433","question":"7500","answer_option_1":"2130","answer_option_2":"2180","answer_option_3":"3190","answer_option_4":"3440","answer_option_5":"1970","answer_option_6":"","fixed_num":"0","difficulty":"4"},{"id":"365427","question":"7000","answer_option_1":"2130","answer_option_2":"1630","answer_option_3":"3240","answer_option_4":"3410","answer_option_5":"1520","answer_option_6":"","fixed_num":"0","difficulty":"4"},{"id":"365449","question":"7500","answer_option_1":"2130","answer_option_2":"3110","answer_option_3":"2260","answer_option_4":"2170","answer_option_5":"1350","answer_option_6":"","fixed_num":"0","difficulty":"4"},{"id":"365420","question":"6000","answer_option_1":"2450","answer_option_2":"2200","answer_option_3":"1350","answer_option_4":"1470","answer_option_5":"2170","answer_option_6":"","fixed_num":"0","difficulty":"4"},{"id":"365424","question":"7000","answer_option_1":"1320","answer_option_2":"2230","answer_option_3":"3450","answer_option_4":"2970","answer_option_5":"2700","answer_option_6":"","fixed_num":"0","difficulty":"4"},{"id":"365439","question":"7500","answer_option_1":"2230","answer_option_2":"2180","answer_option_3":"3090","answer_option_4":"1430","answer_option_5":"3590","answer_option_6":"","fixed_num":"0","difficulty":"4"}]}}