{"status":"success","data":{"planet":{"id":"105","name":"Tap Tens","description":"How many ones are in a ten?","question_count":"10","badges":{"speed":"1","accuracy":"1","score_mul_base":"1","score_mul_accuracy":"1","score_mul_speed":"1"}},"status":{"star":3,"difficulty":4,"top_score":0},"planet_top_score":[],"questions":[{"id":"210240","question":"13 + 7","answer":"20","option_type":"ten","option_generate":"2","difficulty":"4"},{"id":"210198","question":"5 + 5","answer":"10","option_type":"ten","option_generate":"2","difficulty":"4"},{"id":"210195","question":"4 + 8","answer":"12","option_type":"ten","option_generate":"2","difficulty":"4"},{"id":"210223","question":"8 + 6","answer":"14","option_type":"ten","option_generate":"2","difficulty":"4"},{"id":"210219","question":"8 + 2","answer":"10","option_type":"ten","option_generate":"2","difficulty":"4"},{"id":"210202","question":"5 + 9","answer":"14","option_type":"ten","option_generate":"2","difficulty":"4"},{"id":"210184","question":"1 + 9","answer":"10","option_type":"ten","option_generate":"2","difficulty":"4"},{"id":"210193","question":"4 + 6","answer":"10","option_type":"ten","option_generate":"2","difficulty":"4"},{"id":"210232","question":"9 + 5","answer":"14","option_type":"ten","option_generate":"2","difficulty":"4"},{"id":"210241","question":"14 + 6","answer":"20","option_type":"ten","option_generate":"2","difficulty":"4"}]}}