{"status":"success","data":{"planet":{"id":"105","name":"Tap Tens","description":"How many ones are in a ten?","question_count":"10","badges":{"speed":"1","accuracy":"1","score_mul_base":"1","score_mul_accuracy":"1","score_mul_speed":"1"}},"status":{"star":3,"difficulty":4,"top_score":0},"planet_top_score":[],"questions":[{"id":"210211","question":"7 + 3","answer":"10","option_type":"ten","option_generate":"2","difficulty":"4"},{"id":"210193","question":"4 + 6","answer":"10","option_type":"ten","option_generate":"2","difficulty":"4"},{"id":"210208","question":"6 + 8","answer":"14","option_type":"ten","option_generate":"2","difficulty":"4"},{"id":"210194","question":"4 + 7","answer":"11","option_type":"ten","option_generate":"2","difficulty":"4"},{"id":"210186","question":"2 + 8","answer":"10","option_type":"ten","option_generate":"2","difficulty":"4"},{"id":"210218","question":"7 + 10","answer":"17","option_type":"ten","option_generate":"2","difficulty":"4"},{"id":"210235","question":"9 + 8","answer":"17","option_type":"ten","option_generate":"2","difficulty":"4"},{"id":"210215","question":"7 + 7","answer":"14","option_type":"ten","option_generate":"2","difficulty":"4"},{"id":"210201","question":"5 + 8","answer":"13","option_type":"ten","option_generate":"2","difficulty":"4"},{"id":"210195","question":"4 + 8","answer":"12","option_type":"ten","option_generate":"2","difficulty":"4"}]}}