{"status":"success","data":{"planet":{"id":"105","name":"Tap Tens","description":"How many ones are in a ten?","question_count":"10","badges":{"speed":"1","accuracy":"1","score_mul_base":"1","score_mul_accuracy":"1","score_mul_speed":"1"}},"status":{"star":3,"difficulty":4,"top_score":0},"planet_top_score":[],"questions":[{"id":"210197","question":"4 + 10","answer":"14","option_type":"ten","option_generate":"2","difficulty":"4"},{"id":"210217","question":"7 + 9","answer":"16","option_type":"ten","option_generate":"2","difficulty":"4"},{"id":"210199","question":"5 + 6","answer":"11","option_type":"ten","option_generate":"2","difficulty":"4"},{"id":"210222","question":"8 + 5","answer":"13","option_type":"ten","option_generate":"2","difficulty":"4"},{"id":"210231","question":"9 + 4","answer":"13","option_type":"ten","option_generate":"2","difficulty":"4"},{"id":"210212","question":"7 + 4","answer":"11","option_type":"ten","option_generate":"2","difficulty":"4"},{"id":"210220","question":"8 + 3","answer":"11","option_type":"ten","option_generate":"2","difficulty":"4"},{"id":"210234","question":"9 + 7","answer":"16","option_type":"ten","option_generate":"2","difficulty":"4"},{"id":"210202","question":"5 + 9","answer":"14","option_type":"ten","option_generate":"2","difficulty":"4"},{"id":"210201","question":"5 + 8","answer":"13","option_type":"ten","option_generate":"2","difficulty":"4"}]}}