{"status":"success","data":{"planet":{"id":"105","name":"Tap Tens","description":"How many ones are in a ten?","question_count":"10","badges":{"speed":"1","accuracy":"1","score_mul_base":"1","score_mul_accuracy":"1","score_mul_speed":"1"}},"status":{"star":3,"difficulty":4,"top_score":0},"planet_top_score":[],"questions":[{"id":"210211","question":"7 + 3","answer":"10","option_type":"ten","option_generate":"2","difficulty":"4"},{"id":"210200","question":"5 + 7","answer":"12","option_type":"ten","option_generate":"2","difficulty":"4"},{"id":"210226","question":"8 + 9","answer":"17","option_type":"ten","option_generate":"2","difficulty":"4"},{"id":"210216","question":"7 + 8","answer":"15","option_type":"ten","option_generate":"2","difficulty":"4"},{"id":"210238","question":"11 + 9","answer":"20","option_type":"ten","option_generate":"2","difficulty":"4"},{"id":"210215","question":"7 + 7","answer":"14","option_type":"ten","option_generate":"2","difficulty":"4"},{"id":"210195","question":"4 + 8","answer":"12","option_type":"ten","option_generate":"2","difficulty":"4"},{"id":"210246","question":"19 + 1","answer":"20","option_type":"ten","option_generate":"2","difficulty":"4"},{"id":"210245","question":"18 + 2","answer":"20","option_type":"ten","option_generate":"2","difficulty":"4"},{"id":"210213","question":"7 + 5","answer":"12","option_type":"ten","option_generate":"2","difficulty":"4"}]}}