{"status":"success","data":{"planet":{"id":"105","name":"Tap Tens","description":"How many ones are in a ten?","question_count":"10","badges":{"speed":"1","accuracy":"1","score_mul_base":"1","score_mul_accuracy":"1","score_mul_speed":"1"}},"status":{"star":3,"difficulty":4,"top_score":0},"planet_top_score":[],"questions":[{"id":"210237","question":"9 + 10","answer":"19","option_type":"ten","option_generate":"2","difficulty":"4"},{"id":"210189","question":"3 + 7","answer":"10","option_type":"ten","option_generate":"2","difficulty":"4"},{"id":"210218","question":"7 + 10","answer":"17","option_type":"ten","option_generate":"2","difficulty":"4"},{"id":"210194","question":"4 + 7","answer":"11","option_type":"ten","option_generate":"2","difficulty":"4"},{"id":"210233","question":"9 + 6","answer":"15","option_type":"ten","option_generate":"2","difficulty":"4"},{"id":"210196","question":"4 + 9","answer":"13","option_type":"ten","option_generate":"2","difficulty":"4"},{"id":"210193","question":"4 + 6","answer":"10","option_type":"ten","option_generate":"2","difficulty":"4"},{"id":"210230","question":"9 + 3","answer":"12","option_type":"ten","option_generate":"2","difficulty":"4"},{"id":"210203","question":"5 + 10","answer":"15","option_type":"ten","option_generate":"2","difficulty":"4"},{"id":"210225","question":"8 + 8","answer":"16","option_type":"ten","option_generate":"2","difficulty":"4"}]}}