{"status":"success","data":{"planet":{"id":"154","name":"Burger Builder","description":"Build to proportion with 3 ingredients","question_count":"10","badges":{"speed":"1","accuracy":"1","score_mul_base":"1","score_mul_accuracy":"1","score_mul_speed":"1"}},"status":{"star":2,"difficulty":3,"top_score":0},"planet_top_score":[],"questions":[{"id":"338695","patty":"5","greens":"2","cheese":"3","preset_patty":"0","preset_greens":"0","preset_cheese":"0","difficulty":"3"},{"id":"338702","patty":"5","greens":"4","cheese":"2","preset_patty":"0","preset_greens":"0","preset_cheese":"0","difficulty":"3"},{"id":"338683","patty":"4","greens":"3","cheese":"3","preset_patty":"0","preset_greens":"0","preset_cheese":"0","difficulty":"3"},{"id":"338671","patty":"3","greens":"4","cheese":"3","preset_patty":"0","preset_greens":"0","preset_cheese":"0","difficulty":"3"},{"id":"338646","patty":"2","greens":"2","cheese":"2","preset_patty":"0","preset_greens":"0","preset_cheese":"0","difficulty":"3"},{"id":"338650","patty":"2","greens":"3","cheese":"2","preset_patty":"0","preset_greens":"0","preset_cheese":"0","difficulty":"3"},{"id":"338653","patty":"2","greens":"3","cheese":"5","preset_patty":"0","preset_greens":"0","preset_cheese":"0","difficulty":"3"},{"id":"338648","patty":"2","greens":"2","cheese":"4","preset_patty":"0","preset_greens":"0","preset_cheese":"0","difficulty":"3"},{"id":"338688","patty":"4","greens":"4","cheese":"4","preset_patty":"0","preset_greens":"0","preset_cheese":"0","difficulty":"3"},{"id":"338663","patty":"3","greens":"2","cheese":"3","preset_patty":"0","preset_greens":"0","preset_cheese":"0","difficulty":"3"}]}}