{"status":"success","data":{"planet":{"id":"120","name":"Cell Cloning","description":"How do you count multiples?","question_count":"10","badges":{"speed":"1","accuracy":"1","score_mul_base":"1","score_mul_accuracy":"1","score_mul_speed":"1"}},"status":{"star":5,"difficulty":5,"top_score":0},"planet_top_score":[],"questions":[{"id":"328043","answer":"5","option_rows":"5","option_columns":"5","option_boxes":"5","option_product":"25","difficulty":"5"},{"id":"328039","answer":"3","option_rows":"3","option_columns":"5","option_boxes":"5","option_product":"15","difficulty":"5"},{"id":"328040","answer":"4","option_rows":"5","option_columns":"4","option_boxes":"5","option_product":"20","difficulty":"5"},{"id":"328044","answer":"4","option_rows":"4","option_columns":"5","option_boxes":"5","option_product":"20","difficulty":"5"},{"id":"328042","answer":"5","option_rows":"5","option_columns":"5","option_boxes":"5","option_product":"25","difficulty":"5"},{"id":"328037","answer":"2","option_rows":"2","option_columns":"5","option_boxes":"5","option_product":"10","difficulty":"5"},{"id":"328041","answer":"2","option_rows":"5","option_columns":"2","option_boxes":"5","option_product":"10","difficulty":"5"},{"id":"328038","answer":"3","option_rows":"5","option_columns":"3","option_boxes":"5","option_product":"15","difficulty":"5"}]}}