{"status":"success","data":{"planet":{"id":"185","name":"Angle Align","description":"How do you measure angles?","question_count":"10","badges":{"speed":"1","accuracy":"1","score_mul_base":"1","score_mul_accuracy":"1","score_mul_speed":"1"}},"status":{"star":5,"difficulty":5,"top_score":0},"planet_top_score":[],"questions":[{"id":"214697","question":"70\u00b0 - 10\u00b0 from A","answer":"6","plane":"2","difficulty":"5"},{"id":"214639","question":"140\u00b0 - 130\u00b0 from A","answer":"1","plane":"2","difficulty":"5"},{"id":"214116","question":"180\u00b0 - 110\u00b0 from B","answer":"11","plane":"0","difficulty":"5"},{"id":"214602","question":"160\u00b0 - 50\u00b0 from A","answer":"11","plane":"2","difficulty":"5"},{"id":"214375","question":"100\u00b0 - 90\u00b0 from A","answer":"1","plane":"1","difficulty":"5"},{"id":"214182","question":"130\u00b0 - 20\u00b0 from B","answer":"7","plane":"0","difficulty":"5"},{"id":"214015","question":"140\u00b0 - 10\u00b0 from A","answer":"13","plane":"0","difficulty":"5"},{"id":"214439","question":"170\u00b0 - 110\u00b0 from B","answer":"12","plane":"1","difficulty":"5"},{"id":"214556","question":"50\u00b0 - 20\u00b0 from B","answer":"15","plane":"1","difficulty":"5"},{"id":"214757","question":"160\u00b0 - 70\u00b0 from B","answer":"9","plane":"2","difficulty":"5"}]}}