{"status":"success","data":{"planet":{"id":"185","name":"Angle Align","description":"How do you measure angles?","question_count":"10","badges":{"speed":"1","accuracy":"1","score_mul_base":"1","score_mul_accuracy":"1","score_mul_speed":"1"}},"status":{"star":5,"difficulty":5,"top_score":0},"planet_top_score":[],"questions":[{"id":"214327","question":"140\u00b0 - 70\u00b0 from A","answer":"7","plane":"1","difficulty":"5"},{"id":"214338","question":"130\u00b0 - 50\u00b0 from A","answer":"8","plane":"1","difficulty":"5"},{"id":"214402","question":"50\u00b0 - 10\u00b0 from A","answer":"4","plane":"1","difficulty":"5"},{"id":"214635","question":"140\u00b0 - 90\u00b0 from A","answer":"5","plane":"2","difficulty":"5"},{"id":"214132","question":"170\u00b0 - 100\u00b0 from B","answer":"11","plane":"0","difficulty":"5"},{"id":"214086","question":"70\u00b0 - 20\u00b0 from A","answer":"5","plane":"0","difficulty":"5"},{"id":"214375","question":"100\u00b0 - 90\u00b0 from A","answer":"1","plane":"1","difficulty":"5"},{"id":"214117","question":"180\u00b0 - 120\u00b0 from B","answer":"12","plane":"0","difficulty":"5"},{"id":"213997","question":"160\u00b0 - 120\u00b0 from A","answer":"4","plane":"0","difficulty":"5"},{"id":"213963","question":"180\u00b0 - 110\u00b0 from A","answer":"7","plane":"0","difficulty":"5"}]}}