{"status":"success","data":{"planet":{"id":"185","name":"Angle Align","description":"How do you measure angles?","question_count":"10","badges":{"speed":"1","accuracy":"1","score_mul_base":"1","score_mul_accuracy":"1","score_mul_speed":"1"}},"status":{"star":5,"difficulty":5,"top_score":0},"planet_top_score":[],"questions":[{"id":"214639","question":"140\u00b0 - 130\u00b0 from A","answer":"1","plane":"2","difficulty":"5"},{"id":"214566","question":"180\u00b0 - 20\u00b0 from A","answer":"16","plane":"2","difficulty":"5"},{"id":"214549","question":"70\u00b0 - 60\u00b0 from B","answer":"17","plane":"1","difficulty":"5"},{"id":"214116","question":"180\u00b0 - 110\u00b0 from B","answer":"11","plane":"0","difficulty":"5"},{"id":"213954","question":"180\u00b0 - 20\u00b0 from A","answer":"16","plane":"0","difficulty":"5"},{"id":"214324","question":"140\u00b0 - 40\u00b0 from A","answer":"10","plane":"1","difficulty":"5"},{"id":"214172","question":"140\u00b0 - 50\u00b0 from B","answer":"9","plane":"0","difficulty":"5"},{"id":"214458","question":"160\u00b0 - 140\u00b0 from B","answer":"16","plane":"1","difficulty":"5"},{"id":"214208","question":"110\u00b0 - 50\u00b0 from B","answer":"12","plane":"0","difficulty":"5"},{"id":"214327","question":"140\u00b0 - 70\u00b0 from A","answer":"7","plane":"1","difficulty":"5"}]}}