{"status":"success","data":{"planet":{"id":"185","name":"Angle Align","description":"How do you measure angles?","question_count":"10","badges":{"speed":"1","accuracy":"1","score_mul_base":"1","score_mul_accuracy":"1","score_mul_speed":"1"}},"status":{"star":5,"difficulty":5,"top_score":0},"planet_top_score":[],"questions":[{"id":"213954","question":"180\u00b0 - 20\u00b0 from A","answer":"16","plane":"0","difficulty":"5"},{"id":"214741","question":"170\u00b0 - 70\u00b0 from B","answer":"8","plane":"2","difficulty":"5"},{"id":"214015","question":"140\u00b0 - 10\u00b0 from A","answer":"13","plane":"0","difficulty":"5"},{"id":"213963","question":"180\u00b0 - 110\u00b0 from A","answer":"7","plane":"0","difficulty":"5"},{"id":"214839","question":"90\u00b0 - 50\u00b0 from B","answer":"14","plane":"2","difficulty":"5"},{"id":"214364","question":"110\u00b0 - 80\u00b0 from A","answer":"3","plane":"1","difficulty":"5"},{"id":"214339","question":"130\u00b0 - 60\u00b0 from A","answer":"7","plane":"1","difficulty":"5"},{"id":"214356","question":"120\u00b0 - 110\u00b0 from A","answer":"1","plane":"1","difficulty":"5"},{"id":"214381","question":"90\u00b0 - 60\u00b0 from A","answer":"3","plane":"1","difficulty":"5"},{"id":"214403","question":"50\u00b0 - 20\u00b0 from A","answer":"3","plane":"1","difficulty":"5"}]}}