{"status":"success","data":{"planet":{"id":"185","name":"Angle Align","description":"How do you measure angles?","question_count":"10","badges":{"speed":"1","accuracy":"1","score_mul_base":"1","score_mul_accuracy":"1","score_mul_speed":"1"}},"status":{"star":5,"difficulty":5,"top_score":0},"planet_top_score":[],"questions":[{"id":"214439","question":"170\u00b0 - 110\u00b0 from B","answer":"12","plane":"1","difficulty":"5"},{"id":"214207","question":"110\u00b0 - 40\u00b0 from B","answer":"11","plane":"0","difficulty":"5"},{"id":"214566","question":"180\u00b0 - 20\u00b0 from A","answer":"16","plane":"2","difficulty":"5"},{"id":"214594","question":"170\u00b0 - 130\u00b0 from A","answer":"4","plane":"2","difficulty":"5"},{"id":"214364","question":"110\u00b0 - 80\u00b0 from A","answer":"3","plane":"1","difficulty":"5"},{"id":"214458","question":"160\u00b0 - 140\u00b0 from B","answer":"16","plane":"1","difficulty":"5"},{"id":"214431","question":"170\u00b0 - 30\u00b0 from B","answer":"4","plane":"1","difficulty":"5"},{"id":"214317","question":"150\u00b0 - 110\u00b0 from A","answer":"4","plane":"1","difficulty":"5"},{"id":"214015","question":"140\u00b0 - 10\u00b0 from A","answer":"13","plane":"0","difficulty":"5"},{"id":"214260","question":"180\u00b0 - 20\u00b0 from A","answer":"16","plane":"1","difficulty":"5"}]}}