{"status":"success","data":{"planet":{"id":"106","name":"Space Shuttle 2","description":"Making the number up to 20","question_count":"10","badges":null},"status":{"star":3,"difficulty":4,"top_score":0},"planet_top_score":[],"questions":[{"id":"209117","question":"16","answer_option_1":"6","answer_option_2":"1","answer_option_3":"7","answer_option_4":"4","answer_option_5":"3","answer_option_6":"","fixed_num":"2","difficulty":"4"},{"id":"209139","question":"20","answer_option_1":"4","answer_option_2":"5","answer_option_3":"6","answer_option_4":"7","answer_option_5":"8","answer_option_6":"","fixed_num":"4","difficulty":"4"},{"id":"209127","question":"18","answer_option_1":"4","answer_option_2":"5","answer_option_3":"6","answer_option_4":"7","answer_option_5":"8","answer_option_6":"","fixed_num":"2","difficulty":"4"},{"id":"209122","question":"17","answer_option_1":"3","answer_option_2":"4","answer_option_3":"5","answer_option_4":"6","answer_option_5":"7","answer_option_6":"","fixed_num":"2","difficulty":"4"},{"id":"209119","question":"16","answer_option_1":"5","answer_option_2":"3","answer_option_3":"4","answer_option_4":"2","answer_option_5":"6","answer_option_6":"","fixed_num":"4","difficulty":"4"},{"id":"209126","question":"18","answer_option_1":"4","answer_option_2":"5","answer_option_3":"6","answer_option_4":"7","answer_option_5":"8","answer_option_6":"","fixed_num":"1","difficulty":"4"},{"id":"209137","question":"20","answer_option_1":"4","answer_option_2":"5","answer_option_3":"6","answer_option_4":"7","answer_option_5":"8","answer_option_6":"","fixed_num":"2","difficulty":"4"},{"id":"209135","question":"19","answer_option_1":"3","answer_option_2":"4","answer_option_3":"5","answer_option_4":"6","answer_option_5":"7","answer_option_6":"","fixed_num":"5","difficulty":"4"},{"id":"209136","question":"20","answer_option_1":"5","answer_option_2":"6","answer_option_3":"7","answer_option_4":"8","answer_option_5":"9","answer_option_6":"","fixed_num":"1","difficulty":"4"},{"id":"209138","question":"20","answer_option_1":"4","answer_option_2":"5","answer_option_3":"6","answer_option_4":"7","answer_option_5":"8","answer_option_6":"","fixed_num":"3","difficulty":"4"}]}}