{"status":"success","data":{"planet":{"id":"502","name":"Sushi Shape","description":"Recognize shapes by pattern","question_count":"10","badges":{"speed":"1","accuracy":"1","score_mul_base":"1","score_mul_accuracy":"1","score_mul_speed":"1"}},"status":{"star":3,"difficulty":4,"top_score":0},"planet_top_score":[],"questions":[{"id":"333007","question":"t","difficulty":"4","questions":{"angle3":"0","angle4":"0","angle5":"0","angle6":"0"},"answers":{"angle3":"0","angle4":"0","angle5":"0","angle6":"0"}},{"id":"333044","question":"r","difficulty":"4","questions":{"angle3":"0","angle4":"0","angle5":"0","angle6":"0"},"answers":{"angle3":"0","angle4":"0","angle5":"0","angle6":"0"}},{"id":"333037","question":"t","difficulty":"4","questions":{"angle3":"0","angle4":"0","angle5":"0","angle6":"0"},"answers":{"angle3":"0","angle4":"0","angle5":"0","angle6":"0"}},{"id":"333041","question":"t","difficulty":"4","questions":{"angle3":"0","angle4":"0","angle5":"0","angle6":"0"},"answers":{"angle3":"0","angle4":"0","angle5":"0","angle6":"0"}},{"id":"333038","question":"r","difficulty":"4","questions":{"angle3":"0","angle4":"0","angle5":"0","angle6":"0"},"answers":{"angle3":"0","angle4":"0","angle5":"0","angle6":"0"}},{"id":"333039","question":"t","difficulty":"4","questions":{"angle3":"0","angle4":"0","angle5":"0","angle6":"0"},"answers":{"angle3":"0","angle4":"0","angle5":"0","angle6":"0"}},{"id":"333043","question":"t","difficulty":"4","questions":{"angle3":"0","angle4":"0","angle5":"0","angle6":"0"},"answers":{"angle3":"0","angle4":"0","angle5":"0","angle6":"0"}},{"id":"333008","question":"r","difficulty":"4","questions":{"angle3":"0","angle4":"0","angle5":"0","angle6":"0"},"answers":{"angle3":"0","angle4":"0","angle5":"0","angle6":"0"}},{"id":"333042","question":"r","difficulty":"4","questions":{"angle3":"0","angle4":"0","angle5":"0","angle6":"0"},"answers":{"angle3":"0","angle4":"0","angle5":"0","angle6":"0"}},{"id":"333040","question":"r","difficulty":"4","questions":{"angle3":"0","angle4":"0","angle5":"0","angle6":"0"},"answers":{"angle3":"0","angle4":"0","angle5":"0","angle6":"0"}}]}}