{"status":"success","data":{"planet":{"id":"157","name":"Space Taxi","description":"What makes the number?","question_count":"10","badges":{"speed":"1","accuracy":"1","score_mul_base":"1","score_mul_accuracy":"1","score_mul_speed":"1"}},"status":{"star":5,"difficulty":5,"top_score":0},"planet_top_score":[],"questions":[{"id":"1157","question":"9","answer_option_1":"1","answer_option_2":"4","answer_option_3":"4","answer_option_4":"2","answer_option_5":"4","answer_option_6":"1","fixed_num":"0","difficulty":"5"},{"id":"1166","question":"10","answer_option_1":"2","answer_option_2":"3","answer_option_3":"5","answer_option_4":"9","answer_option_5":"6","answer_option_6":"6","fixed_num":"0","difficulty":"5"},{"id":"1141","question":"5","answer_option_1":"1","answer_option_2":"2","answer_option_3":"2","answer_option_4":"6","answer_option_5":"2","answer_option_6":"1","fixed_num":"0","difficulty":"5"},{"id":"1144","question":"6","answer_option_1":"2","answer_option_2":"2","answer_option_3":"2","answer_option_4":"3","answer_option_5":"5","answer_option_6":"7","fixed_num":"0","difficulty":"5"},{"id":"1160","question":"9","answer_option_1":"3","answer_option_2":"3","answer_option_3":"3","answer_option_4":"5","answer_option_5":"7","answer_option_6":"8","fixed_num":"0","difficulty":"5"},{"id":"1139","question":"4","answer_option_1":"1","answer_option_2":"1","answer_option_3":"2","answer_option_4":"5","answer_option_5":"1","answer_option_6":"6","fixed_num":"0","difficulty":"5"},{"id":"1146","question":"7","answer_option_1":"1","answer_option_2":"2","answer_option_3":"4","answer_option_4":"1","answer_option_5":"4","answer_option_6":"9","fixed_num":"0","difficulty":"5"},{"id":"1140","question":"5","answer_option_1":"1","answer_option_2":"1","answer_option_3":"3","answer_option_4":"6","answer_option_5":"3","answer_option_6":"3","fixed_num":"0","difficulty":"5"},{"id":"1154","question":"9","answer_option_1":"1","answer_option_2":"1","answer_option_3":"7","answer_option_4":"3","answer_option_5":"3","answer_option_6":"7","fixed_num":"0","difficulty":"5"},{"id":"1153","question":"8","answer_option_1":"2","answer_option_2":"3","answer_option_3":"3","answer_option_4":"7","answer_option_5":"4","answer_option_6":"9","fixed_num":"0","difficulty":"5"}]}}