{"status":"success","data":{"planet":{"id":"185","name":"Angle Align","description":"How do you measure angles?","question_count":"10","badges":{"speed":"1","accuracy":"1","score_mul_base":"1","score_mul_accuracy":"1","score_mul_speed":"1"}},"status":{"star":3,"difficulty":4,"top_score":0},"planet_top_score":[],"questions":[{"id":"213327","question":"40\u00b0 + 100\u00b0 from B","answer":"4","plane":"0","difficulty":"4"},{"id":"213270","question":"150\u00b0 + 10\u00b0 from A","answer":"16","plane":"0","difficulty":"4"},{"id":"213778","question":"80\u00b0 + 70\u00b0 from A","answer":"15","plane":"2","difficulty":"4"},{"id":"213406","question":"150\u00b0 + 10\u00b0 from B","answer":"2","plane":"0","difficulty":"4"},{"id":"213921","question":"90\u00b0 + 50\u00b0 from B","answer":"4","plane":"2","difficulty":"4"},{"id":"213426","question":"20\u00b0 + 20\u00b0 from A","answer":"4","plane":"1","difficulty":"4"},{"id":"213508","question":"80\u00b0 + 90\u00b0 from A","answer":"17","plane":"1","difficulty":"4"},{"id":"213475","question":"50\u00b0 + 90\u00b0 from A","answer":"14","plane":"1","difficulty":"4"},{"id":"213599","question":"40\u00b0 + 100\u00b0 from B","answer":"4","plane":"1","difficulty":"4"},{"id":"213729","question":"40\u00b0 + 40\u00b0 from A","answer":"8","plane":"2","difficulty":"4"}]}}