{"status":"success","data":{"planet":{"id":"185","name":"Angle Align","description":"How do you measure angles?","question_count":"10","badges":{"speed":"1","accuracy":"1","score_mul_base":"1","score_mul_accuracy":"1","score_mul_speed":"1"}},"status":{"star":3,"difficulty":4,"top_score":0},"planet_top_score":[],"questions":[{"id":"213206","question":"50\u00b0 + 120\u00b0 from A","answer":"17","plane":"0","difficulty":"4"},{"id":"213317","question":"30\u00b0 + 140\u00b0 from B","answer":"1","plane":"0","difficulty":"4"},{"id":"213884","question":"50\u00b0 + 100\u00b0 from B","answer":"3","plane":"2","difficulty":"4"},{"id":"213734","question":"40\u00b0 + 90\u00b0 from A","answer":"13","plane":"2","difficulty":"4"},{"id":"213505","question":"80\u00b0 + 60\u00b0 from A","answer":"14","plane":"1","difficulty":"4"},{"id":"213655","question":"100\u00b0 + 30\u00b0 from B","answer":"5","plane":"1","difficulty":"4"},{"id":"213940","question":"120\u00b0 + 30\u00b0 from B","answer":"3","plane":"2","difficulty":"4"},{"id":"213561","question":"20\u00b0 + 10\u00b0 from B","answer":"15","plane":"1","difficulty":"4"},{"id":"213584","question":"30\u00b0 + 90\u00b0 from B","answer":"6","plane":"1","difficulty":"4"},{"id":"213208","question":"60\u00b0 + 20\u00b0 from A","answer":"8","plane":"0","difficulty":"4"}]}}