{"status":"success","data":{"planet":{"id":"185","name":"Angle Align","description":"How do you measure angles?","question_count":"10","badges":{"speed":"1","accuracy":"1","score_mul_base":"1","score_mul_accuracy":"1","score_mul_speed":"1"}},"status":{"star":3,"difficulty":4,"top_score":0},"planet_top_score":[],"questions":[{"id":"213392","question":"110\u00b0 + 50\u00b0 from B","answer":"2","plane":"0","difficulty":"4"},{"id":"213285","question":"10\u00b0 + 130\u00b0 from B","answer":"4","plane":"0","difficulty":"4"},{"id":"213404","question":"140\u00b0 + 20\u00b0 from B","answer":"2","plane":"0","difficulty":"4"},{"id":"213398","question":"120\u00b0 + 50\u00b0 from B","answer":"1","plane":"0","difficulty":"4"},{"id":"213840","question":"20\u00b0 + 80\u00b0 from B","answer":"8","plane":"2","difficulty":"4"},{"id":"213647","question":"90\u00b0 + 30\u00b0 from B","answer":"6","plane":"1","difficulty":"4"},{"id":"213595","question":"40\u00b0 + 60\u00b0 from B","answer":"8","plane":"1","difficulty":"4"},{"id":"213235","question":"80\u00b0 + 80\u00b0 from A","answer":"16","plane":"0","difficulty":"4"},{"id":"213325","question":"40\u00b0 + 80\u00b0 from B","answer":"6","plane":"0","difficulty":"4"},{"id":"213588","question":"30\u00b0 + 130\u00b0 from B","answer":"2","plane":"1","difficulty":"4"}]}}