{"status":"success","data":{"planet":{"id":"185","name":"Angle Align","description":"How do you measure angles?","question_count":"10","badges":{"speed":"1","accuracy":"1","score_mul_base":"1","score_mul_accuracy":"1","score_mul_speed":"1"}},"status":{"star":3,"difficulty":4,"top_score":0},"planet_top_score":[],"questions":[{"id":"213187","question":"40\u00b0 + 60\u00b0 from A","answer":"10","plane":"0","difficulty":"4"},{"id":"213662","question":"110\u00b0 + 30\u00b0 from B","answer":"4","plane":"1","difficulty":"4"},{"id":"213574","question":"20\u00b0 + 140\u00b0 from B","answer":"2","plane":"1","difficulty":"4"},{"id":"213475","question":"50\u00b0 + 90\u00b0 from A","answer":"14","plane":"1","difficulty":"4"},{"id":"213840","question":"20\u00b0 + 80\u00b0 from B","answer":"8","plane":"2","difficulty":"4"},{"id":"213778","question":"80\u00b0 + 70\u00b0 from A","answer":"15","plane":"2","difficulty":"4"},{"id":"213243","question":"90\u00b0 + 70\u00b0 from A","answer":"16","plane":"0","difficulty":"4"},{"id":"213783","question":"90\u00b0 + 30\u00b0 from A","answer":"12","plane":"2","difficulty":"4"},{"id":"213469","question":"50\u00b0 + 30\u00b0 from A","answer":"8","plane":"1","difficulty":"4"},{"id":"213586","question":"30\u00b0 + 110\u00b0 from B","answer":"4","plane":"1","difficulty":"4"}]}}