{"status":"success","data":{"planet":{"id":"175","name":"Busy Burger Builder","description":"Quickly build to proportion with 3 ingredients","question_count":"10","badges":{"speed":"1","accuracy":"1","score_mul_base":"1","score_mul_accuracy":"1","score_mul_speed":"1"}},"status":{"star":1,"difficulty":2,"top_score":0},"planet_top_score":[],"questions":[{"id":"338636","patty":"3","greens":"1","cheese":"4","preset_patty":"0","preset_greens":"0","preset_cheese":"0","difficulty":"2"},{"id":"338639","patty":"4","greens":"1","cheese":"3","preset_patty":"0","preset_greens":"0","preset_cheese":"0","difficulty":"2"},{"id":"338626","patty":"1","greens":"5","cheese":"2","preset_patty":"0","preset_greens":"0","preset_cheese":"0","difficulty":"2"},{"id":"338614","patty":"1","greens":"2","cheese":"2","preset_patty":"0","preset_greens":"0","preset_cheese":"0","difficulty":"2"},{"id":"338635","patty":"3","greens":"1","cheese":"3","preset_patty":"0","preset_greens":"0","preset_cheese":"0","difficulty":"2"},{"id":"338633","patty":"2","greens":"1","cheese":"5","preset_patty":"0","preset_greens":"0","preset_cheese":"0","difficulty":"2"},{"id":"338627","patty":"1","greens":"5","cheese":"3","preset_patty":"0","preset_greens":"0","preset_cheese":"0","difficulty":"2"},{"id":"338632","patty":"2","greens":"1","cheese":"4","preset_patty":"0","preset_greens":"0","preset_cheese":"0","difficulty":"2"},{"id":"338640","patty":"4","greens":"1","cheese":"4","preset_patty":"0","preset_greens":"0","preset_cheese":"0","difficulty":"2"},{"id":"338617","patty":"1","greens":"2","cheese":"5","preset_patty":"0","preset_greens":"0","preset_cheese":"0","difficulty":"2"}]}}