{"status":"success","data":{"planet":{"id":"120","name":"Cell Cloning","description":"How do you count multiples?","question_count":"10","badges":{"speed":"1","accuracy":"1","score_mul_base":"1","score_mul_accuracy":"1","score_mul_speed":"1"}},"status":{"star":0,"difficulty":1,"top_score":0},"planet_top_score":[],"questions":[{"id":"328003","answer":"4","option_rows":"4","option_columns":"2","option_boxes":"2","option_product":"8","difficulty":"1"},{"id":"328006","answer":"2","option_rows":"2","option_columns":"2","option_boxes":"2","option_product":"4","difficulty":"1"},{"id":"328004","answer":"4","option_rows":"4","option_columns":"3","option_boxes":"3","option_product":"12","difficulty":"1"},{"id":"328005","answer":"2","option_rows":"2","option_columns":"3","option_boxes":"3","option_product":"6","difficulty":"1"},{"id":"328001","answer":"3","option_rows":"3","option_columns":"3","option_boxes":"3","option_product":"9","difficulty":"1"},{"id":"328002","answer":"3","option_rows":"3","option_columns":"2","option_boxes":"2","option_product":"6","difficulty":"1"}]}}