{"status":"success","data":{"planet":{"id":"185","name":"Angle Align","description":"How do you measure angles?","question_count":"10","badges":{"speed":"1","accuracy":"1","score_mul_base":"1","score_mul_accuracy":"1","score_mul_speed":"1"}},"status":{"star":1,"difficulty":2,"top_score":0},"planet_top_score":[],"questions":[{"id":"213021","question":"120\u00b0 from A","answer":"12","plane":"0","difficulty":"2"},{"id":"213025","question":"160\u00b0 from A","answer":"16","plane":"0","difficulty":"2"},{"id":"213019","question":"100\u00b0 from A","answer":"10","plane":"0","difficulty":"2"},{"id":"213029","question":"120\u00b0 from B","answer":"6","plane":"0","difficulty":"2"},{"id":"213026","question":"170\u00b0 from A","answer":"17","plane":"0","difficulty":"2"},{"id":"213027","question":"100\u00b0 from B","answer":"8","plane":"0","difficulty":"2"},{"id":"213034","question":"170\u00b0 from B","answer":"1","plane":"0","difficulty":"2"},{"id":"213033","question":"160\u00b0 from B","answer":"2","plane":"0","difficulty":"2"},{"id":"213020","question":"110\u00b0 from A","answer":"11","plane":"0","difficulty":"2"},{"id":"213022","question":"130\u00b0 from A","answer":"13","plane":"0","difficulty":"2"}]}}