{"status":"success","data":{"planet":{"id":"185","name":"Angle Align","description":"How do you measure angles?","question_count":"10","badges":{"speed":"1","accuracy":"1","score_mul_base":"1","score_mul_accuracy":"1","score_mul_speed":"1"}},"status":{"star":1,"difficulty":2,"top_score":0},"planet_top_score":[],"questions":[{"id":"213030","question":"130\u00b0 from B","answer":"5","plane":"0","difficulty":"2"},{"id":"213032","question":"150\u00b0 from B","answer":"3","plane":"0","difficulty":"2"},{"id":"213025","question":"160\u00b0 from A","answer":"16","plane":"0","difficulty":"2"},{"id":"213019","question":"100\u00b0 from A","answer":"10","plane":"0","difficulty":"2"},{"id":"213033","question":"160\u00b0 from B","answer":"2","plane":"0","difficulty":"2"},{"id":"213024","question":"150\u00b0 from A","answer":"15","plane":"0","difficulty":"2"},{"id":"213029","question":"120\u00b0 from B","answer":"6","plane":"0","difficulty":"2"},{"id":"213028","question":"110\u00b0 from B","answer":"7","plane":"0","difficulty":"2"},{"id":"213023","question":"140\u00b0 from A","answer":"14","plane":"0","difficulty":"2"},{"id":"213022","question":"130\u00b0 from A","answer":"13","plane":"0","difficulty":"2"}]}}