{"status":"success","data":{"planet":{"id":"134","name":"Gears! Fractions +","description":"Comparing fractions with addition","question_count":"10","badges":{"speed":"1","accuracy":"1","score_mul_base":"1","score_mul_accuracy":"1","score_mul_speed":"1"}},"status":{"star":2,"difficulty":3,"top_score":0},"planet_top_score":[],"questions":[{"id":"368416","difficulty":"3","questions":{"left_question_1":"2\/5","left_question_2":"+","left_question_3":"3\/10","right_question_1":"4\/5","right_question_2":"","right_question_3":""},"answers":{"answer":"<"}},{"id":"368388","difficulty":"3","questions":{"left_question_1":"1\/5","left_question_2":"+","left_question_3":"1\/10","right_question_1":"2\/5","right_question_2":"","right_question_3":""},"answers":{"answer":"<"}},{"id":"368395","difficulty":"3","questions":{"left_question_1":"1\/5","left_question_2":"+","left_question_3":"1\/10","right_question_1":"3\/5","right_question_2":"","right_question_3":""},"answers":{"answer":"<"}},{"id":"368415","difficulty":"3","questions":{"left_question_1":"2\/5","left_question_2":"+","left_question_3":"2\/10","right_question_1":"4\/5","right_question_2":"","right_question_3":""},"answers":{"answer":"<"}},{"id":"368392","difficulty":"3","questions":{"left_question_1":"1\/5","left_question_2":"+","left_question_3":"5\/10","right_question_1":"2\/5","right_question_2":"","right_question_3":""},"answers":{"answer":">"}},{"id":"368379","difficulty":"3","questions":{"left_question_1":"1\/4","left_question_2":"+","left_question_3":"2\/8","right_question_1":"1\/2","right_question_2":"","right_question_3":""},"answers":{"answer":"="}},{"id":"368417","difficulty":"3","questions":{"left_question_1":"2\/5","left_question_2":"+","left_question_3":"4\/10","right_question_1":"4\/5","right_question_2":"","right_question_3":""},"answers":{"answer":"="}},{"id":"368380","difficulty":"3","questions":{"left_question_1":"1\/4","left_question_2":"+","left_question_3":"3\/8","right_question_1":"1\/2","right_question_2":"","right_question_3":""},"answers":{"answer":">"}},{"id":"368387","difficulty":"3","questions":{"left_question_1":"1\/4","left_question_2":"+","left_question_3":"5\/8","right_question_1":"3\/4","right_question_2":"","right_question_3":""},"answers":{"answer":">"}},{"id":"368389","difficulty":"3","questions":{"left_question_1":"1\/5","left_question_2":"+","left_question_3":"2\/10","right_question_1":"2\/5","right_question_2":"","right_question_3":""},"answers":{"answer":"="}}]}}