{"status":"success","data":{"planet":{"id":"134","name":"Gears! Fractions +","description":"Comparing fractions with addition","question_count":"10","badges":{"speed":"1","accuracy":"1","score_mul_base":"1","score_mul_accuracy":"1","score_mul_speed":"1"}},"status":{"star":2,"difficulty":3,"top_score":0},"planet_top_score":[],"questions":[{"id":"368397","difficulty":"3","questions":{"left_question_1":"1\/5","left_question_2":"+","left_question_3":"3\/10","right_question_1":"3\/5","right_question_2":"","right_question_3":""},"answers":{"answer":"<"}},{"id":"368380","difficulty":"3","questions":{"left_question_1":"1\/4","left_question_2":"+","left_question_3":"3\/8","right_question_1":"1\/2","right_question_2":"","right_question_3":""},"answers":{"answer":">"}},{"id":"368400","difficulty":"3","questions":{"left_question_1":"1\/5","left_question_2":"+","left_question_3":"6\/10","right_question_1":"3\/5","right_question_2":"","right_question_3":""},"answers":{"answer":">"}},{"id":"368411","difficulty":"3","questions":{"left_question_1":"2\/5","left_question_2":"+","left_question_3":"3\/10","right_question_1":"3\/5","right_question_2":"","right_question_3":""},"answers":{"answer":">"}},{"id":"368401","difficulty":"3","questions":{"left_question_1":"1\/5","left_question_2":"+","left_question_3":"7\/10","right_question_1":"3\/5","right_question_2":"","right_question_3":""},"answers":{"answer":">"}},{"id":"368390","difficulty":"3","questions":{"left_question_1":"1\/5","left_question_2":"+","left_question_3":"3\/10","right_question_1":"2\/5","right_question_2":"","right_question_3":""},"answers":{"answer":">"}},{"id":"368388","difficulty":"3","questions":{"left_question_1":"1\/5","left_question_2":"+","left_question_3":"1\/10","right_question_1":"2\/5","right_question_2":"","right_question_3":""},"answers":{"answer":"<"}},{"id":"368418","difficulty":"3","questions":{"left_question_1":"2\/5","left_question_2":"+","left_question_3":"5\/10","right_question_1":"4\/5","right_question_2":"","right_question_3":""},"answers":{"answer":">"}},{"id":"368405","difficulty":"3","questions":{"left_question_1":"1\/5","left_question_2":"+","left_question_3":"4\/10","right_question_1":"4\/5","right_question_2":"","right_question_3":""},"answers":{"answer":"<"}},{"id":"368382","difficulty":"3","questions":{"left_question_1":"1\/4","left_question_2":"+","left_question_3":"5\/8","right_question_1":"1\/2","right_question_2":"","right_question_3":""},"answers":{"answer":">"}}]}}