{"status":"success","data":{"planet":{"id":"134","name":"Gears! Fractions +","description":"Comparing fractions with addition","question_count":"10","badges":{"speed":"1","accuracy":"1","score_mul_base":"1","score_mul_accuracy":"1","score_mul_speed":"1"}},"status":{"star":0,"difficulty":1,"top_score":0},"planet_top_score":[],"questions":[{"id":"368264","difficulty":"1","questions":{"left_question_1":"2\/5","left_question_2":"+","left_question_3":"1\/5","right_question_1":"3\/5","right_question_2":"","right_question_3":""},"answers":{"answer":"="}},{"id":"368254","difficulty":"1","questions":{"left_question_1":"1\/5","left_question_2":"+","left_question_3":"2\/5","right_question_1":"2\/5","right_question_2":"","right_question_3":""},"answers":{"answer":">"}},{"id":"368319","difficulty":"1","questions":{"left_question_1":"3\/7","left_question_2":"+","left_question_3":"3\/7","right_question_1":"2\/7","right_question_2":"","right_question_3":""},"answers":{"answer":">"}},{"id":"368332","difficulty":"1","questions":{"left_question_1":"4\/7","left_question_2":"+","left_question_3":"1\/7","right_question_1":"2\/7","right_question_2":"","right_question_3":""},"answers":{"answer":">"}},{"id":"368275","difficulty":"1","questions":{"left_question_1":"1\/7","left_question_2":"+","left_question_3":"4\/7","right_question_1":"2\/7","right_question_2":"","right_question_3":""},"answers":{"answer":">"}},{"id":"368320","difficulty":"1","questions":{"left_question_1":"3\/7","left_question_2":"+","left_question_3":"1\/7","right_question_1":"3\/7","right_question_2":"","right_question_3":""},"answers":{"answer":">"}},{"id":"368281","difficulty":"1","questions":{"left_question_1":"1\/7","left_question_2":"+","left_question_3":"5\/7","right_question_1":"3\/7","right_question_2":"","right_question_3":""},"answers":{"answer":">"}},{"id":"368286","difficulty":"1","questions":{"left_question_1":"1\/7","left_question_2":"+","left_question_3":"5\/7","right_question_1":"4\/7","right_question_2":"","right_question_3":""},"answers":{"answer":">"}},{"id":"368268","difficulty":"1","questions":{"left_question_1":"3\/5","left_question_2":"+","left_question_3":"1\/5","right_question_1":"2\/5","right_question_2":"","right_question_3":""},"answers":{"answer":">"}},{"id":"368339","difficulty":"1","questions":{"left_question_1":"4\/7","left_question_2":"+","left_question_3":"2\/7","right_question_1":"5\/7","right_question_2":"","right_question_3":""},"answers":{"answer":">"}}]}}