{"status":"success","data":{"planet":{"id":"134","name":"Gears! Fractions +","description":"Comparing fractions with addition","question_count":"10","badges":{"speed":"1","accuracy":"1","score_mul_base":"1","score_mul_accuracy":"1","score_mul_speed":"1"}},"status":{"star":0,"difficulty":1,"top_score":0},"planet_top_score":[],"questions":[{"id":"368293","difficulty":"1","questions":{"left_question_1":"1\/7","left_question_2":"+","left_question_3":"2\/7","right_question_1":"6\/7","right_question_2":"","right_question_3":""},"answers":{"answer":"<"}},{"id":"368309","difficulty":"1","questions":{"left_question_1":"2\/7","left_question_2":"+","left_question_3":"1\/7","right_question_1":"5\/7","right_question_2":"","right_question_3":""},"answers":{"answer":"<"}},{"id":"368285","difficulty":"1","questions":{"left_question_1":"1\/7","left_question_2":"+","left_question_3":"4\/7","right_question_1":"4\/7","right_question_2":"","right_question_3":""},"answers":{"answer":">"}},{"id":"368330","difficulty":"1","questions":{"left_question_1":"3\/7","left_question_2":"+","left_question_3":"2\/7","right_question_1":"6\/7","right_question_2":"","right_question_3":""},"answers":{"answer":"<"}},{"id":"368338","difficulty":"1","questions":{"left_question_1":"4\/7","left_question_2":"+","left_question_3":"1\/7","right_question_1":"5\/7","right_question_2":"","right_question_3":""},"answers":{"answer":"="}},{"id":"368261","difficulty":"1","questions":{"left_question_1":"1\/5","left_question_2":"+","left_question_3":"3\/5","right_question_1":"4\/5","right_question_2":"","right_question_3":""},"answers":{"answer":"="}},{"id":"368299","difficulty":"1","questions":{"left_question_1":"2\/7","left_question_2":"+","left_question_3":"3\/7","right_question_1":"2\/7","right_question_2":"","right_question_3":""},"answers":{"answer":">"}},{"id":"368300","difficulty":"1","questions":{"left_question_1":"2\/7","left_question_2":"+","left_question_3":"4\/7","right_question_1":"2\/7","right_question_2":"","right_question_3":""},"answers":{"answer":">"}},{"id":"368262","difficulty":"1","questions":{"left_question_1":"2\/5","left_question_2":"+","left_question_3":"1\/5","right_question_1":"2\/5","right_question_2":"","right_question_3":""},"answers":{"answer":">"}},{"id":"368315","difficulty":"1","questions":{"left_question_1":"2\/7","left_question_2":"+","left_question_3":"3\/7","right_question_1":"6\/7","right_question_2":"","right_question_3":""},"answers":{"answer":"<"}}]}}