{"status":"success","data":{"planet":{"id":"150","name":"Speedy Sushi-San!","description":"Know the shape of your ingredients!","question_count":"10","badges":{"speed":"1","accuracy":"1","score_mul_base":"1","score_mul_accuracy":"1","score_mul_speed":"1"}},"status":{"star":2,"difficulty":3,"top_score":0},"planet_top_score":[],"questions":[{"id":"126","question":"2 Quadrilaterals and 1 Hexagon","difficulty":"3","questions":{"angle3":"3","angle4":"3","angle5":"3","angle6":"3"},"answers":{"angle3":"0","angle4":"2","angle5":"0","angle6":"1"}},{"id":"108","question":"2 Quadrilaterals and 2 Hexagons","difficulty":"3","questions":{"angle3":"4","angle4":"4","angle5":"0","angle6":"4"},"answers":{"angle3":"0","angle4":"2","angle5":"0","angle6":"2"}},{"id":"129","question":"3 Quadrilaterals and 2 Hexagons","difficulty":"3","questions":{"angle3":"3","angle4":"3","angle5":"3","angle6":"3"},"answers":{"angle3":"0","angle4":"3","angle5":"0","angle6":"2"}},{"id":"119","question":"4 Quadrilaterals and 1 Hexagon","difficulty":"3","questions":{"angle3":"0","angle4":"4","angle5":"4","angle6":"4"},"answers":{"angle3":"0","angle4":"4","angle5":"0","angle6":"1"}},{"id":"117","question":"3 Quadrilaterals and 1 Hexagon","difficulty":"3","questions":{"angle3":"0","angle4":"4","angle5":"4","angle6":"4"},"answers":{"angle3":"0","angle4":"3","angle5":"0","angle6":"1"}},{"id":"125","question":"1 Quadrilateral and 1 Hexagon","difficulty":"3","questions":{"angle3":"3","angle4":"3","angle5":"3","angle6":"3"},"answers":{"angle3":"0","angle4":"1","angle5":"0","angle6":"1"}},{"id":"115","question":"1 Quadrilateral and 1 Hexagon","difficulty":"3","questions":{"angle3":"0","angle4":"4","angle5":"4","angle6":"4"},"answers":{"angle3":"0","angle4":"1","angle5":"0","angle6":"1"}},{"id":"107","question":"3 Quadrilaterals and 1 Hexagon","difficulty":"3","questions":{"angle3":"4","angle4":"4","angle5":"0","angle6":"4"},"answers":{"angle3":"0","angle4":"3","angle5":"0","angle6":"1"}},{"id":"130","question":"3 Quadrilaterals and 3 Hexagons","difficulty":"3","questions":{"angle3":"3","angle4":"3","angle5":"3","angle6":"3"},"answers":{"angle3":"0","angle4":"3","angle5":"0","angle6":"3"}},{"id":"127","question":"3 Quadrilaterals and 1 Hexagon","difficulty":"3","questions":{"angle3":"3","angle4":"3","angle5":"3","angle6":"3"},"answers":{"angle3":"0","angle4":"3","angle5":"0","angle6":"1"}}]}}