{"status":"success","data":{"planet":{"id":"150","name":"Speedy Sushi-San!","description":"Know the shape of your ingredients!","question_count":"10","badges":{"speed":"1","accuracy":"1","score_mul_base":"1","score_mul_accuracy":"1","score_mul_speed":"1"}},"status":{"star":1,"difficulty":2,"top_score":0},"planet_top_score":[],"questions":[{"id":"77","question":"3 Triangles and 2 Pentagons","difficulty":"2","questions":{"angle3":"3","angle4":"3","angle5":"3","angle6":"3"},"answers":{"angle3":"3","angle4":"0","angle5":"2","angle6":"0"}},{"id":"28","question":"2 Quadrilaterals and 1 Pentagon","difficulty":"2","questions":{"angle3":"4","angle4":"4","angle5":"4","angle6":"0"},"answers":{"angle3":"0","angle4":"2","angle5":"1","angle6":"0"}},{"id":"52","question":"3 Quadrilaterals and 3 Pentagons","difficulty":"2","questions":{"angle3":"3","angle4":"3","angle5":"3","angle6":"3"},"answers":{"angle3":"0","angle4":"3","angle5":"3","angle6":"0"}},{"id":"31","question":"4 Quadrilaterals and 1 Pentagon","difficulty":"2","questions":{"angle3":"4","angle4":"4","angle5":"4","angle6":"0"},"answers":{"angle3":"0","angle4":"4","angle5":"1","angle6":"0"}},{"id":"47","question":"1 Quadrilateral and 1 Pentagon","difficulty":"2","questions":{"angle3":"3","angle4":"3","angle5":"3","angle6":"3"},"answers":{"angle3":"0","angle4":"1","angle5":"1","angle6":"0"}},{"id":"76","question":"2 Triangles and 2 Pentagons","difficulty":"2","questions":{"angle3":"3","angle4":"3","angle5":"3","angle6":"3"},"answers":{"angle3":"2","angle4":"0","angle5":"2","angle6":"0"}},{"id":"41","question":"4 Quadrilaterals and 1 Pentagon","difficulty":"2","questions":{"angle3":"0","angle4":"4","angle5":"4","angle6":"4"},"answers":{"angle3":"0","angle4":"4","angle5":"1","angle6":"0"}},{"id":"38","question":"2 Quadrilaterals and 1 Pentagon","difficulty":"2","questions":{"angle3":"0","angle4":"4","angle5":"4","angle6":"4"},"answers":{"angle3":"0","angle4":"2","angle5":"1","angle6":"0"}},{"id":"40","question":"2 Quadrilaterals and 2 Pentagons","difficulty":"2","questions":{"angle3":"0","angle4":"4","angle5":"4","angle6":"4"},"answers":{"angle3":"0","angle4":"2","angle5":"2","angle6":"0"}},{"id":"73","question":"1 Triangle and 1 Pentagon","difficulty":"2","questions":{"angle3":"3","angle4":"3","angle5":"3","angle6":"3"},"answers":{"angle3":"1","angle4":"0","angle5":"1","angle6":"0"}}]}}