{"status":"success","data":{"planet":{"id":"502","name":"Sushi Shape","description":"Recognize shapes by pattern","question_count":"10","badges":{"speed":"1","accuracy":"1","score_mul_base":"1","score_mul_accuracy":"1","score_mul_speed":"1"}},"status":{"star":0,"difficulty":1,"top_score":0},"planet_top_score":[],"questions":[{"id":"333014","question":"t","difficulty":"1","questions":{"angle3":"0","angle4":"0","angle5":"0","angle6":"0"},"answers":{"angle3":"0","angle4":"0","angle5":"0","angle6":"0"}},{"id":"333016","question":"t","difficulty":"1","questions":{"angle3":"0","angle4":"0","angle5":"0","angle6":"0"},"answers":{"angle3":"0","angle4":"0","angle5":"0","angle6":"0"}},{"id":"333002","question":"t","difficulty":"1","questions":{"angle3":"0","angle4":"0","angle5":"0","angle6":"0"},"answers":{"angle3":"0","angle4":"0","angle5":"0","angle6":"0"}},{"id":"333015","question":"c","difficulty":"1","questions":{"angle3":"0","angle4":"0","angle5":"0","angle6":"0"},"answers":{"angle3":"0","angle4":"0","angle5":"0","angle6":"0"}},{"id":"333017","question":"c","difficulty":"1","questions":{"angle3":"0","angle4":"0","angle5":"0","angle6":"0"},"answers":{"angle3":"0","angle4":"0","angle5":"0","angle6":"0"}},{"id":"333013","question":"c","difficulty":"1","questions":{"angle3":"0","angle4":"0","angle5":"0","angle6":"0"},"answers":{"angle3":"0","angle4":"0","angle5":"0","angle6":"0"}},{"id":"333018","question":"t","difficulty":"1","questions":{"angle3":"0","angle4":"0","angle5":"0","angle6":"0"},"answers":{"angle3":"0","angle4":"0","angle5":"0","angle6":"0"}},{"id":"333001","question":"c","difficulty":"1","questions":{"angle3":"0","angle4":"0","angle5":"0","angle6":"0"},"answers":{"angle3":"0","angle4":"0","angle5":"0","angle6":"0"}},{"id":"333019","question":"c","difficulty":"1","questions":{"angle3":"0","angle4":"0","angle5":"0","angle6":"0"},"answers":{"angle3":"0","angle4":"0","angle5":"0","angle6":"0"}},{"id":"333020","question":"t","difficulty":"1","questions":{"angle3":"0","angle4":"0","angle5":"0","angle6":"0"},"answers":{"angle3":"0","angle4":"0","angle5":"0","angle6":"0"}}]}}