{"status":"success","data":{"planet":{"id":"134","name":"Gears! Fractions +","description":"Comparing fractions with addition","question_count":"10","badges":{"speed":"1","accuracy":"1","score_mul_base":"1","score_mul_accuracy":"1","score_mul_speed":"1"}},"status":{"star":1,"difficulty":2,"top_score":0},"planet_top_score":[],"questions":[{"id":"368351","difficulty":"2","questions":{"left_question_1":"3\/10","left_question_2":"+","left_question_3":"3\/10","right_question_1":"3\/10","right_question_2":"","right_question_3":""},"answers":{"answer":">"}},{"id":"368359","difficulty":"2","questions":{"left_question_1":"1\/10","left_question_2":"+","left_question_3":"1\/10","right_question_1":"9\/10","right_question_2":"","right_question_3":""},"answers":{"answer":"<"}},{"id":"368372","difficulty":"2","questions":{"left_question_1":"7\/12","left_question_2":"+","left_question_3":"1\/12","right_question_1":"7\/12","right_question_2":"","right_question_3":""},"answers":{"answer":">"}},{"id":"368356","difficulty":"2","questions":{"left_question_1":"3\/10","left_question_2":"+","left_question_3":"1\/10","right_question_1":"7\/10","right_question_2":"","right_question_3":""},"answers":{"answer":"<"}},{"id":"368362","difficulty":"2","questions":{"left_question_1":"3\/10","left_question_2":"+","left_question_3":"1\/10","right_question_1":"9\/10","right_question_2":"","right_question_3":""},"answers":{"answer":"<"}},{"id":"368370","difficulty":"2","questions":{"left_question_1":"1\/12","left_question_2":"+","left_question_3":"1\/12","right_question_1":"7\/12","right_question_2":"","right_question_3":""},"answers":{"answer":"<"}},{"id":"368347","difficulty":"1","questions":{"left_question_1":"1\/10","left_question_2":"+","left_question_3":"1\/10","right_question_1":"3\/10","right_question_2":"","right_question_3":""},"answers":{"answer":"<"}},{"id":"368353","difficulty":"2","questions":{"left_question_1":"1\/10","left_question_2":"+","left_question_3":"1\/10","right_question_1":"7\/10","right_question_2":"","right_question_3":""},"answers":{"answer":"<"}},{"id":"368365","difficulty":"2","questions":{"left_question_1":"1\/12","left_question_2":"+","left_question_3":"1\/12","right_question_1":"5\/12","right_question_2":"","right_question_3":""},"answers":{"answer":"<"}},{"id":"368349","difficulty":"2","questions":{"left_question_1":"1\/10","left_question_2":"+","left_question_3":"7\/10","right_question_1":"3\/10","right_question_2":"","right_question_3":""},"answers":{"answer":">"}}]}}