{"status":"success","data":{"planet":{"id":114,"name":"More or Less? (Gears)","description":"What do the signs mean? (>=< 40)","question_count":10,"badges":{"speed":"1","accuracy":"1","score_mul_base":"1","score_mul_accuracy":"1","score_mul_speed":"1"}},"status":{"star":0,"difficulty":1,"top_score":0},"planet_top_score":[],"questions":[{"id":5078,"difficulty":1,"questions":{"left_question_1":"8","left_question_2":"","left_question_3":null,"right_question_1":"8","right_question_2":"","right_question_3":null},"answers":{"answer":"="},"subject":[{"subject_code":"subject_2","name":"subject_2","description":"subject_2"}]},{"id":5068,"difficulty":1,"questions":{"left_question_1":"7","left_question_2":"","left_question_3":null,"right_question_1":"8","right_question_2":"","right_question_3":null},"answers":{"answer":"<"},"subject":[{"subject_code":"subject_2","name":"subject_2","description":"subject_2"}]},{"id":5056,"difficulty":1,"questions":{"left_question_1":"6","left_question_2":"","left_question_3":null,"right_question_1":"6","right_question_2":"","right_question_3":null},"answers":{"answer":"="},"subject":[{"subject_code":"subject_2","name":"subject_2","description":"subject_2"}]},{"id":5009,"difficulty":1,"questions":{"left_question_1":"1","left_question_2":"","left_question_3":null,"right_question_1":"9","right_question_2":"","right_question_3":null},"answers":{"answer":"<"},"subject":[{"subject_code":"subject_1","name":"subject_1","description":"subject_1"}]},{"id":5017,"difficulty":1,"questions":{"left_question_1":"2","left_question_2":"","left_question_3":null,"right_question_1":"7","right_question_2":"","right_question_3":null},"answers":{"answer":"<"},"subject":[{"subject_code":"subject_1","name":"subject_1","description":"subject_1"}]},{"id":5004,"difficulty":1,"questions":{"left_question_1":"1","left_question_2":"","left_question_3":null,"right_question_1":"4","right_question_2":"","right_question_3":null},"answers":{"answer":"<"},"subject":[{"subject_code":"subject_3","name":"subject_3","description":"subject_3"},{"subject_code":"subject_2","name":"subject_2","description":"subject_2"},{"subject_code":"subject_3","name":"subject_3","description":"subject_3"}]},{"id":5039,"difficulty":1,"questions":{"left_question_1":"4","left_question_2":"","left_question_3":null,"right_question_1":"9","right_question_2":"","right_question_3":null},"answers":{"answer":"<"},"subject":[{"subject_code":"subject_1","name":"subject_1","description":"subject_1"}]},{"id":5022,"difficulty":1,"questions":{"left_question_1":"3","left_question_2":"","left_question_3":null,"right_question_1":"2","right_question_2":"","right_question_3":null},"answers":{"answer":">"},"subject":[{"subject_code":"subject_2","name":"subject_2","description":"subject_2"},{"subject_code":"subject_3","name":"subject_3","description":"subject_3"}]},{"id":5035,"difficulty":1,"questions":{"left_question_1":"4","left_question_2":"","left_question_3":null,"right_question_1":"5","right_question_2":"","right_question_3":null},"answers":{"answer":"<"},"subject":[{"subject_code":"subject_1","name":"subject_1","description":"subject_1"}]},{"id":5086,"difficulty":1,"questions":{"left_question_1":"9","left_question_2":"","left_question_3":null,"right_question_1":"6","right_question_2":"","right_question_3":null},"answers":{"answer":">"},"subject":[{"subject_code":"subject_2","name":"subject_2","description":"subject_2"}]}]}}