{"status":"success","data":{"planet":{"id":"175","name":"Busy Burger Builder","description":"Quickly build to proportion with 3 ingredients","question_count":"10","badges":{"speed":"1","accuracy":"1","score_mul_base":"1","score_mul_accuracy":"1","score_mul_speed":"1"}},"status":{"star":0,"difficulty":1,"top_score":0},"planet_top_score":[],"questions":[{"id":"338604","patty":"1","greens":"1","cheese":"4","preset_patty":"0","preset_greens":"0","preset_cheese":"0","difficulty":"1"},{"id":"338607","patty":"1","greens":"3","cheese":"1","preset_patty":"0","preset_greens":"0","preset_cheese":"0","difficulty":"1"},{"id":"338611","patty":"3","greens":"1","cheese":"1","preset_patty":"0","preset_greens":"0","preset_cheese":"0","difficulty":"1"},{"id":"338605","patty":"1","greens":"1","cheese":"5","preset_patty":"0","preset_greens":"0","preset_cheese":"0","difficulty":"1"},{"id":"338602","patty":"1","greens":"1","cheese":"2","preset_patty":"0","preset_greens":"0","preset_cheese":"0","difficulty":"1"},{"id":"338612","patty":"4","greens":"1","cheese":"1","preset_patty":"0","preset_greens":"0","preset_cheese":"0","difficulty":"1"},{"id":"338610","patty":"2","greens":"1","cheese":"1","preset_patty":"0","preset_greens":"0","preset_cheese":"0","difficulty":"1"},{"id":"338601","patty":"1","greens":"1","cheese":"1","preset_patty":"0","preset_greens":"0","preset_cheese":"0","difficulty":"1"},{"id":"338609","patty":"1","greens":"5","cheese":"1","preset_patty":"0","preset_greens":"0","preset_cheese":"0","difficulty":"1"},{"id":"338603","patty":"1","greens":"1","cheese":"3","preset_patty":"0","preset_greens":"0","preset_cheese":"0","difficulty":"1"}]}}