{"status":"success","data":{"planet":{"id":"106","name":"Space Shuttle 2","description":"Making the number up to 20","question_count":"10","badges":null},"status":{"star":2,"difficulty":3,"top_score":0},"planet_top_score":[],"questions":[{"id":"209103","question":"13","answer_option_1":"1","answer_option_2":"5","answer_option_3":"7","answer_option_4":"4","answer_option_5":"","answer_option_6":"","fixed_num":"3","difficulty":"3"},{"id":"209114","question":"15","answer_option_1":"4","answer_option_2":"2","answer_option_3":"5","answer_option_4":"6","answer_option_5":"","answer_option_6":"","fixed_num":"4","difficulty":"3"},{"id":"209100","question":"12","answer_option_1":"1","answer_option_2":"2","answer_option_3":"4","answer_option_4":"8","answer_option_5":"","answer_option_6":"","fixed_num":"5","difficulty":"3"},{"id":"209107","question":"14","answer_option_1":"2","answer_option_2":"3","answer_option_3":"7","answer_option_4":"8","answer_option_5":"","answer_option_6":"","fixed_num":"2","difficulty":"3"},{"id":"209104","question":"13","answer_option_1":"4","answer_option_2":"2","answer_option_3":"3","answer_option_4":"8","answer_option_5":"","answer_option_6":"","fixed_num":"4","difficulty":"3"},{"id":"209092","question":"11","answer_option_1":"1","answer_option_2":"6","answer_option_3":"2","answer_option_4":"4","answer_option_5":"","answer_option_6":"","fixed_num":"2","difficulty":"3"},{"id":"209097","question":"12","answer_option_1":"1","answer_option_2":"5","answer_option_3":"7","answer_option_4":"4","answer_option_5":"","answer_option_6":"","fixed_num":"2","difficulty":"3"},{"id":"209095","question":"11","answer_option_1":"1","answer_option_2":"2","answer_option_3":"3","answer_option_4":"7","answer_option_5":"","answer_option_6":"","fixed_num":"5","difficulty":"3"},{"id":"209101","question":"13","answer_option_1":"4","answer_option_2":"2","answer_option_3":"6","answer_option_4":"3","answer_option_5":"","answer_option_6":"","fixed_num":"1","difficulty":"3"},{"id":"209108","question":"14","answer_option_1":"6","answer_option_2":"1","answer_option_3":"4","answer_option_4":"9","answer_option_5":"","answer_option_6":"","fixed_num":"3","difficulty":"3"}]}}