{"status":"success","data":{"planet":{"id":"106","name":"Space Shuttle 2","description":"Making the number up to 20","question_count":"10","badges":null},"status":{"star":2,"difficulty":3,"top_score":0},"planet_top_score":[],"questions":[{"id":"209112","question":"15","answer_option_1":"6","answer_option_2":"2","answer_option_3":"5","answer_option_4":"4","answer_option_5":"","answer_option_6":"","fixed_num":"2","difficulty":"3"},{"id":"209095","question":"11","answer_option_1":"1","answer_option_2":"2","answer_option_3":"3","answer_option_4":"7","answer_option_5":"","answer_option_6":"","fixed_num":"5","difficulty":"3"},{"id":"209106","question":"14","answer_option_1":"4","answer_option_2":"3","answer_option_3":"6","answer_option_4":"5","answer_option_5":"","answer_option_6":"","fixed_num":"1","difficulty":"3"},{"id":"209111","question":"15","answer_option_1":"2","answer_option_2":"7","answer_option_3":"5","answer_option_4":"3","answer_option_5":"","answer_option_6":"","fixed_num":"1","difficulty":"3"},{"id":"209115","question":"15","answer_option_1":"3","answer_option_2":"2","answer_option_3":"5","answer_option_4":"6","answer_option_5":"","answer_option_6":"","fixed_num":"5","difficulty":"3"},{"id":"209092","question":"11","answer_option_1":"1","answer_option_2":"6","answer_option_3":"2","answer_option_4":"4","answer_option_5":"","answer_option_6":"","fixed_num":"2","difficulty":"3"},{"id":"209097","question":"12","answer_option_1":"1","answer_option_2":"5","answer_option_3":"7","answer_option_4":"4","answer_option_5":"","answer_option_6":"","fixed_num":"2","difficulty":"3"},{"id":"209094","question":"11","answer_option_1":"1","answer_option_2":"2","answer_option_3":"3","answer_option_4":"4","answer_option_5":"","answer_option_6":"","fixed_num":"4","difficulty":"3"},{"id":"209091","question":"11","answer_option_1":"2","answer_option_2":"5","answer_option_3":"3","answer_option_4":"9","answer_option_5":"","answer_option_6":"","fixed_num":"1","difficulty":"3"},{"id":"209109","question":"14","answer_option_1":"3","answer_option_2":"5","answer_option_3":"2","answer_option_4":"6","answer_option_5":"","answer_option_6":"","fixed_num":"4","difficulty":"3"}]}}