{"status":"success","data":{"planet":{"id":"130","name":"Super Fast Builder","description":"How fast can you make 9999?","question_count":"10","badges":{"speed":"1","accuracy":"1","score_mul_base":"1","score_mul_accuracy":"1","score_mul_speed":"1"}},"status":{"star":5,"difficulty":5,"top_score":0},"planet_top_score":[],"questions":[{"id":"365495","question":"9500","answer_option_1":"3210","answer_option_2":"2130","answer_option_3":"4160","answer_option_4":"2320","answer_option_5":"2020","answer_option_6":"4190","fixed_num":"4110","difficulty":"5"},{"id":"365451","question":"7500","answer_option_1":"3200","answer_option_2":"2100","answer_option_3":"2200","answer_option_4":"2910","answer_option_5":"2020","answer_option_6":"3010","fixed_num":"2150","difficulty":"5"},{"id":"365459","question":"7500","answer_option_1":"3150","answer_option_2":"2250","answer_option_3":"2100","answer_option_4":"2110","answer_option_5":"2480","answer_option_6":"2270","fixed_num":"2050","difficulty":"5"},{"id":"365472","question":"8500","answer_option_1":"3510","answer_option_2":"2810","answer_option_3":"2180","answer_option_4":"2770","answer_option_5":"2680","answer_option_6":"3630","fixed_num":"2130","difficulty":"5"},{"id":"365453","question":"7500","answer_option_1":"2180","answer_option_2":"2130","answer_option_3":"3190","answer_option_4":"2530","answer_option_5":"1230","answer_option_6":"2150","fixed_num":"3140","difficulty":"5"},{"id":"365500","question":"9500","answer_option_1":"3250","answer_option_2":"3120","answer_option_3":"3130","answer_option_4":"3480","answer_option_5":"3270","answer_option_6":"2280","fixed_num":"3080","difficulty":"5"},{"id":"365474","question":"8500","answer_option_1":"2140","answer_option_2":"3410","answer_option_3":"2950","answer_option_4":"1170","answer_option_5":"3560","answer_option_6":"3200","fixed_num":"2900","difficulty":"5"},{"id":"365497","question":"9500","answer_option_1":"3610","answer_option_2":"2450","answer_option_3":"3440","answer_option_4":"1480","answer_option_5":"4350","answer_option_6":"1740","fixed_num":"3390","difficulty":"5"},{"id":"365493","question":"9500","answer_option_1":"3210","answer_option_2":"3810","answer_option_3":"2480","answer_option_4":"3800","answer_option_5":"2330","answer_option_6":"2380","fixed_num":"2430","difficulty":"5"},{"id":"365458","question":"7500","answer_option_1":"2580","answer_option_2":"2180","answer_option_3":"2740","answer_option_4":"2120","answer_option_5":"1820","answer_option_6":"1770","fixed_num":"2690","difficulty":"5"}]}}