{"status":"success","data":{"planet":{"id":"130","name":"Super Fast Builder","description":"How fast can you make 9999?","question_count":"10","badges":{"speed":"1","accuracy":"1","score_mul_base":"1","score_mul_accuracy":"1","score_mul_speed":"1"}},"status":{"star":5,"difficulty":5,"top_score":0},"planet_top_score":[],"questions":[{"id":"365485","question":"9000","answer_option_1":"3210","answer_option_2":"2610","answer_option_3":"3180","answer_option_4":"4050","answer_option_5":"3990","answer_option_6":"2480","fixed_num":"3130","difficulty":"5"},{"id":"365459","question":"7500","answer_option_1":"3150","answer_option_2":"2250","answer_option_3":"2100","answer_option_4":"2110","answer_option_5":"2480","answer_option_6":"2270","fixed_num":"2050","difficulty":"5"},{"id":"365466","question":"8000","answer_option_1":"2520","answer_option_2":"2410","answer_option_3":"3070","answer_option_4":"1830","answer_option_5":"3680","answer_option_6":"3990","fixed_num":"3020","difficulty":"5"},{"id":"365472","question":"8500","answer_option_1":"3510","answer_option_2":"2810","answer_option_3":"2180","answer_option_4":"2770","answer_option_5":"2680","answer_option_6":"3630","fixed_num":"2130","difficulty":"5"},{"id":"365467","question":"8000","answer_option_1":"3210","answer_option_2":"2890","answer_option_3":"1900","answer_option_4":"2770","answer_option_5":"3630","answer_option_6":"3940","fixed_num":"1850","difficulty":"5"},{"id":"365469","question":"8000","answer_option_1":"3180","answer_option_2":"2180","answer_option_3":"2640","answer_option_4":"1460","answer_option_5":"3200","answer_option_6":"2400","fixed_num":"2590","difficulty":"5"},{"id":"365495","question":"9500","answer_option_1":"3210","answer_option_2":"2130","answer_option_3":"4160","answer_option_4":"2320","answer_option_5":"2020","answer_option_6":"4190","fixed_num":"4110","difficulty":"5"},{"id":"365468","question":"8000","answer_option_1":"2450","answer_option_2":"2560","answer_option_3":"2990","answer_option_4":"2690","answer_option_5":"2900","answer_option_6":"1610","fixed_num":"2940","difficulty":"5"},{"id":"365463","question":"8000","answer_option_1":"3100","answer_option_2":"3100","answer_option_3":"1800","answer_option_4":"3120","answer_option_5":"3690","answer_option_6":"1060","fixed_num":"1750","difficulty":"5"},{"id":"365477","question":"8500","answer_option_1":"2140","answer_option_2":"3910","answer_option_3":"2450","answer_option_4":"3110","answer_option_5":"2300","answer_option_6":"3880","fixed_num":"2400","difficulty":"5"}]}}