{"status":"success","data":{"planet":{"id":"130","name":"Super Fast Builder","description":"How fast can you make 9999?","question_count":"10","badges":{"speed":"1","accuracy":"1","score_mul_base":"1","score_mul_accuracy":"1","score_mul_speed":"1"}},"status":{"star":5,"difficulty":5,"top_score":0},"planet_top_score":[],"questions":[{"id":"365460","question":"7500","answer_option_1":"3180","answer_option_2":"2130","answer_option_3":"2190","answer_option_4":"2350","answer_option_5":"1390","answer_option_6":"2370","fixed_num":"2140","difficulty":"5"},{"id":"365456","question":"7500","answer_option_1":"3190","answer_option_2":"2130","answer_option_3":"2180","answer_option_4":"3060","answer_option_5":"3280","answer_option_6":"1270","fixed_num":"2130","difficulty":"5"},{"id":"365474","question":"8500","answer_option_1":"2140","answer_option_2":"3410","answer_option_3":"2950","answer_option_4":"1170","answer_option_5":"3560","answer_option_6":"3200","fixed_num":"2900","difficulty":"5"},{"id":"365468","question":"8000","answer_option_1":"2450","answer_option_2":"2560","answer_option_3":"2990","answer_option_4":"2690","answer_option_5":"2900","answer_option_6":"1610","fixed_num":"2940","difficulty":"5"},{"id":"365491","question":"9500","answer_option_1":"2510","answer_option_2":"2420","answer_option_3":"4570","answer_option_4":"1550","answer_option_5":"1190","answer_option_6":"4010","fixed_num":"4520","difficulty":"5"},{"id":"365480","question":"8500","answer_option_1":"3210","answer_option_2":"3210","answer_option_3":"2080","answer_option_4":"2400","answer_option_5":"2400","answer_option_6":"1880","fixed_num":"2030","difficulty":"5"},{"id":"365470","question":"8000","answer_option_1":"3250","answer_option_2":"2450","answer_option_3":"2300","answer_option_4":"3610","answer_option_5":"2520","answer_option_6":"1380","fixed_num":"2250","difficulty":"5"},{"id":"365463","question":"8000","answer_option_1":"3100","answer_option_2":"3100","answer_option_3":"1800","answer_option_4":"3120","answer_option_5":"3690","answer_option_6":"1060","fixed_num":"1750","difficulty":"5"},{"id":"365483","question":"9000","answer_option_1":"3240","answer_option_2":"2130","answer_option_3":"3630","answer_option_4":"2960","answer_option_5":"2650","answer_option_6":"1450","fixed_num":"3580","difficulty":"5"},{"id":"365485","question":"9000","answer_option_1":"3210","answer_option_2":"2610","answer_option_3":"3180","answer_option_4":"4050","answer_option_5":"3990","answer_option_6":"2480","fixed_num":"3130","difficulty":"5"}]}}