{"status":"success","data":{"planet":{"id":"130","name":"Super Fast Builder","description":"How fast can you make 9999?","question_count":"10","badges":{"speed":"1","accuracy":"1","score_mul_base":"1","score_mul_accuracy":"1","score_mul_speed":"1"}},"status":{"star":5,"difficulty":5,"top_score":0},"planet_top_score":[],"questions":[{"id":"365462","question":"8000","answer_option_1":"2140","answer_option_2":"2130","answer_option_3":"3730","answer_option_4":"3190","answer_option_5":"3710","answer_option_6":"3930","fixed_num":"3680","difficulty":"5"},{"id":"365498","question":"9500","answer_option_1":"3210","answer_option_2":"2810","answer_option_3":"3480","answer_option_4":"1390","answer_option_5":"2760","answer_option_6":"1730","fixed_num":"3430","difficulty":"5"},{"id":"365487","question":"9000","answer_option_1":"3210","answer_option_2":"3240","answer_option_3":"2550","answer_option_4":"2940","answer_option_5":"4120","answer_option_6":"2260","fixed_num":"2500","difficulty":"5"},{"id":"365474","question":"8500","answer_option_1":"2140","answer_option_2":"3410","answer_option_3":"2950","answer_option_4":"1170","answer_option_5":"3560","answer_option_6":"3200","fixed_num":"2900","difficulty":"5"},{"id":"365458","question":"7500","answer_option_1":"2580","answer_option_2":"2180","answer_option_3":"2740","answer_option_4":"2120","answer_option_5":"1820","answer_option_6":"1770","fixed_num":"2690","difficulty":"5"},{"id":"365492","question":"9500","answer_option_1":"3210","answer_option_2":"2110","answer_option_3":"4180","answer_option_4":"3560","answer_option_5":"2110","answer_option_6":"4750","fixed_num":"4130","difficulty":"5"},{"id":"365459","question":"7500","answer_option_1":"3150","answer_option_2":"2250","answer_option_3":"2100","answer_option_4":"2110","answer_option_5":"2480","answer_option_6":"2270","fixed_num":"2050","difficulty":"5"},{"id":"365456","question":"7500","answer_option_1":"3190","answer_option_2":"2130","answer_option_3":"2180","answer_option_4":"3060","answer_option_5":"3280","answer_option_6":"1270","fixed_num":"2130","difficulty":"5"},{"id":"365486","question":"9000","answer_option_1":"2310","answer_option_2":"3810","answer_option_3":"2880","answer_option_4":"3220","answer_option_5":"4140","answer_option_6":"1060","fixed_num":"2830","difficulty":"5"},{"id":"365480","question":"8500","answer_option_1":"3210","answer_option_2":"3210","answer_option_3":"2080","answer_option_4":"2400","answer_option_5":"2400","answer_option_6":"1880","fixed_num":"2030","difficulty":"5"}]}}