{"status":"success","data":{"planet":{"id":"130","name":"Super Fast Builder","description":"How fast can you make 9999?","question_count":"10","badges":{"speed":"1","accuracy":"1","score_mul_base":"1","score_mul_accuracy":"1","score_mul_speed":"1"}},"status":{"star":5,"difficulty":5,"top_score":0},"planet_top_score":[],"questions":[{"id":"365479","question":"8500","answer_option_1":"3240","answer_option_2":"2180","answer_option_3":"3080","answer_option_4":"3740","answer_option_5":"2770","answer_option_6":"1280","fixed_num":"3030","difficulty":"5"},{"id":"365490","question":"9000","answer_option_1":"3250","answer_option_2":"3120","answer_option_3":"2630","answer_option_4":"4230","answer_option_5":"1640","answer_option_6":"3050","fixed_num":"2580","difficulty":"5"},{"id":"365478","question":"8500","answer_option_1":"3210","answer_option_2":"3130","answer_option_3":"2160","answer_option_4":"3570","answer_option_5":"1590","answer_option_6":"3860","fixed_num":"2110","difficulty":"5"},{"id":"365495","question":"9500","answer_option_1":"3210","answer_option_2":"2130","answer_option_3":"4160","answer_option_4":"2320","answer_option_5":"2020","answer_option_6":"4190","fixed_num":"4110","difficulty":"5"},{"id":"365488","question":"9000","answer_option_1":"3510","answer_option_2":"3700","answer_option_3":"1790","answer_option_4":"1760","answer_option_5":"1070","answer_option_6":"4120","fixed_num":"1740","difficulty":"5"},{"id":"365466","question":"8000","answer_option_1":"2520","answer_option_2":"2410","answer_option_3":"3070","answer_option_4":"1830","answer_option_5":"3680","answer_option_6":"3990","fixed_num":"3020","difficulty":"5"},{"id":"365469","question":"8000","answer_option_1":"3180","answer_option_2":"2180","answer_option_3":"2640","answer_option_4":"1460","answer_option_5":"3200","answer_option_6":"2400","fixed_num":"2590","difficulty":"5"},{"id":"365451","question":"7500","answer_option_1":"3200","answer_option_2":"2100","answer_option_3":"2200","answer_option_4":"2910","answer_option_5":"2020","answer_option_6":"3010","fixed_num":"2150","difficulty":"5"},{"id":"365474","question":"8500","answer_option_1":"2140","answer_option_2":"3410","answer_option_3":"2950","answer_option_4":"1170","answer_option_5":"3560","answer_option_6":"3200","fixed_num":"2900","difficulty":"5"},{"id":"365459","question":"7500","answer_option_1":"3150","answer_option_2":"2250","answer_option_3":"2100","answer_option_4":"2110","answer_option_5":"2480","answer_option_6":"2270","fixed_num":"2050","difficulty":"5"}]}}