{"status":"success","data":{"planet":{"id":"156","name":"Super Builder","description":"Make the number up to 9999","question_count":"10","badges":{"speed":"1","accuracy":"1","score_mul_base":"1","score_mul_accuracy":"1","score_mul_speed":"1"}},"status":{"star":5,"difficulty":5,"top_score":0},"planet_top_score":[],"questions":[{"id":"365492","question":"9500","answer_option_1":"3210","answer_option_2":"2110","answer_option_3":"4180","answer_option_4":"3560","answer_option_5":"2110","answer_option_6":"4750","fixed_num":"4130","difficulty":"5"},{"id":"365491","question":"9500","answer_option_1":"2510","answer_option_2":"2420","answer_option_3":"4570","answer_option_4":"1550","answer_option_5":"1190","answer_option_6":"4010","fixed_num":"4520","difficulty":"5"},{"id":"365469","question":"8000","answer_option_1":"3180","answer_option_2":"2180","answer_option_3":"2640","answer_option_4":"1460","answer_option_5":"3200","answer_option_6":"2400","fixed_num":"2590","difficulty":"5"},{"id":"365452","question":"7500","answer_option_1":"3100","answer_option_2":"2180","answer_option_3":"2220","answer_option_4":"3670","answer_option_5":"1590","answer_option_6":"1040","fixed_num":"2170","difficulty":"5"},{"id":"365459","question":"7500","answer_option_1":"3150","answer_option_2":"2250","answer_option_3":"2100","answer_option_4":"2110","answer_option_5":"2480","answer_option_6":"2270","fixed_num":"2050","difficulty":"5"},{"id":"365479","question":"8500","answer_option_1":"3240","answer_option_2":"2180","answer_option_3":"3080","answer_option_4":"3740","answer_option_5":"2770","answer_option_6":"1280","fixed_num":"3030","difficulty":"5"},{"id":"365468","question":"8000","answer_option_1":"2450","answer_option_2":"2560","answer_option_3":"2990","answer_option_4":"2690","answer_option_5":"2900","answer_option_6":"1610","fixed_num":"2940","difficulty":"5"},{"id":"365494","question":"9500","answer_option_1":"2850","answer_option_2":"3240","answer_option_3":"3410","answer_option_4":"1000","answer_option_5":"4490","answer_option_6":"4240","fixed_num":"3360","difficulty":"5"},{"id":"365500","question":"9500","answer_option_1":"3250","answer_option_2":"3120","answer_option_3":"3130","answer_option_4":"3480","answer_option_5":"3270","answer_option_6":"2280","fixed_num":"3080","difficulty":"5"},{"id":"365462","question":"8000","answer_option_1":"2140","answer_option_2":"2130","answer_option_3":"3730","answer_option_4":"3190","answer_option_5":"3710","answer_option_6":"3930","fixed_num":"3680","difficulty":"5"}]}}