{"status":"success","data":{"planet":{"id":"156","name":"Super Builder","description":"Make the number up to 9999","question_count":"10","badges":{"speed":"1","accuracy":"1","score_mul_base":"1","score_mul_accuracy":"1","score_mul_speed":"1"}},"status":{"star":5,"difficulty":5,"top_score":0},"planet_top_score":[],"questions":[{"id":"365494","question":"9500","answer_option_1":"2850","answer_option_2":"3240","answer_option_3":"3410","answer_option_4":"1000","answer_option_5":"4490","answer_option_6":"4240","fixed_num":"3360","difficulty":"5"},{"id":"365493","question":"9500","answer_option_1":"3210","answer_option_2":"3810","answer_option_3":"2480","answer_option_4":"3800","answer_option_5":"2330","answer_option_6":"2380","fixed_num":"2430","difficulty":"5"},{"id":"365476","question":"8500","answer_option_1":"2510","answer_option_2":"3120","answer_option_3":"2870","answer_option_4":"4010","answer_option_5":"2000","answer_option_6":"1530","fixed_num":"2820","difficulty":"5"},{"id":"365480","question":"8500","answer_option_1":"3210","answer_option_2":"3210","answer_option_3":"2080","answer_option_4":"2400","answer_option_5":"2400","answer_option_6":"1880","fixed_num":"2030","difficulty":"5"},{"id":"365458","question":"7500","answer_option_1":"2580","answer_option_2":"2180","answer_option_3":"2740","answer_option_4":"2120","answer_option_5":"1820","answer_option_6":"1770","fixed_num":"2690","difficulty":"5"},{"id":"365457","question":"7500","answer_option_1":"3190","answer_option_2":"2150","answer_option_3":"2160","answer_option_4":"2570","answer_option_5":"1170","answer_option_6":"2100","fixed_num":"2110","difficulty":"5"},{"id":"365469","question":"8000","answer_option_1":"3180","answer_option_2":"2180","answer_option_3":"2640","answer_option_4":"1460","answer_option_5":"3200","answer_option_6":"2400","fixed_num":"2590","difficulty":"5"},{"id":"365453","question":"7500","answer_option_1":"2180","answer_option_2":"2130","answer_option_3":"3190","answer_option_4":"2530","answer_option_5":"1230","answer_option_6":"2150","fixed_num":"3140","difficulty":"5"},{"id":"365479","question":"8500","answer_option_1":"3240","answer_option_2":"2180","answer_option_3":"3080","answer_option_4":"3740","answer_option_5":"2770","answer_option_6":"1280","fixed_num":"3030","difficulty":"5"},{"id":"365452","question":"7500","answer_option_1":"3100","answer_option_2":"2180","answer_option_3":"2220","answer_option_4":"3670","answer_option_5":"1590","answer_option_6":"1040","fixed_num":"2170","difficulty":"5"}]}}