{"status":"success","data":{"planet":{"id":"156","name":"Super Builder","description":"Make the number up to 9999","question_count":"10","badges":{"speed":"1","accuracy":"1","score_mul_base":"1","score_mul_accuracy":"1","score_mul_speed":"1"}},"status":{"star":5,"difficulty":5,"top_score":0},"planet_top_score":[],"questions":[{"id":"365459","question":"7500","answer_option_1":"3150","answer_option_2":"2250","answer_option_3":"2100","answer_option_4":"2110","answer_option_5":"2480","answer_option_6":"2270","fixed_num":"2050","difficulty":"5"},{"id":"365493","question":"9500","answer_option_1":"3210","answer_option_2":"3810","answer_option_3":"2480","answer_option_4":"3800","answer_option_5":"2330","answer_option_6":"2380","fixed_num":"2430","difficulty":"5"},{"id":"365470","question":"8000","answer_option_1":"3250","answer_option_2":"2450","answer_option_3":"2300","answer_option_4":"3610","answer_option_5":"2520","answer_option_6":"1380","fixed_num":"2250","difficulty":"5"},{"id":"365457","question":"7500","answer_option_1":"3190","answer_option_2":"2150","answer_option_3":"2160","answer_option_4":"2570","answer_option_5":"1170","answer_option_6":"2100","fixed_num":"2110","difficulty":"5"},{"id":"365466","question":"8000","answer_option_1":"2520","answer_option_2":"2410","answer_option_3":"3070","answer_option_4":"1830","answer_option_5":"3680","answer_option_6":"3990","fixed_num":"3020","difficulty":"5"},{"id":"365464","question":"8000","answer_option_1":"2100","answer_option_2":"3100","answer_option_3":"2800","answer_option_4":"2420","answer_option_5":"1220","answer_option_6":"1980","fixed_num":"2750","difficulty":"5"},{"id":"365492","question":"9500","answer_option_1":"3210","answer_option_2":"2110","answer_option_3":"4180","answer_option_4":"3560","answer_option_5":"2110","answer_option_6":"4750","fixed_num":"4130","difficulty":"5"},{"id":"365474","question":"8500","answer_option_1":"2140","answer_option_2":"3410","answer_option_3":"2950","answer_option_4":"1170","answer_option_5":"3560","answer_option_6":"3200","fixed_num":"2900","difficulty":"5"},{"id":"365453","question":"7500","answer_option_1":"2180","answer_option_2":"2130","answer_option_3":"3190","answer_option_4":"2530","answer_option_5":"1230","answer_option_6":"2150","fixed_num":"3140","difficulty":"5"},{"id":"365497","question":"9500","answer_option_1":"3610","answer_option_2":"2450","answer_option_3":"3440","answer_option_4":"1480","answer_option_5":"4350","answer_option_6":"1740","fixed_num":"3390","difficulty":"5"}]}}