{"status":"success","data":{"planet":{"id":"156","name":"Super Builder","description":"Make the number up to 9999","question_count":"10","badges":{"speed":"1","accuracy":"1","score_mul_base":"1","score_mul_accuracy":"1","score_mul_speed":"1"}},"status":{"star":5,"difficulty":5,"top_score":0},"planet_top_score":[],"questions":[{"id":"365462","question":"8000","answer_option_1":"2140","answer_option_2":"2130","answer_option_3":"3730","answer_option_4":"3190","answer_option_5":"3710","answer_option_6":"3930","fixed_num":"3680","difficulty":"5"},{"id":"365491","question":"9500","answer_option_1":"2510","answer_option_2":"2420","answer_option_3":"4570","answer_option_4":"1550","answer_option_5":"1190","answer_option_6":"4010","fixed_num":"4520","difficulty":"5"},{"id":"365472","question":"8500","answer_option_1":"3510","answer_option_2":"2810","answer_option_3":"2180","answer_option_4":"2770","answer_option_5":"2680","answer_option_6":"3630","fixed_num":"2130","difficulty":"5"},{"id":"365479","question":"8500","answer_option_1":"3240","answer_option_2":"2180","answer_option_3":"3080","answer_option_4":"3740","answer_option_5":"2770","answer_option_6":"1280","fixed_num":"3030","difficulty":"5"},{"id":"365467","question":"8000","answer_option_1":"3210","answer_option_2":"2890","answer_option_3":"1900","answer_option_4":"2770","answer_option_5":"3630","answer_option_6":"3940","fixed_num":"1850","difficulty":"5"},{"id":"365483","question":"9000","answer_option_1":"3240","answer_option_2":"2130","answer_option_3":"3630","answer_option_4":"2960","answer_option_5":"2650","answer_option_6":"1450","fixed_num":"3580","difficulty":"5"},{"id":"365471","question":"8500","answer_option_1":"2150","answer_option_2":"2150","answer_option_3":"4200","answer_option_4":"2060","answer_option_5":"3510","answer_option_6":"3100","fixed_num":"4150","difficulty":"5"},{"id":"365469","question":"8000","answer_option_1":"3180","answer_option_2":"2180","answer_option_3":"2640","answer_option_4":"1460","answer_option_5":"3200","answer_option_6":"2400","fixed_num":"2590","difficulty":"5"},{"id":"365495","question":"9500","answer_option_1":"3210","answer_option_2":"2130","answer_option_3":"4160","answer_option_4":"2320","answer_option_5":"2020","answer_option_6":"4190","fixed_num":"4110","difficulty":"5"},{"id":"365464","question":"8000","answer_option_1":"2100","answer_option_2":"3100","answer_option_3":"2800","answer_option_4":"2420","answer_option_5":"1220","answer_option_6":"1980","fixed_num":"2750","difficulty":"5"}]}}