{"status":"success","data":{"planet":{"id":"156","name":"Super Builder","description":"Make the number up to 9999","question_count":"10","badges":{"speed":"1","accuracy":"1","score_mul_base":"1","score_mul_accuracy":"1","score_mul_speed":"1"}},"status":{"star":5,"difficulty":5,"top_score":0},"planet_top_score":[],"questions":[{"id":"365481","question":"9000","answer_option_1":"3180","answer_option_2":"2420","answer_option_3":"3400","answer_option_4":"1450","answer_option_5":"3100","answer_option_6":"2470","fixed_num":"3350","difficulty":"5"},{"id":"365461","question":"8000","answer_option_1":"3140","answer_option_2":"2130","answer_option_3":"2730","answer_option_4":"2610","answer_option_5":"2270","answer_option_6":"3060","fixed_num":"2680","difficulty":"5"},{"id":"365495","question":"9500","answer_option_1":"3210","answer_option_2":"2130","answer_option_3":"4160","answer_option_4":"2320","answer_option_5":"2020","answer_option_6":"4190","fixed_num":"4110","difficulty":"5"},{"id":"365487","question":"9000","answer_option_1":"3210","answer_option_2":"3240","answer_option_3":"2550","answer_option_4":"2940","answer_option_5":"4120","answer_option_6":"2260","fixed_num":"2500","difficulty":"5"},{"id":"365470","question":"8000","answer_option_1":"3250","answer_option_2":"2450","answer_option_3":"2300","answer_option_4":"3610","answer_option_5":"2520","answer_option_6":"1380","fixed_num":"2250","difficulty":"5"},{"id":"365474","question":"8500","answer_option_1":"2140","answer_option_2":"3410","answer_option_3":"2950","answer_option_4":"1170","answer_option_5":"3560","answer_option_6":"3200","fixed_num":"2900","difficulty":"5"},{"id":"365497","question":"9500","answer_option_1":"3610","answer_option_2":"2450","answer_option_3":"3440","answer_option_4":"1480","answer_option_5":"4350","answer_option_6":"1740","fixed_num":"3390","difficulty":"5"},{"id":"365491","question":"9500","answer_option_1":"2510","answer_option_2":"2420","answer_option_3":"4570","answer_option_4":"1550","answer_option_5":"1190","answer_option_6":"4010","fixed_num":"4520","difficulty":"5"},{"id":"365476","question":"8500","answer_option_1":"2510","answer_option_2":"3120","answer_option_3":"2870","answer_option_4":"4010","answer_option_5":"2000","answer_option_6":"1530","fixed_num":"2820","difficulty":"5"},{"id":"365499","question":"9500","answer_option_1":"3140","answer_option_2":"2850","answer_option_3":"3510","answer_option_4":"2210","answer_option_5":"2390","answer_option_6":"4500","fixed_num":"3460","difficulty":"5"}]}}