{"status":"success","data":{"planet":{"id":"130","name":"Super Fast Builder","description":"How fast can you make 9999?","question_count":"10","badges":{"speed":"1","accuracy":"1","score_mul_base":"1","score_mul_accuracy":"1","score_mul_speed":"1"}},"status":{"star":3,"difficulty":4,"top_score":0},"planet_top_score":[],"questions":[{"id":"365435","question":"7500","answer_option_1":"2340","answer_option_2":"2140","answer_option_3":"3020","answer_option_4":"1860","answer_option_5":"1010","answer_option_6":"","fixed_num":"0","difficulty":"4"},{"id":"365410","question":"5000","answer_option_1":"2200","answer_option_2":"1600","answer_option_3":"1200","answer_option_4":"2180","answer_option_5":"2520","answer_option_6":"","fixed_num":"0","difficulty":"4"},{"id":"365422","question":"7000","answer_option_1":"1350","answer_option_2":"2150","answer_option_3":"3500","answer_option_4":"1880","answer_option_5":"1490","answer_option_6":"","fixed_num":"0","difficulty":"4"},{"id":"365404","question":"5000","answer_option_1":"2050","answer_option_2":"1400","answer_option_3":"1550","answer_option_4":"1730","answer_option_5":"2500","answer_option_6":"","fixed_num":"0","difficulty":"4"},{"id":"365403","question":"5000","answer_option_1":"2050","answer_option_2":"1200","answer_option_3":"1750","answer_option_4":"1130","answer_option_5":"1780","answer_option_6":"","fixed_num":"0","difficulty":"4"},{"id":"365442","question":"7500","answer_option_1":"2140","answer_option_2":"2140","answer_option_3":"3220","answer_option_4":"2720","answer_option_5":"2030","answer_option_6":"","fixed_num":"0","difficulty":"4"},{"id":"365412","question":"6000","answer_option_1":"2250","answer_option_2":"1300","answer_option_3":"2450","answer_option_4":"1300","answer_option_5":"1110","answer_option_6":"","fixed_num":"0","difficulty":"4"},{"id":"365420","question":"6000","answer_option_1":"2450","answer_option_2":"2200","answer_option_3":"1350","answer_option_4":"1470","answer_option_5":"2170","answer_option_6":"","fixed_num":"0","difficulty":"4"},{"id":"365434","question":"7500","answer_option_1":"2150","answer_option_2":"2130","answer_option_3":"3220","answer_option_4":"3040","answer_option_5":"1710","answer_option_6":"","fixed_num":"0","difficulty":"4"},{"id":"365444","question":"7500","answer_option_1":"2120","answer_option_2":"2180","answer_option_3":"3200","answer_option_4":"1170","answer_option_5":"3730","answer_option_6":"","fixed_num":"0","difficulty":"4"}]}}