{"status":"success","data":{"planet":{"id":"130","name":"Super Fast Builder","description":"How fast can you make 9999?","question_count":"10","badges":{"speed":"1","accuracy":"1","score_mul_base":"1","score_mul_accuracy":"1","score_mul_speed":"1"}},"status":{"star":3,"difficulty":4,"top_score":0},"planet_top_score":[],"questions":[{"id":"365438","question":"7500","answer_option_1":"2320","answer_option_2":"1320","answer_option_3":"3860","answer_option_4":"2120","answer_option_5":"1170","answer_option_6":"","fixed_num":"0","difficulty":"4"},{"id":"365421","question":"7000","answer_option_1":"1300","answer_option_2":"2200","answer_option_3":"3500","answer_option_4":"1080","answer_option_5":"2980","answer_option_6":"","fixed_num":"0","difficulty":"4"},{"id":"365415","question":"6000","answer_option_1":"2350","answer_option_2":"1350","answer_option_3":"2300","answer_option_4":"2980","answer_option_5":"1350","answer_option_6":"","fixed_num":"0","difficulty":"4"},{"id":"365417","question":"6000","answer_option_1":"2400","answer_option_2":"1550","answer_option_3":"2050","answer_option_4":"1700","answer_option_5":"2290","answer_option_6":"","fixed_num":"0","difficulty":"4"},{"id":"365414","question":"6000","answer_option_1":"2300","answer_option_2":"1200","answer_option_3":"2500","answer_option_4":"2530","answer_option_5":"2620","answer_option_6":"","fixed_num":"0","difficulty":"4"},{"id":"365409","question":"5000","answer_option_1":"2200","answer_option_2":"1500","answer_option_3":"1300","answer_option_4":"1300","answer_option_5":"2800","answer_option_6":"","fixed_num":"0","difficulty":"4"},{"id":"365402","question":"5000","answer_option_1":"2000","answer_option_2":"1400","answer_option_3":"1600","answer_option_4":"1430","answer_option_5":"2520","answer_option_6":"","fixed_num":"0","difficulty":"4"},{"id":"365436","question":"7500","answer_option_1":"2190","answer_option_2":"2140","answer_option_3":"3170","answer_option_4":"3520","answer_option_5":"2310","answer_option_6":"","fixed_num":"0","difficulty":"4"},{"id":"365405","question":"5000","answer_option_1":"2100","answer_option_2":"1300","answer_option_3":"1600","answer_option_4":"2980","answer_option_5":"1110","answer_option_6":"","fixed_num":"0","difficulty":"4"},{"id":"365408","question":"5000","answer_option_1":"2150","answer_option_2":"1450","answer_option_3":"1400","answer_option_4":"2610","answer_option_5":"2360","answer_option_6":"","fixed_num":"0","difficulty":"4"}]}}