{"status":"success","data":{"planet":{"id":"130","name":"Super Fast Builder","description":"How fast can you make 9999?","question_count":"10","badges":{"speed":"1","accuracy":"1","score_mul_base":"1","score_mul_accuracy":"1","score_mul_speed":"1"}},"status":{"star":3,"difficulty":4,"top_score":0},"planet_top_score":[],"questions":[{"id":"365449","question":"7500","answer_option_1":"2130","answer_option_2":"3110","answer_option_3":"2260","answer_option_4":"2170","answer_option_5":"1350","answer_option_6":"","fixed_num":"0","difficulty":"4"},{"id":"365445","question":"7500","answer_option_1":"2130","answer_option_2":"2140","answer_option_3":"3230","answer_option_4":"2620","answer_option_5":"1400","answer_option_6":"","fixed_num":"0","difficulty":"4"},{"id":"365440","question":"7500","answer_option_1":"2240","answer_option_2":"2190","answer_option_3":"3070","answer_option_4":"3130","answer_option_5":"2470","answer_option_6":"","fixed_num":"0","difficulty":"4"},{"id":"365441","question":"7500","answer_option_1":"2180","answer_option_2":"2110","answer_option_3":"3210","answer_option_4":"1260","answer_option_5":"2470","answer_option_6":"","fixed_num":"0","difficulty":"4"},{"id":"365416","question":"6000","answer_option_1":"2350","answer_option_2":"1750","answer_option_3":"1900","answer_option_4":"1640","answer_option_5":"2660","answer_option_6":"","fixed_num":"0","difficulty":"4"},{"id":"365409","question":"5000","answer_option_1":"2200","answer_option_2":"1500","answer_option_3":"1300","answer_option_4":"1300","answer_option_5":"2800","answer_option_6":"","fixed_num":"0","difficulty":"4"},{"id":"365408","question":"5000","answer_option_1":"2150","answer_option_2":"1450","answer_option_3":"1400","answer_option_4":"2610","answer_option_5":"2360","answer_option_6":"","fixed_num":"0","difficulty":"4"},{"id":"365437","question":"7500","answer_option_1":"3290","answer_option_2":"2190","answer_option_3":"2020","answer_option_4":"2950","answer_option_5":"1670","answer_option_6":"","fixed_num":"0","difficulty":"4"},{"id":"365403","question":"5000","answer_option_1":"2050","answer_option_2":"1200","answer_option_3":"1750","answer_option_4":"1130","answer_option_5":"1780","answer_option_6":"","fixed_num":"0","difficulty":"4"},{"id":"365420","question":"6000","answer_option_1":"2450","answer_option_2":"2200","answer_option_3":"1350","answer_option_4":"1470","answer_option_5":"2170","answer_option_6":"","fixed_num":"0","difficulty":"4"}]}}