{"status":"success","data":{"planet":{"id":"130","name":"Super Fast Builder","description":"How fast can you make 9999?","question_count":"10","badges":{"speed":"1","accuracy":"1","score_mul_base":"1","score_mul_accuracy":"1","score_mul_speed":"1"}},"status":{"star":3,"difficulty":4,"top_score":0},"planet_top_score":[],"questions":[{"id":"365416","question":"6000","answer_option_1":"2350","answer_option_2":"1750","answer_option_3":"1900","answer_option_4":"1640","answer_option_5":"2660","answer_option_6":"","fixed_num":"0","difficulty":"4"},{"id":"365433","question":"7500","answer_option_1":"2130","answer_option_2":"2180","answer_option_3":"3190","answer_option_4":"3440","answer_option_5":"1970","answer_option_6":"","fixed_num":"0","difficulty":"4"},{"id":"365449","question":"7500","answer_option_1":"2130","answer_option_2":"3110","answer_option_3":"2260","answer_option_4":"2170","answer_option_5":"1350","answer_option_6":"","fixed_num":"0","difficulty":"4"},{"id":"365447","question":"7500","answer_option_1":"3210","answer_option_2":"3200","answer_option_3":"1090","answer_option_4":"3300","answer_option_5":"1830","answer_option_6":"","fixed_num":"0","difficulty":"4"},{"id":"365402","question":"5000","answer_option_1":"2000","answer_option_2":"1400","answer_option_3":"1600","answer_option_4":"1430","answer_option_5":"2520","answer_option_6":"","fixed_num":"0","difficulty":"4"},{"id":"365428","question":"7000","answer_option_1":"1420","answer_option_2":"1820","answer_option_3":"3760","answer_option_4":"1340","answer_option_5":"2500","answer_option_6":"","fixed_num":"0","difficulty":"4"},{"id":"365431","question":"7500","answer_option_1":"2340","answer_option_2":"2170","answer_option_3":"2990","answer_option_4":"2810","answer_option_5":"3350","answer_option_6":"","fixed_num":"0","difficulty":"4"},{"id":"365423","question":"7000","answer_option_1":"1420","answer_option_2":"3290","answer_option_3":"2290","answer_option_4":"3380","answer_option_5":"1420","answer_option_6":"","fixed_num":"0","difficulty":"4"},{"id":"365421","question":"7000","answer_option_1":"1300","answer_option_2":"2200","answer_option_3":"3500","answer_option_4":"1080","answer_option_5":"2980","answer_option_6":"","fixed_num":"0","difficulty":"4"},{"id":"365422","question":"7000","answer_option_1":"1350","answer_option_2":"2150","answer_option_3":"3500","answer_option_4":"1880","answer_option_5":"1490","answer_option_6":"","fixed_num":"0","difficulty":"4"}]}}