{"status":"success","data":{"planet":{"id":"130","name":"Super Fast Builder","description":"How fast can you make 9999?","question_count":"10","badges":{"speed":"1","accuracy":"1","score_mul_base":"1","score_mul_accuracy":"1","score_mul_speed":"1"}},"status":{"star":3,"difficulty":4,"top_score":0},"planet_top_score":[],"questions":[{"id":"365446","question":"7500","answer_option_1":"2120","answer_option_2":"2190","answer_option_3":"3190","answer_option_4":"1080","answer_option_5":"1150","answer_option_6":"","fixed_num":"0","difficulty":"4"},{"id":"365443","question":"7500","answer_option_1":"2110","answer_option_2":"1820","answer_option_3":"3570","answer_option_4":"1250","answer_option_5":"1380","answer_option_6":"","fixed_num":"0","difficulty":"4"},{"id":"365440","question":"7500","answer_option_1":"2240","answer_option_2":"2190","answer_option_3":"3070","answer_option_4":"3130","answer_option_5":"2470","answer_option_6":"","fixed_num":"0","difficulty":"4"},{"id":"365415","question":"6000","answer_option_1":"2350","answer_option_2":"1350","answer_option_3":"2300","answer_option_4":"2980","answer_option_5":"1350","answer_option_6":"","fixed_num":"0","difficulty":"4"},{"id":"365406","question":"5000","answer_option_1":"2100","answer_option_2":"1350","answer_option_3":"1550","answer_option_4":"2720","answer_option_5":"1430","answer_option_6":"","fixed_num":"0","difficulty":"4"},{"id":"365425","question":"7000","answer_option_1":"2380","answer_option_2":"2190","answer_option_3":"2430","answer_option_4":"1920","answer_option_5":"3390","answer_option_6":"","fixed_num":"0","difficulty":"4"},{"id":"365439","question":"7500","answer_option_1":"2230","answer_option_2":"2180","answer_option_3":"3090","answer_option_4":"1430","answer_option_5":"3590","answer_option_6":"","fixed_num":"0","difficulty":"4"},{"id":"365401","question":"5000","answer_option_1":"2000","answer_option_2":"1100","answer_option_3":"1900","answer_option_4":"1760","answer_option_5":"2670","answer_option_6":"","fixed_num":"0","difficulty":"4"},{"id":"365448","question":"7500","answer_option_1":"2310","answer_option_2":"3480","answer_option_3":"1710","answer_option_4":"1760","answer_option_5":"1290","answer_option_6":"","fixed_num":"0","difficulty":"4"},{"id":"365434","question":"7500","answer_option_1":"2150","answer_option_2":"2130","answer_option_3":"3220","answer_option_4":"3040","answer_option_5":"1710","answer_option_6":"","fixed_num":"0","difficulty":"4"}]}}