{"status":"success","data":{"planet":{"id":"106","name":"Space Shuttle 2","description":"Making the number up to 20","question_count":"10","badges":null},"status":{"star":1,"difficulty":2,"top_score":0},"planet_top_score":[],"questions":[{"id":"209072","question":"19","answer_option_1":"8","answer_option_2":"9","answer_option_3":"5","answer_option_4":"6","answer_option_5":"","answer_option_6":"","fixed_num":"2","difficulty":"2"},{"id":"209079","question":"19","answer_option_1":"2","answer_option_2":"8","answer_option_3":"4","answer_option_4":"5","answer_option_5":"","answer_option_6":"","fixed_num":"9","difficulty":"2"},{"id":"209078","question":"19","answer_option_1":"5","answer_option_2":"6","answer_option_3":"3","answer_option_4":"4","answer_option_5":"","answer_option_6":"","fixed_num":"8","difficulty":"2"},{"id":"209057","question":"17","answer_option_1":"1","answer_option_2":"9","answer_option_3":"6","answer_option_4":"8","answer_option_5":"","answer_option_6":"","fixed_num":"7","difficulty":"2"},{"id":"209082","question":"20","answer_option_1":"10","answer_option_2":"9","answer_option_3":"8","answer_option_4":"7","answer_option_5":"","answer_option_6":"","fixed_num":"2","difficulty":"2"},{"id":"209088","question":"20","answer_option_1":"8","answer_option_2":"7","answer_option_3":"6","answer_option_4":"5","answer_option_5":"","answer_option_6":"","fixed_num":"8","difficulty":"2"},{"id":"209049","question":"16","answer_option_1":"4","answer_option_2":"3","answer_option_3":"5","answer_option_4":"1","answer_option_5":"","answer_option_6":"","fixed_num":"9","difficulty":"2"},{"id":"209062","question":"18","answer_option_1":"7","answer_option_2":"9","answer_option_3":"5","answer_option_4":"4","answer_option_5":"","answer_option_6":"","fixed_num":"2","difficulty":"2"},{"id":"209053","question":"17","answer_option_1":"8","answer_option_2":"6","answer_option_3":"2","answer_option_4":"4","answer_option_5":"","answer_option_6":"","fixed_num":"3","difficulty":"2"},{"id":"209044","question":"16","answer_option_1":"5","answer_option_2":"7","answer_option_3":"6","answer_option_4":"2","answer_option_5":"","answer_option_6":"","fixed_num":"4","difficulty":"2"}]}}