{"status":"success","data":{"planet":{"id":"156","name":"Super Builder","description":"Make the number up to 9999","question_count":"10","badges":{"speed":"1","accuracy":"1","score_mul_base":"1","score_mul_accuracy":"1","score_mul_speed":"1"}},"status":{"star":2,"difficulty":3,"top_score":0},"planet_top_score":[],"questions":[{"id":"365386","question":"4500","answer_option_1":"1820","answer_option_2":"1350","answer_option_3":"1330","answer_option_4":"1530","answer_option_5":"","answer_option_6":"","fixed_num":"0","difficulty":"3"},{"id":"365388","question":"4500","answer_option_1":"1230","answer_option_2":"2180","answer_option_3":"1090","answer_option_4":"2550","answer_option_5":"","answer_option_6":"","fixed_num":"0","difficulty":"3"},{"id":"365366","question":"3500","answer_option_1":"720","answer_option_2":"620","answer_option_3":"2160","answer_option_4":"1530","answer_option_5":"","answer_option_6":"","fixed_num":"0","difficulty":"3"},{"id":"365356","question":"3000","answer_option_1":"880","answer_option_2":"850","answer_option_3":"1270","answer_option_4":"1420","answer_option_5":"","answer_option_6":"","fixed_num":"0","difficulty":"3"},{"id":"365372","question":"4000","answer_option_1":"1530","answer_option_2":"1340","answer_option_3":"1130","answer_option_4":"1070","answer_option_5":"","answer_option_6":"","fixed_num":"0","difficulty":"3"},{"id":"365376","question":"4000","answer_option_1":"1400","answer_option_2":"1020","answer_option_3":"1580","answer_option_4":"1590","answer_option_5":"","answer_option_6":"","fixed_num":"0","difficulty":"3"},{"id":"365374","question":"4000","answer_option_1":"1020","answer_option_2":"2010","answer_option_3":"970","answer_option_4":"2870","answer_option_5":"","answer_option_6":"","fixed_num":"0","difficulty":"3"},{"id":"365363","question":"3500","answer_option_1":"910","answer_option_2":"1080","answer_option_3":"1510","answer_option_4":"1800","answer_option_5":"","answer_option_6":"","fixed_num":"0","difficulty":"3"},{"id":"365364","question":"3500","answer_option_1":"910","answer_option_2":"1100","answer_option_3":"1490","answer_option_4":"2510","answer_option_5":"","answer_option_6":"","fixed_num":"0","difficulty":"3"},{"id":"365380","question":"4000","answer_option_1":"1480","answer_option_2":"820","answer_option_3":"1700","answer_option_4":"1430","answer_option_5":"","answer_option_6":"","fixed_num":"0","difficulty":"3"}]}}