{"status":"success","data":{"planet":{"id":"156","name":"Super Builder","description":"Make the number up to 9999","question_count":"10","badges":{"speed":"1","accuracy":"1","score_mul_base":"1","score_mul_accuracy":"1","score_mul_speed":"1"}},"status":{"star":2,"difficulty":3,"top_score":0},"planet_top_score":[],"questions":[{"id":"365355","question":"3000","answer_option_1":"860","answer_option_2":"850","answer_option_3":"1290","answer_option_4":"1270","answer_option_5":"","answer_option_6":"","fixed_num":"0","difficulty":"3"},{"id":"365378","question":"4000","answer_option_1":"1200","answer_option_2":"1340","answer_option_3":"1460","answer_option_4":"1270","answer_option_5":"","answer_option_6":"","fixed_num":"0","difficulty":"3"},{"id":"365370","question":"3500","answer_option_1":"1140","answer_option_2":"1210","answer_option_3":"1150","answer_option_4":"2760","answer_option_5":"","answer_option_6":"","fixed_num":"0","difficulty":"3"},{"id":"365372","question":"4000","answer_option_1":"1530","answer_option_2":"1340","answer_option_3":"1130","answer_option_4":"1070","answer_option_5":"","answer_option_6":"","fixed_num":"0","difficulty":"3"},{"id":"365365","question":"3500","answer_option_1":"820","answer_option_2":"720","answer_option_3":"1960","answer_option_4":"1440","answer_option_5":"","answer_option_6":"","fixed_num":"0","difficulty":"3"},{"id":"365400","question":"5000","answer_option_1":"2000","answer_option_2":"1280","answer_option_3":"1720","answer_option_4":"1370","answer_option_5":"","answer_option_6":"","fixed_num":"0","difficulty":"3"},{"id":"365358","question":"3000","answer_option_1":"920","answer_option_2":"900","answer_option_3":"1180","answer_option_4":"2350","answer_option_5":"","answer_option_6":"","fixed_num":"0","difficulty":"3"},{"id":"365354","question":"3000","answer_option_1":"850","answer_option_2":"800","answer_option_3":"1350","answer_option_4":"1880","answer_option_5":"","answer_option_6":"","fixed_num":"0","difficulty":"3"},{"id":"365374","question":"4000","answer_option_1":"1020","answer_option_2":"2010","answer_option_3":"970","answer_option_4":"2870","answer_option_5":"","answer_option_6":"","fixed_num":"0","difficulty":"3"},{"id":"365357","question":"3000","answer_option_1":"910","answer_option_2":"900","answer_option_3":"1190","answer_option_4":"2800","answer_option_5":"","answer_option_6":"","fixed_num":"0","difficulty":"3"}]}}