{"status":"success","data":{"planet":{"id":"156","name":"Super Builder","description":"Make the number up to 9999","question_count":"10","badges":{"speed":"1","accuracy":"1","score_mul_base":"1","score_mul_accuracy":"1","score_mul_speed":"1"}},"status":{"star":2,"difficulty":3,"top_score":0},"planet_top_score":[],"questions":[{"id":"365394","question":"5000","answer_option_1":"1850","answer_option_2":"1230","answer_option_3":"1920","answer_option_4":"2740","answer_option_5":"","answer_option_6":"","fixed_num":"0","difficulty":"3"},{"id":"365373","question":"4000","answer_option_1":"1300","answer_option_2":"1200","answer_option_3":"1500","answer_option_4":"1060","answer_option_5":"","answer_option_6":"","fixed_num":"0","difficulty":"3"},{"id":"365361","question":"3500","answer_option_1":"720","answer_option_2":"1320","answer_option_3":"1460","answer_option_4":"2710","answer_option_5":"","answer_option_6":"","fixed_num":"0","difficulty":"3"},{"id":"365362","question":"3500","answer_option_1":"1080","answer_option_2":"1180","answer_option_3":"1240","answer_option_4":"2010","answer_option_5":"","answer_option_6":"","fixed_num":"0","difficulty":"3"},{"id":"365384","question":"4500","answer_option_1":"2110","answer_option_2":"1200","answer_option_3":"1190","answer_option_4":"1730","answer_option_5":"","answer_option_6":"","fixed_num":"0","difficulty":"3"},{"id":"365399","question":"5000","answer_option_1":"2000","answer_option_2":"1380","answer_option_3":"1620","answer_option_4":"2330","answer_option_5":"","answer_option_6":"","fixed_num":"0","difficulty":"3"},{"id":"365375","question":"4000","answer_option_1":"1350","answer_option_2":"1230","answer_option_3":"1420","answer_option_4":"1090","answer_option_5":"","answer_option_6":"","fixed_num":"0","difficulty":"3"},{"id":"365360","question":"3000","answer_option_1":"980","answer_option_2":"950","answer_option_3":"1070","answer_option_4":"1790","answer_option_5":"","answer_option_6":"","fixed_num":"0","difficulty":"3"},{"id":"365393","question":"5000","answer_option_1":"1850","answer_option_2":"1280","answer_option_3":"1870","answer_option_4":"2350","answer_option_5":"","answer_option_6":"","fixed_num":"0","difficulty":"3"},{"id":"365368","question":"3500","answer_option_1":"1230","answer_option_2":"1250","answer_option_3":"1020","answer_option_4":"2860","answer_option_5":"","answer_option_6":"","fixed_num":"0","difficulty":"3"}]}}