{"status":"success","data":{"planet":{"id":"156","name":"Super Builder","description":"Make the number up to 9999","question_count":"10","badges":{"speed":"1","accuracy":"1","score_mul_base":"1","score_mul_accuracy":"1","score_mul_speed":"1"}},"status":{"star":2,"difficulty":3,"top_score":0},"planet_top_score":[],"questions":[{"id":"365378","question":"4000","answer_option_1":"1200","answer_option_2":"1340","answer_option_3":"1460","answer_option_4":"1270","answer_option_5":"","answer_option_6":"","fixed_num":"0","difficulty":"3"},{"id":"365398","question":"5000","answer_option_1":"1950","answer_option_2":"1290","answer_option_3":"1760","answer_option_4":"2850","answer_option_5":"","answer_option_6":"","fixed_num":"0","difficulty":"3"},{"id":"365396","question":"5000","answer_option_1":"1900","answer_option_2":"1380","answer_option_3":"1720","answer_option_4":"1250","answer_option_5":"","answer_option_6":"","fixed_num":"0","difficulty":"3"},{"id":"365353","question":"3000","answer_option_1":"840","answer_option_2":"800","answer_option_3":"1360","answer_option_4":"2090","answer_option_5":"","answer_option_6":"","fixed_num":"0","difficulty":"3"},{"id":"365400","question":"5000","answer_option_1":"2000","answer_option_2":"1280","answer_option_3":"1720","answer_option_4":"1370","answer_option_5":"","answer_option_6":"","fixed_num":"0","difficulty":"3"},{"id":"365351","question":"3000","answer_option_1":"780","answer_option_2":"750","answer_option_3":"1470","answer_option_4":"1630","answer_option_5":"","answer_option_6":"","fixed_num":"0","difficulty":"3"},{"id":"365369","question":"3500","answer_option_1":"1210","answer_option_2":"1630","answer_option_3":"660","answer_option_4":"2590","answer_option_5":"","answer_option_6":"","fixed_num":"0","difficulty":"3"},{"id":"365392","question":"5000","answer_option_1":"1800","answer_option_2":"1130","answer_option_3":"2070","answer_option_4":"1320","answer_option_5":"","answer_option_6":"","fixed_num":"0","difficulty":"3"},{"id":"365357","question":"3000","answer_option_1":"910","answer_option_2":"900","answer_option_3":"1190","answer_option_4":"2800","answer_option_5":"","answer_option_6":"","fixed_num":"0","difficulty":"3"},{"id":"365352","question":"3000","answer_option_1":"820","answer_option_2":"750","answer_option_3":"1430","answer_option_4":"1270","answer_option_5":"","answer_option_6":"","fixed_num":"0","difficulty":"3"}]}}