{"status":"success","data":{"planet":{"id":"156","name":"Super Builder","description":"Make the number up to 9999","question_count":"10","badges":{"speed":"1","accuracy":"1","score_mul_base":"1","score_mul_accuracy":"1","score_mul_speed":"1"}},"status":{"star":2,"difficulty":3,"top_score":0},"planet_top_score":[],"questions":[{"id":"365395","question":"5000","answer_option_1":"1900","answer_option_2":"1230","answer_option_3":"1870","answer_option_4":"1780","answer_option_5":"","answer_option_6":"","fixed_num":"0","difficulty":"3"},{"id":"365379","question":"4000","answer_option_1":"1250","answer_option_2":"1890","answer_option_3":"860","answer_option_4":"1800","answer_option_5":"","answer_option_6":"","fixed_num":"0","difficulty":"3"},{"id":"365372","question":"4000","answer_option_1":"1530","answer_option_2":"1340","answer_option_3":"1130","answer_option_4":"1070","answer_option_5":"","answer_option_6":"","fixed_num":"0","difficulty":"3"},{"id":"365392","question":"5000","answer_option_1":"1800","answer_option_2":"1130","answer_option_3":"2070","answer_option_4":"1320","answer_option_5":"","answer_option_6":"","fixed_num":"0","difficulty":"3"},{"id":"365384","question":"4500","answer_option_1":"2110","answer_option_2":"1200","answer_option_3":"1190","answer_option_4":"1730","answer_option_5":"","answer_option_6":"","fixed_num":"0","difficulty":"3"},{"id":"365370","question":"3500","answer_option_1":"1140","answer_option_2":"1210","answer_option_3":"1150","answer_option_4":"2760","answer_option_5":"","answer_option_6":"","fixed_num":"0","difficulty":"3"},{"id":"365355","question":"3000","answer_option_1":"860","answer_option_2":"850","answer_option_3":"1290","answer_option_4":"1270","answer_option_5":"","answer_option_6":"","fixed_num":"0","difficulty":"3"},{"id":"365351","question":"3000","answer_option_1":"780","answer_option_2":"750","answer_option_3":"1470","answer_option_4":"1630","answer_option_5":"","answer_option_6":"","fixed_num":"0","difficulty":"3"},{"id":"365373","question":"4000","answer_option_1":"1300","answer_option_2":"1200","answer_option_3":"1500","answer_option_4":"1060","answer_option_5":"","answer_option_6":"","fixed_num":"0","difficulty":"3"},{"id":"365359","question":"3000","answer_option_1":"950","answer_option_2":"950","answer_option_3":"1100","answer_option_4":"1420","answer_option_5":"","answer_option_6":"","fixed_num":"0","difficulty":"3"}]}}