{"status":"success","data":{"planet":{"id":"120","name":"Cell Cloning","description":"How do you count multiples?","question_count":"10","badges":{"speed":"1","accuracy":"1","score_mul_base":"1","score_mul_accuracy":"1","score_mul_speed":"1"}},"status":{"star":3,"difficulty":4,"top_score":0},"planet_top_score":[],"questions":[{"id":"328033","answer":"3","option_rows":"4","option_columns":"3","option_boxes":"4","option_product":"12","difficulty":"4"},{"id":"328036","answer":"4","option_rows":"4","option_columns":"4","option_boxes":"4","option_product":"16","difficulty":"4"},{"id":"328029","answer":"3","option_rows":"3","option_columns":"4","option_boxes":"4","option_product":"12","difficulty":"4"},{"id":"328032","answer":"5","option_rows":"5","option_columns":"4","option_boxes":"4","option_product":"20","difficulty":"4"},{"id":"328030","answer":"2","option_rows":"4","option_columns":"2","option_boxes":"4","option_product":"8","difficulty":"4"},{"id":"328031","answer":"4","option_rows":"4","option_columns":"4","option_boxes":"4","option_product":"16","difficulty":"4"},{"id":"328035","answer":"2","option_rows":"2","option_columns":"4","option_boxes":"4","option_product":"8","difficulty":"4"},{"id":"328034","answer":"5","option_rows":"4","option_columns":"5","option_boxes":"4","option_product":"20","difficulty":"4"}]}}