{"status":"success","data":{"planet":{"id":"167","name":"Quick Collect X","description":"Quickly tell if it's true or false","question_count":"10","badges":{"speed":"1","accuracy":"1","score_mul_base":"1","score_mul_accuracy":"1","score_mul_speed":"1"}},"status":{"star":2,"difficulty":3,"top_score":0},"planet_top_score":[],"questions":[{"id":"2161","question":"1\u00d76=7","question_type":null,"question_object_1":null,"question_object_2":null,"answer":"FALSE","answer_option_1":"T","answer_option_2":"F","image_id":null,"difficulty":"3"},{"id":"2057","question":"50\u00d76=300","question_type":null,"question_object_1":null,"question_object_2":null,"answer":"TRUE","answer_option_1":"T","answer_option_2":"F","image_id":null,"difficulty":"3"},{"id":"2168","question":"40\u00d76=46","question_type":null,"question_object_1":null,"question_object_2":null,"answer":"FALSE","answer_option_1":"T","answer_option_2":"F","image_id":null,"difficulty":"3"},{"id":"2056","question":"40\u00d76=240","question_type":null,"question_object_1":null,"question_object_2":null,"answer":"TRUE","answer_option_1":"T","answer_option_2":"F","image_id":null,"difficulty":"3"},{"id":"2165","question":"9\u00d76=15","question_type":null,"question_object_1":null,"question_object_2":null,"answer":"FALSE","answer_option_1":"T","answer_option_2":"F","image_id":null,"difficulty":"3"},{"id":"2167","question":"30\u00d76=36","question_type":null,"question_object_1":null,"question_object_2":null,"answer":"FALSE","answer_option_1":"T","answer_option_2":"F","image_id":null,"difficulty":"3"},{"id":"2136","question":"10\u00d75=15","question_type":null,"question_object_1":null,"question_object_2":null,"answer":"FALSE","answer_option_1":"T","answer_option_2":"F","image_id":null,"difficulty":"3"},{"id":"2131","question":"1\u00d75=6","question_type":null,"question_object_1":null,"question_object_2":null,"answer":"FALSE","answer_option_1":"T","answer_option_2":"F","image_id":null,"difficulty":"3"},{"id":"2023","question":"5\u00d75=25","question_type":null,"question_object_1":null,"question_object_2":null,"answer":"TRUE","answer_option_1":"T","answer_option_2":"F","image_id":null,"difficulty":"3"},{"id":"2163","question":"7\u00d76=13","question_type":null,"question_object_1":null,"question_object_2":null,"answer":"FALSE","answer_option_1":"T","answer_option_2":"F","image_id":null,"difficulty":"3"}]}}