{"status":"success","data":{"planet":{"id":"123","name":"Tap Hundreds","description":"Number base ten up to 100","question_count":"10","badges":null},"status":{"star":5,"difficulty":5,"top_score":0},"planet_top_score":[],"questions":[{"id":"228041","question":"117 - 8","answer":"109","option_type":"hundred","option_generate":"2","difficulty":"5"},{"id":"225905","question":"102 - 29","answer":"73","option_type":"hundred","option_generate":"2","difficulty":"5"},{"id":"227693","question":"173 - 12","answer":"161","option_type":"hundred","option_generate":"2","difficulty":"5"},{"id":"228658","question":"128 - 2","answer":"126","option_type":"hundred","option_generate":"2","difficulty":"5"},{"id":"225238","question":"142 - 36","answer":"106","option_type":"hundred","option_generate":"2","difficulty":"5"},{"id":"223813","question":"131 - 50","answer":"81","option_type":"hundred","option_generate":"2","difficulty":"5"},{"id":"225347","question":"150 - 35","answer":"115","option_type":"hundred","option_generate":"2","difficulty":"5"},{"id":"224244","question":"158 - 46","answer":"112","option_type":"hundred","option_generate":"2","difficulty":"5"},{"id":"227309","question":"193 - 16","answer":"177","option_type":"hundred","option_generate":"2","difficulty":"5"},{"id":"226884","question":"172 - 20","answer":"152","option_type":"hundred","option_generate":"2","difficulty":"5"}]}}