{"status":"success","data":{"planet":{"id":"123","name":"Tap Hundreds","description":"Number base ten up to 100","question_count":"10","badges":null},"status":{"star":5,"difficulty":5,"top_score":0},"planet_top_score":[],"questions":[{"id":"224597","question":"107 - 42","answer":"65","option_type":"hundred","option_generate":"2","difficulty":"5"},{"id":"223910","question":"127 - 49","answer":"78","option_type":"hundred","option_generate":"2","difficulty":"5"},{"id":"226403","question":"196 - 25","answer":"171","option_type":"hundred","option_generate":"2","difficulty":"5"},{"id":"225675","question":"175 - 32","answer":"143","option_type":"hundred","option_generate":"2","difficulty":"5"},{"id":"226387","question":"180 - 25","answer":"155","option_type":"hundred","option_generate":"2","difficulty":"5"},{"id":"228160","question":"135 - 7","answer":"128","option_type":"hundred","option_generate":"2","difficulty":"5"},{"id":"225716","question":"115 - 31","answer":"84","option_type":"hundred","option_generate":"2","difficulty":"5"},{"id":"228497","question":"169 - 4","answer":"165","option_type":"hundred","option_generate":"2","difficulty":"5"},{"id":"228554","question":"125 - 3","answer":"122","option_type":"hundred","option_generate":"2","difficulty":"5"},{"id":"227468","question":"150 - 14","answer":"136","option_type":"hundred","option_generate":"2","difficulty":"5"}]}}