{"status":"success","data":{"planet":{"id":"123","name":"Tap Hundreds","description":"Number base ten up to 100","question_count":"10","badges":null},"status":{"star":5,"difficulty":5,"top_score":0},"planet_top_score":[],"questions":[{"id":"225905","question":"102 - 29","answer":"73","option_type":"hundred","option_generate":"2","difficulty":"5"},{"id":"228593","question":"164 - 3","answer":"161","option_type":"hundred","option_generate":"2","difficulty":"5"},{"id":"225611","question":"111 - 32","answer":"79","option_type":"hundred","option_generate":"2","difficulty":"5"},{"id":"226241","question":"135 - 26","answer":"109","option_type":"hundred","option_generate":"2","difficulty":"5"},{"id":"224482","question":"194 - 44","answer":"150","option_type":"hundred","option_generate":"2","difficulty":"5"},{"id":"226724","question":"113 - 21","answer":"92","option_type":"hundred","option_generate":"2","difficulty":"5"},{"id":"227912","question":"190 - 10","answer":"180","option_type":"hundred","option_generate":"2","difficulty":"5"},{"id":"227465","question":"147 - 14","answer":"133","option_type":"hundred","option_generate":"2","difficulty":"5"},{"id":"224564","question":"175 - 43","answer":"132","option_type":"hundred","option_generate":"2","difficulty":"5"},{"id":"224244","question":"158 - 46","answer":"112","option_type":"hundred","option_generate":"2","difficulty":"5"}]}}