{"status":"success","data":{"planet":{"id":"123","name":"Tap Hundreds","description":"Number base ten up to 100","question_count":"10","badges":null},"status":{"star":5,"difficulty":5,"top_score":0},"planet_top_score":[],"questions":[{"id":"224901","question":"108 - 39","answer":"69","option_type":"hundred","option_generate":"2","difficulty":"5"},{"id":"223873","question":"191 - 50","answer":"141","option_type":"hundred","option_generate":"2","difficulty":"5"},{"id":"227349","question":"132 - 15","answer":"117","option_type":"hundred","option_generate":"2","difficulty":"5"},{"id":"223910","question":"127 - 49","answer":"78","option_type":"hundred","option_generate":"2","difficulty":"5"},{"id":"223860","question":"178 - 50","answer":"128","option_type":"hundred","option_generate":"2","difficulty":"5"},{"id":"226872","question":"160 - 20","answer":"140","option_type":"hundred","option_generate":"2","difficulty":"5"},{"id":"225025","question":"131 - 38","answer":"93","option_type":"hundred","option_generate":"2","difficulty":"5"},{"id":"227171","question":"156 - 17","answer":"139","option_type":"hundred","option_generate":"2","difficulty":"5"},{"id":"228463","question":"135 - 4","answer":"131","option_type":"hundred","option_generate":"2","difficulty":"5"},{"id":"226083","question":"179 - 28","answer":"151","option_type":"hundred","option_generate":"2","difficulty":"5"}]}}