{"status":"success","data":{"planet":{"id":"123","name":"Tap Hundreds","description":"Number base ten up to 100","question_count":"10","badges":null},"status":{"star":5,"difficulty":5,"top_score":0},"planet_top_score":[],"questions":[{"id":"225551","question":"152 - 33","answer":"119","option_type":"hundred","option_generate":"2","difficulty":"5"},{"id":"223910","question":"127 - 49","answer":"78","option_type":"hundred","option_generate":"2","difficulty":"5"},{"id":"226389","question":"182 - 25","answer":"157","option_type":"hundred","option_generate":"2","difficulty":"5"},{"id":"223828","question":"146 - 50","answer":"96","option_type":"hundred","option_generate":"2","difficulty":"5"},{"id":"223860","question":"178 - 50","answer":"128","option_type":"hundred","option_generate":"2","difficulty":"5"},{"id":"224168","question":"183 - 47","answer":"136","option_type":"hundred","option_generate":"2","difficulty":"5"},{"id":"226241","question":"135 - 26","answer":"109","option_type":"hundred","option_generate":"2","difficulty":"5"},{"id":"225288","question":"192 - 36","answer":"156","option_type":"hundred","option_generate":"2","difficulty":"5"},{"id":"228497","question":"169 - 4","answer":"165","option_type":"hundred","option_generate":"2","difficulty":"5"},{"id":"225765","question":"164 - 31","answer":"133","option_type":"hundred","option_generate":"2","difficulty":"5"}]}}