{"status":"success","data":{"planet":{"id":"154","name":"Burger Builder","description":"Build to proportion with 3 ingredients","question_count":"10","badges":{"speed":"1","accuracy":"1","score_mul_base":"1","score_mul_accuracy":"1","score_mul_speed":"1"}},"status":{"star":3,"difficulty":4,"top_score":0},"planet_top_score":[],"questions":[{"id":"338953","patty":"8","greens":"5","cheese":"5","preset_patty":"0","preset_greens":"0","preset_cheese":"0","difficulty":"4"},{"id":"338788","patty":"5","greens":"4","cheese":"7","preset_patty":"0","preset_greens":"0","preset_cheese":"0","difficulty":"4"},{"id":"338878","patty":"5","greens":"9","cheese":"2","preset_patty":"0","preset_greens":"0","preset_cheese":"0","difficulty":"4"},{"id":"338728","patty":"1","greens":"4","cheese":"7","preset_patty":"0","preset_greens":"0","preset_cheese":"0","difficulty":"4"},{"id":"338817","patty":"1","greens":"9","cheese":"5","preset_patty":"0","preset_greens":"0","preset_cheese":"0","difficulty":"4"},{"id":"338858","patty":"4","greens":"7","cheese":"2","preset_patty":"0","preset_greens":"0","preset_cheese":"0","difficulty":"4"},{"id":"338838","patty":"2","greens":"8","cheese":"2","preset_patty":"0","preset_greens":"0","preset_cheese":"0","difficulty":"4"},{"id":"338876","patty":"5","greens":"8","cheese":"4","preset_patty":"0","preset_greens":"0","preset_cheese":"0","difficulty":"4"},{"id":"338843","patty":"2","greens":"9","cheese":"3","preset_patty":"0","preset_greens":"0","preset_cheese":"0","difficulty":"4"},{"id":"338884","patty":"6","greens":"1","cheese":"3","preset_patty":"0","preset_greens":"0","preset_cheese":"0","difficulty":"4"}]}}