{"status":"success","data":{"planet":{"id":"154","name":"Burger Builder","description":"Build to proportion with 3 ingredients","question_count":"10","badges":{"speed":"1","accuracy":"1","score_mul_base":"1","score_mul_accuracy":"1","score_mul_speed":"1"}},"status":{"star":3,"difficulty":4,"top_score":0},"planet_top_score":[],"questions":[{"id":"338783","patty":"5","greens":"2","cheese":"8","preset_patty":"0","preset_greens":"0","preset_cheese":"0","difficulty":"4"},{"id":"338760","patty":"3","greens":"2","cheese":"9","preset_patty":"0","preset_greens":"0","preset_cheese":"0","difficulty":"4"},{"id":"338959","patty":"9","greens":"3","cheese":"3","preset_patty":"0","preset_greens":"0","preset_cheese":"0","difficulty":"4"},{"id":"338969","patty":"9","greens":"5","cheese":"5","preset_patty":"0","preset_greens":"0","preset_cheese":"0","difficulty":"4"},{"id":"338924","patty":"7","greens":"2","cheese":"4","preset_patty":"0","preset_greens":"0","preset_cheese":"0","difficulty":"4"},{"id":"338777","patty":"4","greens":"4","cheese":"8","preset_patty":"0","preset_greens":"0","preset_cheese":"0","difficulty":"4"},{"id":"338837","patty":"2","greens":"7","cheese":"5","preset_patty":"0","preset_greens":"0","preset_cheese":"0","difficulty":"4"},{"id":"338871","patty":"5","greens":"7","cheese":"3","preset_patty":"0","preset_greens":"0","preset_cheese":"0","difficulty":"4"},{"id":"338843","patty":"2","greens":"9","cheese":"3","preset_patty":"0","preset_greens":"0","preset_cheese":"0","difficulty":"4"},{"id":"338724","patty":"1","greens":"2","cheese":"9","preset_patty":"0","preset_greens":"0","preset_cheese":"0","difficulty":"4"}]}}