{"status":"success","data":{"planet":{"id":"123","name":"Tap Hundreds","description":"Number base ten up to 100","question_count":"10","badges":null},"status":{"star":0,"difficulty":1,"top_score":0},"planet_top_score":[],"questions":[{"id":"221011","question":"31","answer":"31","option_type":"ten","option_generate":"5","difficulty":"1"},{"id":"221004","question":"24","answer":"24","option_type":"ten","option_generate":"5","difficulty":"1"},{"id":"221006","question":"26","answer":"26","option_type":"ten","option_generate":"5","difficulty":"1"},{"id":"221020","question":"40","answer":"40","option_type":"ten","option_generate":"5","difficulty":"1"},{"id":"221018","question":"38","answer":"38","option_type":"ten","option_generate":"5","difficulty":"1"},{"id":"221001","question":"21","answer":"21","option_type":"ten","option_generate":"5","difficulty":"1"},{"id":"221012","question":"32","answer":"32","option_type":"ten","option_generate":"5","difficulty":"1"},{"id":"221016","question":"36","answer":"36","option_type":"ten","option_generate":"5","difficulty":"1"},{"id":"221007","question":"27","answer":"27","option_type":"ten","option_generate":"5","difficulty":"1"},{"id":"221008","question":"28","answer":"28","option_type":"ten","option_generate":"5","difficulty":"1"}]}}