{"status":"success","data":{"planet":{"id":"123","name":"Tap Hundreds","description":"Number base ten up to 100","question_count":"10","badges":null},"status":{"star":0,"difficulty":1,"top_score":0},"planet_top_score":[],"questions":[{"id":"221020","question":"40","answer":"40","option_type":"ten","option_generate":"5","difficulty":"1"},{"id":"221004","question":"24","answer":"24","option_type":"ten","option_generate":"5","difficulty":"1"},{"id":"221017","question":"37","answer":"37","option_type":"ten","option_generate":"5","difficulty":"1"},{"id":"221011","question":"31","answer":"31","option_type":"ten","option_generate":"5","difficulty":"1"},{"id":"221007","question":"27","answer":"27","option_type":"ten","option_generate":"5","difficulty":"1"},{"id":"221019","question":"39","answer":"39","option_type":"ten","option_generate":"5","difficulty":"1"},{"id":"221010","question":"30","answer":"30","option_type":"ten","option_generate":"5","difficulty":"1"},{"id":"221002","question":"22","answer":"22","option_type":"ten","option_generate":"5","difficulty":"1"},{"id":"221006","question":"26","answer":"26","option_type":"ten","option_generate":"5","difficulty":"1"},{"id":"221012","question":"32","answer":"32","option_type":"ten","option_generate":"5","difficulty":"1"}]}}