{"status":"success","data":{"planet":{"id":"123","name":"Tap Hundreds","description":"Number base ten up to 100","question_count":"10","badges":null},"status":{"star":0,"difficulty":1,"top_score":0},"planet_top_score":[],"questions":[{"id":"221006","question":"26","answer":"26","option_type":"ten","option_generate":"5","difficulty":"1"},{"id":"221007","question":"27","answer":"27","option_type":"ten","option_generate":"5","difficulty":"1"},{"id":"221015","question":"35","answer":"35","option_type":"ten","option_generate":"5","difficulty":"1"},{"id":"221019","question":"39","answer":"39","option_type":"ten","option_generate":"5","difficulty":"1"},{"id":"221017","question":"37","answer":"37","option_type":"ten","option_generate":"5","difficulty":"1"},{"id":"221014","question":"34","answer":"34","option_type":"ten","option_generate":"5","difficulty":"1"},{"id":"221002","question":"22","answer":"22","option_type":"ten","option_generate":"5","difficulty":"1"},{"id":"221005","question":"25","answer":"25","option_type":"ten","option_generate":"5","difficulty":"1"},{"id":"221013","question":"33","answer":"33","option_type":"ten","option_generate":"5","difficulty":"1"},{"id":"221011","question":"31","answer":"31","option_type":"ten","option_generate":"5","difficulty":"1"}]}}