{"status":"success","data":{"planet":{"id":"150","name":"Speedy Sushi-San!","description":"Know the shape of your ingredients!","question_count":"10","badges":{"speed":"1","accuracy":"1","score_mul_base":"1","score_mul_accuracy":"1","score_mul_speed":"1"}},"status":{"star":3,"difficulty":4,"top_score":0},"planet_top_score":[],"questions":[{"id":"151","question":"1 Pentagon and 1 Hexagon","difficulty":"4","questions":{"angle3":"3","angle4":"3","angle5":"3","angle6":"3"},"answers":{"angle3":"0","angle4":"0","angle5":"1","angle6":"1"}},{"id":"132","question":"2 Pentagons and 1 Hexagon","difficulty":"4","questions":{"angle3":"0","angle4":"4","angle5":"4","angle6":"4"},"answers":{"angle3":"0","angle4":"0","angle5":"2","angle6":"1"}},{"id":"155","question":"3 Pentagons and 2 Hexagons","difficulty":"4","questions":{"angle3":"3","angle4":"3","angle5":"3","angle6":"3"},"answers":{"angle3":"0","angle4":"0","angle5":"3","angle6":"2"}},{"id":"101","question":"3 Triangles and 1 Hexagon","difficulty":"4","questions":{"angle3":"3","angle4":"3","angle5":"3","angle6":"3"},"answers":{"angle3":"3","angle4":"0","angle5":"0","angle6":"1"}},{"id":"156","question":"3 Pentagons and 3 Hexagons","difficulty":"4","questions":{"angle3":"3","angle4":"3","angle5":"3","angle6":"3"},"answers":{"angle3":"0","angle4":"0","angle5":"3","angle6":"3"}},{"id":"135","question":"4 Pentagons and 1 Hexagon","difficulty":"4","questions":{"angle3":"0","angle4":"4","angle5":"4","angle6":"4"},"answers":{"angle3":"0","angle4":"0","angle5":"4","angle6":"1"}},{"id":"145","question":"4 Pentagons and 1 Hexagon","difficulty":"4","questions":{"angle3":"4","angle4":"0","angle5":"4","angle6":"4"},"answers":{"angle3":"0","angle4":"0","angle5":"4","angle6":"1"}},{"id":"91","question":"3 Triangles and 1 Hexagon","difficulty":"4","questions":{"angle3":"4","angle4":"0","angle5":"4","angle6":"4"},"answers":{"angle3":"3","angle4":"0","angle5":"0","angle6":"1"}},{"id":"92","question":"2 Triangles and 2 Hexagons","difficulty":"4","questions":{"angle3":"4","angle4":"0","angle5":"4","angle6":"4"},"answers":{"angle3":"2","angle4":"0","angle5":"0","angle6":"2"}},{"id":"142","question":"2 Pentagons and 1 Hexagon","difficulty":"4","questions":{"angle3":"4","angle4":"0","angle5":"4","angle6":"4"},"answers":{"angle3":"0","angle4":"0","angle5":"2","angle6":"1"}}]}}