{"status":"success","data":{"planet":{"id":"105","name":"Tap Tens","description":"How many ones are in a ten?","question_count":"10","badges":{"speed":"1","accuracy":"1","score_mul_base":"1","score_mul_accuracy":"1","score_mul_speed":"1"}},"status":{"star":2,"difficulty":3,"top_score":0},"planet_top_score":[],"questions":[{"id":"210173","question":"6 - 1","answer":"5","option_type":"ten","option_generate":"2","difficulty":"3"},{"id":"210143","question":"13 - 2","answer":"11","option_type":"ten","option_generate":"2","difficulty":"3"},{"id":"210149","question":"9 - 7","answer":"2","option_type":"ten","option_generate":"2","difficulty":"3"},{"id":"210158","question":"8 - 5","answer":"3","option_type":"ten","option_generate":"2","difficulty":"3"},{"id":"210181","question":"3 - 2","answer":"1","option_type":"ten","option_generate":"2","difficulty":"3"},{"id":"210119","question":"18 - 1","answer":"17","option_type":"ten","option_generate":"2","difficulty":"3"},{"id":"210136","question":"15 - 2","answer":"13","option_type":"ten","option_generate":"2","difficulty":"3"},{"id":"210110","question":"19 - 2","answer":"17","option_type":"ten","option_generate":"2","difficulty":"3"},{"id":"210170","question":"6 - 4","answer":"2","option_type":"ten","option_generate":"2","difficulty":"3"},{"id":"210160","question":"8 - 3","answer":"5","option_type":"ten","option_generate":"2","difficulty":"3"}]}}