{"status":"success","data":{"planet":{"id":"105","name":"Tap Tens","description":"How many ones are in a ten?","question_count":"10","badges":{"speed":"1","accuracy":"1","score_mul_base":"1","score_mul_accuracy":"1","score_mul_speed":"1"}},"status":{"star":2,"difficulty":3,"top_score":0},"planet_top_score":[],"questions":[{"id":"210123","question":"17 - 4","answer":"13","option_type":"ten","option_generate":"2","difficulty":"3"},{"id":"210157","question":"8 - 6","answer":"2","option_type":"ten","option_generate":"2","difficulty":"3"},{"id":"210161","question":"8 - 2","answer":"6","option_type":"ten","option_generate":"2","difficulty":"3"},{"id":"210150","question":"9 - 6","answer":"3","option_type":"ten","option_generate":"2","difficulty":"3"},{"id":"210148","question":"9 - 8","answer":"1","option_type":"ten","option_generate":"2","difficulty":"3"},{"id":"210110","question":"19 - 2","answer":"17","option_type":"ten","option_generate":"2","difficulty":"3"},{"id":"210165","question":"7 - 4","answer":"3","option_type":"ten","option_generate":"2","difficulty":"3"},{"id":"210136","question":"15 - 2","answer":"13","option_type":"ten","option_generate":"2","difficulty":"3"},{"id":"210117","question":"18 - 3","answer":"15","option_type":"ten","option_generate":"2","difficulty":"3"},{"id":"210167","question":"7 - 2","answer":"5","option_type":"ten","option_generate":"2","difficulty":"3"}]}}