{"status":"success","data":{"planet":{"id":"105","name":"Tap Tens","description":"How many ones are in a ten?","question_count":"10","badges":{"speed":"1","accuracy":"1","score_mul_base":"1","score_mul_accuracy":"1","score_mul_speed":"1"}},"status":{"star":2,"difficulty":3,"top_score":0},"planet_top_score":[],"questions":[{"id":"210122","question":"17 - 5","answer":"12","option_type":"ten","option_generate":"2","difficulty":"3"},{"id":"210144","question":"13 - 1","answer":"12","option_type":"ten","option_generate":"2","difficulty":"3"},{"id":"210141","question":"14 - 1","answer":"13","option_type":"ten","option_generate":"2","difficulty":"3"},{"id":"210143","question":"13 - 2","answer":"11","option_type":"ten","option_generate":"2","difficulty":"3"},{"id":"210178","question":"4 - 3","answer":"1","option_type":"ten","option_generate":"2","difficulty":"3"},{"id":"210131","question":"16 - 2","answer":"14","option_type":"ten","option_generate":"2","difficulty":"3"},{"id":"210173","question":"6 - 1","answer":"5","option_type":"ten","option_generate":"2","difficulty":"3"},{"id":"210113","question":"18 - 7","answer":"11","option_type":"ten","option_generate":"2","difficulty":"3"},{"id":"210138","question":"14 - 4","answer":"10","option_type":"ten","option_generate":"2","difficulty":"3"},{"id":"210110","question":"19 - 2","answer":"17","option_type":"ten","option_generate":"2","difficulty":"3"}]}}