{"status":"success","data":{"planet":{"id":"105","name":"Tap Tens","description":"How many ones are in a ten?","question_count":"10","badges":{"speed":"1","accuracy":"1","score_mul_base":"1","score_mul_accuracy":"1","score_mul_speed":"1"}},"status":{"star":2,"difficulty":3,"top_score":0},"planet_top_score":[],"questions":[{"id":"210116","question":"18 - 4","answer":"14","option_type":"ten","option_generate":"2","difficulty":"3"},{"id":"210149","question":"9 - 7","answer":"2","option_type":"ten","option_generate":"2","difficulty":"3"},{"id":"210169","question":"6 - 5","answer":"1","option_type":"ten","option_generate":"2","difficulty":"3"},{"id":"210140","question":"14 - 2","answer":"12","option_type":"ten","option_generate":"2","difficulty":"3"},{"id":"210152","question":"9 - 4","answer":"5","option_type":"ten","option_generate":"2","difficulty":"3"},{"id":"210141","question":"14 - 1","answer":"13","option_type":"ten","option_generate":"2","difficulty":"3"},{"id":"210106","question":"19 - 6","answer":"13","option_type":"ten","option_generate":"2","difficulty":"3"},{"id":"210134","question":"15 - 4","answer":"11","option_type":"ten","option_generate":"2","difficulty":"3"},{"id":"210162","question":"8 - 1","answer":"7","option_type":"ten","option_generate":"2","difficulty":"3"},{"id":"210121","question":"17 - 6","answer":"11","option_type":"ten","option_generate":"2","difficulty":"3"}]}}