{"status":"success","data":{"planet":{"id":"105","name":"Tap Tens","description":"How many ones are in a ten?","question_count":"10","badges":{"speed":"1","accuracy":"1","score_mul_base":"1","score_mul_accuracy":"1","score_mul_speed":"1"}},"status":{"star":2,"difficulty":3,"top_score":0},"planet_top_score":[],"questions":[{"id":"210166","question":"7 - 3","answer":"4","option_type":"ten","option_generate":"2","difficulty":"3"},{"id":"210124","question":"17 - 3","answer":"14","option_type":"ten","option_generate":"2","difficulty":"3"},{"id":"210151","question":"9 - 5","answer":"4","option_type":"ten","option_generate":"2","difficulty":"3"},{"id":"210152","question":"9 - 4","answer":"5","option_type":"ten","option_generate":"2","difficulty":"3"},{"id":"210136","question":"15 - 2","answer":"13","option_type":"ten","option_generate":"2","difficulty":"3"},{"id":"210110","question":"19 - 2","answer":"17","option_type":"ten","option_generate":"2","difficulty":"3"},{"id":"210163","question":"7 - 6","answer":"1","option_type":"ten","option_generate":"2","difficulty":"3"},{"id":"210106","question":"19 - 6","answer":"13","option_type":"ten","option_generate":"2","difficulty":"3"},{"id":"210114","question":"18 - 6","answer":"12","option_type":"ten","option_generate":"2","difficulty":"3"},{"id":"210150","question":"9 - 6","answer":"3","option_type":"ten","option_generate":"2","difficulty":"3"}]}}