{"status":"success","data":{"planet":{"id":"185","name":"Angle Align","description":"How do you measure angles?","question_count":"10","badges":{"speed":"1","accuracy":"1","score_mul_base":"1","score_mul_accuracy":"1","score_mul_speed":"1"}},"status":{"star":0,"difficulty":1,"top_score":0},"planet_top_score":[],"questions":[{"id":"213001","question":"10\u00b0 from A","answer":"1","plane":"0","difficulty":"1"},{"id":"213017","question":"80\u00b0 from B","answer":"10","plane":"0","difficulty":"1"},{"id":"213004","question":"40\u00b0 from A","answer":"4","plane":"0","difficulty":"1"},{"id":"213010","question":"10\u00b0 from B","answer":"17","plane":"0","difficulty":"1"},{"id":"213013","question":"40\u00b0 from B","answer":"14","plane":"0","difficulty":"1"},{"id":"213009","question":"90\u00b0 from A","answer":"9","plane":"0","difficulty":"1"},{"id":"213002","question":"20\u00b0 from A","answer":"2","plane":"0","difficulty":"1"},{"id":"213016","question":"70\u00b0 from B","answer":"11","plane":"0","difficulty":"1"},{"id":"213018","question":"90\u00b0 from B","answer":"9","plane":"0","difficulty":"1"},{"id":"213012","question":"30\u00b0 from B","answer":"15","plane":"0","difficulty":"1"}]}}