{"status":"success","data":{"planet":{"id":114,"name":"More or Less? (Gears)","description":"What do the signs mean? (>=< 40)","question_count":10,"badges":{"speed":"1","accuracy":"1","score_mul_base":"1","score_mul_accuracy":"1","score_mul_speed":"1"}},"status":{"star":1,"difficulty":2,"top_score":0},"planet_top_score":[],"questions":[{"id":5104,"difficulty":2,"questions":{"left_question_1":"11","left_question_2":"","left_question_3":null,"right_question_1":"14","right_question_2":"","right_question_3":null},"answers":{"answer":"<"},"subject":[{"subject_code":"subject_2","name":"subject_2","description":"subject_2"}]},{"id":5193,"difficulty":2,"questions":{"left_question_1":"20","left_question_2":"","left_question_3":null,"right_question_1":"13","right_question_2":"","right_question_3":null},"answers":{"answer":">"},"subject":[{"subject_code":"0","name":null,"description":null}]},{"id":5157,"difficulty":2,"questions":{"left_question_1":"16","left_question_2":"","left_question_3":null,"right_question_1":"17","right_question_2":"","right_question_3":null},"answers":{"answer":"<"},"subject":[{"subject_code":"0","name":null,"description":null}]},{"id":5138,"difficulty":2,"questions":{"left_question_1":"14","left_question_2":"","left_question_3":null,"right_question_1":"18","right_question_2":"","right_question_3":null},"answers":{"answer":"<"},"subject":[{"subject_code":"0","name":null,"description":null}]},{"id":5130,"difficulty":2,"questions":{"left_question_1":"13","left_question_2":"","left_question_3":null,"right_question_1":"20","right_question_2":"","right_question_3":null},"answers":{"answer":"<"},"subject":[{"subject_code":"0","name":null,"description":null}]},{"id":5185,"difficulty":2,"questions":{"left_question_1":"19","left_question_2":"","left_question_3":null,"right_question_1":"15","right_question_2":"","right_question_3":null},"answers":{"answer":">"},"subject":[{"subject_code":"0","name":null,"description":null}]},{"id":5119,"difficulty":2,"questions":{"left_question_1":"12","left_question_2":"","left_question_3":null,"right_question_1":"19","right_question_2":"","right_question_3":null},"answers":{"answer":"<"},"subject":[{"subject_code":"0","name":null,"description":null}]},{"id":5197,"difficulty":2,"questions":{"left_question_1":"20","left_question_2":"","left_question_3":null,"right_question_1":"17","right_question_2":"","right_question_3":null},"answers":{"answer":">"},"subject":[{"subject_code":"0","name":null,"description":null}]},{"id":5124,"difficulty":2,"questions":{"left_question_1":"13","left_question_2":"","left_question_3":null,"right_question_1":"14","right_question_2":"","right_question_3":null},"answers":{"answer":"<"},"subject":[{"subject_code":"0","name":null,"description":null}]},{"id":5176,"difficulty":2,"questions":{"left_question_1":"18","left_question_2":"","left_question_3":null,"right_question_1":"16","right_question_2":"","right_question_3":null},"answers":{"answer":">"},"subject":[{"subject_code":"0","name":null,"description":null}]}]}}