{"status":"success","data":{"planet":{"id":114,"name":"More or Less? (Gears)","description":"What do the signs mean? (>=< 40)","question_count":10,"badges":{"speed":"1","accuracy":"1","score_mul_base":"1","score_mul_accuracy":"1","score_mul_speed":"1"}},"status":{"star":1,"difficulty":2,"top_score":0},"planet_top_score":[],"questions":[{"id":5160,"difficulty":2,"questions":{"left_question_1":"16","left_question_2":"","left_question_3":null,"right_question_1":"20","right_question_2":"","right_question_3":null},"answers":{"answer":"<"},"subject":[{"subject_code":"0","name":null,"description":null}]},{"id":5175,"difficulty":2,"questions":{"left_question_1":"18","left_question_2":"","left_question_3":null,"right_question_1":"15","right_question_2":"","right_question_3":null},"answers":{"answer":">"},"subject":[{"subject_code":"0","name":null,"description":null}]},{"id":5197,"difficulty":2,"questions":{"left_question_1":"20","left_question_2":"","left_question_3":null,"right_question_1":"17","right_question_2":"","right_question_3":null},"answers":{"answer":">"},"subject":[{"subject_code":"0","name":null,"description":null}]},{"id":5139,"difficulty":2,"questions":{"left_question_1":"14","left_question_2":"","left_question_3":null,"right_question_1":"19","right_question_2":"","right_question_3":null},"answers":{"answer":"<"},"subject":[{"subject_code":"0","name":null,"description":null}]},{"id":5112,"difficulty":2,"questions":{"left_question_1":"12","left_question_2":"","left_question_3":null,"right_question_1":"12","right_question_2":"","right_question_3":null},"answers":{"answer":"="},"subject":[{"subject_code":"subject_2","name":"subject_2","description":"subject_2"},{"subject_code":"subject_3","name":"subject_3","description":"subject_3"}]},{"id":5196,"difficulty":2,"questions":{"left_question_1":"20","left_question_2":"","left_question_3":null,"right_question_1":"16","right_question_2":"","right_question_3":null},"answers":{"answer":">"},"subject":[{"subject_code":"0","name":null,"description":null}]},{"id":5169,"difficulty":2,"questions":{"left_question_1":"17","left_question_2":"","left_question_3":null,"right_question_1":"19","right_question_2":"","right_question_3":null},"answers":{"answer":"<"},"subject":[{"subject_code":"0","name":null,"description":null}]},{"id":5168,"difficulty":2,"questions":{"left_question_1":"17","left_question_2":"","left_question_3":null,"right_question_1":"18","right_question_2":"","right_question_3":null},"answers":{"answer":"<"},"subject":[{"subject_code":"0","name":null,"description":null}]},{"id":5128,"difficulty":2,"questions":{"left_question_1":"13","left_question_2":"","left_question_3":null,"right_question_1":"18","right_question_2":"","right_question_3":null},"answers":{"answer":"<"},"subject":[{"subject_code":"0","name":null,"description":null}]},{"id":5174,"difficulty":2,"questions":{"left_question_1":"18","left_question_2":"","left_question_3":null,"right_question_1":"14","right_question_2":"","right_question_3":null},"answers":{"answer":">"},"subject":[{"subject_code":"0","name":null,"description":null}]}]}}