{"status":"success","data":{"planet":{"id":114,"name":"More or Less? (Gears)","description":"What do the signs mean? (>=< 40)","question_count":10,"badges":{"speed":"1","accuracy":"1","score_mul_base":"1","score_mul_accuracy":"1","score_mul_speed":"1"}},"status":{"star":1,"difficulty":2,"top_score":0},"planet_top_score":[],"questions":[{"id":5156,"difficulty":2,"questions":{"left_question_1":"16","left_question_2":"","left_question_3":null,"right_question_1":"16","right_question_2":"","right_question_3":null},"answers":{"answer":"="},"subject":[{"subject_code":"0","name":null,"description":null}]},{"id":5171,"difficulty":2,"questions":{"left_question_1":"18","left_question_2":"","left_question_3":null,"right_question_1":"11","right_question_2":"","right_question_3":null},"answers":{"answer":">"},"subject":[{"subject_code":"0","name":null,"description":null}]},{"id":5117,"difficulty":2,"questions":{"left_question_1":"12","left_question_2":"","left_question_3":null,"right_question_1":"17","right_question_2":"","right_question_3":null},"answers":{"answer":"<"},"subject":[{"subject_code":"subject_1","name":"subject_1","description":"subject_1"}]},{"id":5158,"difficulty":2,"questions":{"left_question_1":"16","left_question_2":"","left_question_3":null,"right_question_1":"18","right_question_2":"","right_question_3":null},"answers":{"answer":"<"},"subject":[{"subject_code":"0","name":null,"description":null}]},{"id":5135,"difficulty":2,"questions":{"left_question_1":"14","left_question_2":"","left_question_3":null,"right_question_1":"15","right_question_2":"","right_question_3":null},"answers":{"answer":"<"},"subject":[{"subject_code":"0","name":null,"description":null}]},{"id":5107,"difficulty":2,"questions":{"left_question_1":"11","left_question_2":"","left_question_3":null,"right_question_1":"17","right_question_2":"","right_question_3":null},"answers":{"answer":"<"},"subject":[{"subject_code":"subject_1","name":"subject_1","description":"subject_1"}]},{"id":5129,"difficulty":2,"questions":{"left_question_1":"13","left_question_2":"","left_question_3":null,"right_question_1":"19","right_question_2":"","right_question_3":null},"answers":{"answer":"<"},"subject":[{"subject_code":"0","name":null,"description":null}]},{"id":5169,"difficulty":2,"questions":{"left_question_1":"17","left_question_2":"","left_question_3":null,"right_question_1":"19","right_question_2":"","right_question_3":null},"answers":{"answer":"<"},"subject":[{"subject_code":"0","name":null,"description":null}]},{"id":5125,"difficulty":2,"questions":{"left_question_1":"13","left_question_2":"","left_question_3":null,"right_question_1":"15","right_question_2":"","right_question_3":null},"answers":{"answer":"<"},"subject":[{"subject_code":"0","name":null,"description":null}]},{"id":5104,"difficulty":2,"questions":{"left_question_1":"11","left_question_2":"","left_question_3":null,"right_question_1":"14","right_question_2":"","right_question_3":null},"answers":{"answer":"<"},"subject":[{"subject_code":"subject_2","name":"subject_2","description":"subject_2"}]}]}}