{"status":"success","data":{"planet":{"id":"192","name":"Tap Trouble","description":"Limited Breaks","question_count":"10","badges":{"speed":"1","accuracy":"1","score_mul_base":"1","score_mul_accuracy":"1","score_mul_speed":"1"}},"status":{"star":3,"difficulty":4,"top_score":0},"planet_top_score":[],"questions":[{"id":"237513","question":"418 + 394","answer":"812","option_type":"thousand","option_generate":"1","difficulty":"4"},{"id":"242226","question":"450 + 425","answer":"875","option_type":"thousand","option_generate":"1","difficulty":"4"},{"id":"232709","question":"446 + 362","answer":"808","option_type":"thousand","option_generate":"1","difficulty":"4"},{"id":"235532","question":"400 + 381","answer":"781","option_type":"thousand","option_generate":"1","difficulty":"4"},{"id":"244529","question":"488 + 440","answer":"928","option_type":"thousand","option_generate":"1","difficulty":"4"},{"id":"239551","question":"493 + 407","answer":"900","option_type":"thousand","option_generate":"1","difficulty":"4"},{"id":"233518","question":"500 + 367","answer":"867","option_type":"thousand","option_generate":"1","difficulty":"4"},{"id":"231301","question":"397 + 353","answer":"750","option_type":"thousand","option_generate":"1","difficulty":"4"},{"id":"244453","question":"412 + 440","answer":"852","option_type":"thousand","option_generate":"1","difficulty":"4"},{"id":"246590","question":"435 + 454","answer":"889","option_type":"thousand","option_generate":"1","difficulty":"4"}]}}