{"status":"success","data":{"planet":{"id":"192","name":"Tap Trouble","description":"Limited Breaks","question_count":"10","badges":{"speed":"1","accuracy":"1","score_mul_base":"1","score_mul_accuracy":"1","score_mul_speed":"1"}},"status":{"star":3,"difficulty":4,"top_score":0},"planet_top_score":[],"questions":[{"id":"244453","question":"412 + 440","answer":"852","option_type":"thousand","option_generate":"1","difficulty":"4"},{"id":"249833","question":"356 + 476","answer":"832","option_type":"thousand","option_generate":"1","difficulty":"4"},{"id":"250148","question":"369 + 478","answer":"847","option_type":"thousand","option_generate":"1","difficulty":"4"},{"id":"240627","question":"361 + 415","answer":"776","option_type":"thousand","option_generate":"1","difficulty":"4"},{"id":"247390","question":"480 + 459","answer":"939","option_type":"thousand","option_generate":"1","difficulty":"4"},{"id":"231301","question":"397 + 353","answer":"750","option_type":"thousand","option_generate":"1","difficulty":"4"},{"id":"246883","question":"426 + 456","answer":"882","option_type":"thousand","option_generate":"1","difficulty":"4"},{"id":"236640","question":"451 + 388","answer":"839","option_type":"thousand","option_generate":"1","difficulty":"4"},{"id":"244305","question":"415 + 439","answer":"854","option_type":"thousand","option_generate":"1","difficulty":"4"},{"id":"236837","question":"497 + 389","answer":"886","option_type":"thousand","option_generate":"1","difficulty":"4"}]}}