{"status":"success","data":{"planet":{"id":"192","name":"Tap Trouble","description":"Limited Breaks","question_count":"10","badges":{"speed":"1","accuracy":"1","score_mul_base":"1","score_mul_accuracy":"1","score_mul_speed":"1"}},"status":{"star":3,"difficulty":4,"top_score":0},"planet_top_score":[],"questions":[{"id":"248653","question":"384 + 468","answer":"852","option_type":"thousand","option_generate":"1","difficulty":"4"},{"id":"250601","question":"369 + 481","answer":"850","option_type":"thousand","option_generate":"1","difficulty":"4"},{"id":"250176","question":"397 + 478","answer":"875","option_type":"thousand","option_generate":"1","difficulty":"4"},{"id":"246062","question":"360 + 451","answer":"811","option_type":"thousand","option_generate":"1","difficulty":"4"},{"id":"246883","question":"426 + 456","answer":"882","option_type":"thousand","option_generate":"1","difficulty":"4"},{"id":"239537","question":"479 + 407","answer":"886","option_type":"thousand","option_generate":"1","difficulty":"4"},{"id":"238008","question":"460 + 397","answer":"857","option_type":"thousand","option_generate":"1","difficulty":"4"},{"id":"242697","question":"468 + 428","answer":"896","option_type":"thousand","option_generate":"1","difficulty":"4"},{"id":"237288","question":"495 + 392","answer":"887","option_type":"thousand","option_generate":"1","difficulty":"4"},{"id":"241842","question":"368 + 423","answer":"791","option_type":"thousand","option_generate":"1","difficulty":"4"}]}}