{"status":"success","data":{"planet":{"id":"192","name":"Tap Trouble","description":"Limited Breaks","question_count":"10","badges":{"speed":"1","accuracy":"1","score_mul_base":"1","score_mul_accuracy":"1","score_mul_speed":"1"}},"status":{"star":3,"difficulty":4,"top_score":0},"planet_top_score":[],"questions":[{"id":"246062","question":"360 + 451","answer":"811","option_type":"thousand","option_generate":"1","difficulty":"4"},{"id":"248653","question":"384 + 468","answer":"852","option_type":"thousand","option_generate":"1","difficulty":"4"},{"id":"250870","question":"487 + 482","answer":"969","option_type":"thousand","option_generate":"1","difficulty":"4"},{"id":"250148","question":"369 + 478","answer":"847","option_type":"thousand","option_generate":"1","difficulty":"4"},{"id":"248967","question":"396 + 470","answer":"866","option_type":"thousand","option_generate":"1","difficulty":"4"},{"id":"250346","question":"416 + 479","answer":"895","option_type":"thousand","option_generate":"1","difficulty":"4"},{"id":"233297","question":"430 + 366","answer":"796","option_type":"thousand","option_generate":"1","difficulty":"4"},{"id":"237312","question":"368 + 393","answer":"761","option_type":"thousand","option_generate":"1","difficulty":"4"},{"id":"245236","question":"440 + 445","answer":"885","option_type":"thousand","option_generate":"1","difficulty":"4"},{"id":"249365","question":"492 + 472","answer":"964","option_type":"thousand","option_generate":"1","difficulty":"4"}]}}