{"status":"success","data":{"planet":{"id":"192","name":"Tap Trouble","description":"Limited Breaks","question_count":"10","badges":{"speed":"1","accuracy":"1","score_mul_base":"1","score_mul_accuracy":"1","score_mul_speed":"1"}},"status":{"star":3,"difficulty":4,"top_score":0},"planet_top_score":[],"questions":[{"id":"236692","question":"352 + 389","answer":"741","option_type":"thousand","option_generate":"1","difficulty":"4"},{"id":"234488","question":"413 + 374","answer":"787","option_type":"thousand","option_generate":"1","difficulty":"4"},{"id":"237312","question":"368 + 393","answer":"761","option_type":"thousand","option_generate":"1","difficulty":"4"},{"id":"248730","question":"461 + 468","answer":"929","option_type":"thousand","option_generate":"1","difficulty":"4"},{"id":"242697","question":"468 + 428","answer":"896","option_type":"thousand","option_generate":"1","difficulty":"4"},{"id":"238008","question":"460 + 397","answer":"857","option_type":"thousand","option_generate":"1","difficulty":"4"},{"id":"233075","question":"359 + 365","answer":"724","option_type":"thousand","option_generate":"1","difficulty":"4"},{"id":"244468","question":"427 + 440","answer":"867","option_type":"thousand","option_generate":"1","difficulty":"4"},{"id":"241785","question":"462 + 422","answer":"884","option_type":"thousand","option_generate":"1","difficulty":"4"},{"id":"240828","question":"411 + 416","answer":"827","option_type":"thousand","option_generate":"1","difficulty":"4"}]}}