{"status":"success","data":{"planet":{"id":"169","name":"Batteries +","description":"Add fractions with unlike denominators","question_count":"10","badges":{"speed":"1","accuracy":"1","score_mul_base":"1","score_mul_accuracy":"1","score_mul_speed":"1"}},"status":{"star":2,"difficulty":3,"top_score":0},"planet_top_score":[],"questions":[{"id":"325175","answer":"8\/12","op":"+","number1":"1\/3","number1_multiplier":"1","number2":"4\/12","number2_multiplier":"1","number3":null,"number3_multiplier":"0","answer_option_1":"5\/15","answer_option_2":"5\/12","answer_option_3":"8\/15","answer_option_4":"8\/12","difficulty":"3"},{"id":"325248","answer":"12\/12","op":"+","number1":"1\/6","number1_multiplier":"1","number2":"10\/12","number2_multiplier":"1","number3":null,"number3_multiplier":"0","answer_option_1":"11\/18","answer_option_2":"11\/12","answer_option_3":"12\/18","answer_option_4":"12\/12","difficulty":"3"},{"id":"325191","answer":"5\/8","op":"+","number1":"1\/4","number1_multiplier":"1","number2":"3\/8","number2_multiplier":"1","number3":null,"number3_multiplier":"0","answer_option_1":"4\/12","answer_option_2":"4\/8","answer_option_3":"5\/12","answer_option_4":"5\/8","difficulty":"3"},{"id":"325262","answer":"12\/12","op":"+","number1":"3\/6","number1_multiplier":"1","number2":"6\/12","number2_multiplier":"1","number3":null,"number3_multiplier":"0","answer_option_1":"9\/18","answer_option_2":"9\/12","answer_option_3":"12\/18","answer_option_4":"12\/12","difficulty":"3"},{"id":"325250","answer":"6\/12","op":"+","number1":"2\/6","number1_multiplier":"1","number2":"2\/12","number2_multiplier":"1","number3":null,"number3_multiplier":"0","answer_option_1":"4\/18","answer_option_2":"4\/12","answer_option_3":"6\/18","answer_option_4":"6\/12","difficulty":"3"},{"id":"325263","answer":"9\/12","op":"+","number1":"4\/6","number1_multiplier":"1","number2":"1\/12","number2_multiplier":"1","number3":null,"number3_multiplier":"0","answer_option_1":"5\/18","answer_option_2":"5\/12","answer_option_3":"9\/18","answer_option_4":"9\/12","difficulty":"3"},{"id":"325148","answer":"6\/8","op":"+","number1":"1\/2","number1_multiplier":"1","number2":"2\/8","number2_multiplier":"1","number3":null,"number3_multiplier":"0","answer_option_1":"3\/10","answer_option_2":"3\/8","answer_option_3":"6\/8","answer_option_4":"4\/8","difficulty":"3"},{"id":"325241","answer":"5\/12","op":"+","number1":"1\/6","number1_multiplier":"1","number2":"3\/12","number2_multiplier":"1","number3":null,"number3_multiplier":"0","answer_option_1":"4\/18","answer_option_2":"4\/12","answer_option_3":"5\/18","answer_option_4":"5\/12","difficulty":"3"},{"id":"325160","answer":"11\/12","op":"+","number1":"1\/2","number1_multiplier":"1","number2":"5\/12","number2_multiplier":"1","number3":null,"number3_multiplier":"0","answer_option_1":"6\/14","answer_option_2":"11\/14","answer_option_3":"11\/12","answer_option_4":"6\/12","difficulty":"3"},{"id":"325183","answer":"8\/9","op":"+","number1":"2\/3","number1_multiplier":"1","number2":"2\/9","number2_multiplier":"1","number3":null,"number3_multiplier":"0","answer_option_1":"4\/12","answer_option_2":"4\/9","answer_option_3":"8\/12","answer_option_4":"8\/9","difficulty":"3"}]}}