{"status":"success","data":{"planet":{"id":"169","name":"Batteries +","description":"Add fractions with unlike denominators","question_count":"10","badges":{"speed":"1","accuracy":"1","score_mul_base":"1","score_mul_accuracy":"1","score_mul_speed":"1"}},"status":{"star":2,"difficulty":3,"top_score":0},"planet_top_score":[],"questions":[{"id":"325143","answer":"5\/8","op":"+","number1":"1\/2","number1_multiplier":"1","number2":"1\/8","number2_multiplier":"1","number3":null,"number3_multiplier":"0","answer_option_1":"2\/8","answer_option_2":"2\/10","answer_option_3":"5\/8","answer_option_4":"5\/10","difficulty":"3"},{"id":"325178","answer":"11\/12","op":"+","number1":"1\/3","number1_multiplier":"1","number2":"7\/12","number2_multiplier":"1","number3":null,"number3_multiplier":"0","answer_option_1":"8\/15","answer_option_2":"8\/12","answer_option_3":"11\/15","answer_option_4":"11\/12","difficulty":"3"},{"id":"325184","answer":"9\/9","op":"+","number1":"2\/3","number1_multiplier":"1","number2":"3\/9","number2_multiplier":"1","number3":null,"number3_multiplier":"0","answer_option_1":"5\/12","answer_option_2":"5\/9","answer_option_3":"9\/12","answer_option_4":"9\/9","difficulty":"3"},{"id":"325233","answer":"7\/10","op":"+","number1":"3\/5","number1_multiplier":"1","number2":"1\/10","number2_multiplier":"1","number3":null,"number3_multiplier":"0","answer_option_1":"4\/15","answer_option_2":"4\/10","answer_option_3":"7\/15","answer_option_4":"7\/10","difficulty":"3"},{"id":"325147","answer":"6\/6","op":"+","number1":"1\/2","number1_multiplier":"1","number2":"3\/6","number2_multiplier":"1","number3":null,"number3_multiplier":"0","answer_option_1":"4\/6","answer_option_2":"6\/6","answer_option_3":"2\/8","answer_option_4":"6\/12","difficulty":"3"},{"id":"325170","answer":"8\/9","op":"+","number1":"1\/3","number1_multiplier":"1","number2":"5\/9","number2_multiplier":"1","number3":null,"number3_multiplier":"0","answer_option_1":"6\/12","answer_option_2":"6\/9","answer_option_3":"8\/9","answer_option_4":"8\/12","difficulty":"3"},{"id":"325145","answer":"7\/12","op":"+","number1":"1\/2","number1_multiplier":"1","number2":"1\/12","number2_multiplier":"1","number3":null,"number3_multiplier":"0","answer_option_1":"2\/12","answer_option_2":"2\/10","answer_option_3":"7\/12","answer_option_4":"7\/10","difficulty":"3"},{"id":"325256","answer":"12\/12","op":"+","number1":"2\/6","number1_multiplier":"1","number2":"8\/12","number2_multiplier":"1","number3":null,"number3_multiplier":"0","answer_option_1":"10\/18","answer_option_2":"10\/12","answer_option_3":"12\/18","answer_option_4":"12\/12","difficulty":"3"},{"id":"325236","answer":"10\/10","op":"+","number1":"3\/5","number1_multiplier":"1","number2":"4\/10","number2_multiplier":"1","number3":null,"number3_multiplier":"0","answer_option_1":"7\/15","answer_option_2":"7\/10","answer_option_3":"10\/15","answer_option_4":"10\/10","difficulty":"3"},{"id":"325268","answer":"12\/12","op":"+","number1":"5\/6","number1_multiplier":"1","number2":"2\/12","number2_multiplier":"1","number3":null,"number3_multiplier":"0","answer_option_1":"7\/18","answer_option_2":"7\/12","answer_option_3":"12\/18","answer_option_4":"12\/12","difficulty":"3"}]}}