{"status":"success","data":{"planet":{"id":"169","name":"Batteries +","description":"Add fractions with unlike denominators","question_count":"10","badges":{"speed":"1","accuracy":"1","score_mul_base":"1","score_mul_accuracy":"1","score_mul_speed":"1"}},"status":{"star":2,"difficulty":3,"top_score":0},"planet_top_score":[],"questions":[{"id":"325153","answer":"8\/10","op":"+","number1":"1\/2","number1_multiplier":"1","number2":"3\/10","number2_multiplier":"1","number3":null,"number3_multiplier":"0","answer_option_1":"4\/10","answer_option_2":"4\/12","answer_option_3":"8\/10","answer_option_4":"8\/12","difficulty":"3"},{"id":"325205","answer":"6\/8","op":"+","number1":"2\/4","number1_multiplier":"1","number2":"2\/8","number2_multiplier":"1","number3":null,"number3_multiplier":"0","answer_option_1":"4\/12","answer_option_2":"4\/8","answer_option_3":"6\/12","answer_option_4":"6\/8","difficulty":"3"},{"id":"325178","answer":"11\/12","op":"+","number1":"1\/3","number1_multiplier":"1","number2":"7\/12","number2_multiplier":"1","number3":null,"number3_multiplier":"0","answer_option_1":"8\/15","answer_option_2":"8\/12","answer_option_3":"11\/15","answer_option_4":"11\/12","difficulty":"3"},{"id":"325219","answer":"3\/10","op":"+","number1":"1\/5","number1_multiplier":"1","number2":"1\/10","number2_multiplier":"1","number3":null,"number3_multiplier":"0","answer_option_1":"2\/15","answer_option_2":"2\/10","answer_option_3":"3\/15","answer_option_4":"3\/10","difficulty":"3"},{"id":"325233","answer":"7\/10","op":"+","number1":"3\/5","number1_multiplier":"1","number2":"1\/10","number2_multiplier":"1","number3":null,"number3_multiplier":"0","answer_option_1":"4\/15","answer_option_2":"4\/10","answer_option_3":"7\/15","answer_option_4":"7\/10","difficulty":"3"},{"id":"325232","answer":"10\/10","op":"+","number1":"2\/5","number1_multiplier":"1","number2":"6\/10","number2_multiplier":"1","number3":null,"number3_multiplier":"0","answer_option_1":"8\/15","answer_option_2":"8\/10","answer_option_3":"10\/15","answer_option_4":"10\/10","difficulty":"3"},{"id":"325243","answer":"7\/12","op":"+","number1":"1\/6","number1_multiplier":"1","number2":"5\/12","number2_multiplier":"1","number3":null,"number3_multiplier":"0","answer_option_1":"6\/18","answer_option_2":"6\/12","answer_option_3":"7\/18","answer_option_4":"7\/12","difficulty":"3"},{"id":"325163","answer":"4\/6","op":"+","number1":"1\/3","number1_multiplier":"1","number2":"2\/6","number2_multiplier":"1","number3":null,"number3_multiplier":"0","answer_option_1":"3\/6","answer_option_2":"3\/9","answer_option_3":"4\/6","answer_option_4":"4\/9","difficulty":"3"},{"id":"325262","answer":"12\/12","op":"+","number1":"3\/6","number1_multiplier":"1","number2":"6\/12","number2_multiplier":"1","number3":null,"number3_multiplier":"0","answer_option_1":"9\/18","answer_option_2":"9\/12","answer_option_3":"12\/18","answer_option_4":"12\/12","difficulty":"3"},{"id":"325234","answer":"8\/10","op":"+","number1":"3\/5","number1_multiplier":"1","number2":"2\/10","number2_multiplier":"1","number3":null,"number3_multiplier":"0","answer_option_1":"5\/15","answer_option_2":"5\/10","answer_option_3":"8\/15","answer_option_4":"8\/10","difficulty":"3"}]}}