{"status":"success","data":{"planet":{"id":"169","name":"Batteries +","description":"Add fractions with unlike denominators","question_count":"10","badges":{"speed":"1","accuracy":"1","score_mul_base":"1","score_mul_accuracy":"1","score_mul_speed":"1"}},"status":{"star":2,"difficulty":3,"top_score":0},"planet_top_score":[],"questions":[{"id":"325238","answer":"10\/10","op":"+","number1":"4\/5","number1_multiplier":"1","number2":"2\/10","number2_multiplier":"1","number3":null,"number3_multiplier":"0","answer_option_1":"6\/15","answer_option_2":"6\/10","answer_option_3":"10\/15","answer_option_4":"10\/10","difficulty":"3"},{"id":"325188","answer":"12\/12","op":"+","number1":"2\/3","number1_multiplier":"1","number2":"4\/12","number2_multiplier":"1","number3":null,"number3_multiplier":"0","answer_option_1":"6\/15","answer_option_2":"6\/12","answer_option_3":"12\/15","answer_option_4":"12\/12","difficulty":"3"},{"id":"325213","answer":"12\/12","op":"+","number1":"2\/4","number1_multiplier":"1","number2":"6\/12","number2_multiplier":"1","number3":null,"number3_multiplier":"0","answer_option_1":"8\/16","answer_option_2":"8\/12","answer_option_3":"12\/12","answer_option_4":"12\/16","difficulty":"3"},{"id":"325196","answer":"5\/12","op":"+","number1":"1\/4","number1_multiplier":"1","number2":"2\/12","number2_multiplier":"1","number3":null,"number3_multiplier":"0","answer_option_1":"3\/16","answer_option_2":"3\/12","answer_option_3":"5\/16","answer_option_4":"5\/12","difficulty":"3"},{"id":"325225","answer":"9\/10","op":"+","number1":"1\/5","number1_multiplier":"1","number2":"7\/10","number2_multiplier":"1","number3":null,"number3_multiplier":"0","answer_option_1":"8\/15","answer_option_2":"8\/10","answer_option_3":"9\/15","answer_option_4":"9\/10","difficulty":"3"},{"id":"325244","answer":"8\/12","op":"+","number1":"1\/6","number1_multiplier":"1","number2":"6\/12","number2_multiplier":"1","number3":null,"number3_multiplier":"0","answer_option_1":"7\/18","answer_option_2":"7\/12","answer_option_3":"8\/18","answer_option_4":"8\/12","difficulty":"3"},{"id":"325187","answer":"11\/12","op":"+","number1":"2\/3","number1_multiplier":"1","number2":"3\/12","number2_multiplier":"1","number3":null,"number3_multiplier":"0","answer_option_1":"5\/15","answer_option_2":"5\/12","answer_option_3":"11\/15","answer_option_4":"11\/12","difficulty":"3"},{"id":"325191","answer":"5\/8","op":"+","number1":"1\/4","number1_multiplier":"1","number2":"3\/8","number2_multiplier":"1","number3":null,"number3_multiplier":"0","answer_option_1":"4\/12","answer_option_2":"4\/8","answer_option_3":"5\/12","answer_option_4":"5\/8","difficulty":"3"},{"id":"325163","answer":"4\/6","op":"+","number1":"1\/3","number1_multiplier":"1","number2":"2\/6","number2_multiplier":"1","number3":null,"number3_multiplier":"0","answer_option_1":"3\/6","answer_option_2":"3\/9","answer_option_3":"4\/6","answer_option_4":"4\/9","difficulty":"3"},{"id":"325254","answer":"10\/12","op":"+","number1":"2\/6","number1_multiplier":"1","number2":"6\/12","number2_multiplier":"1","number3":null,"number3_multiplier":"0","answer_option_1":"8\/18","answer_option_2":"8\/12","answer_option_3":"10\/18","answer_option_4":"10\/12","difficulty":"3"}]}}