{"status":"success","data":{"planet":{"id":"105","name":"Tap Tens","description":"How many ones are in a ten?","question_count":"10","badges":{"speed":"1","accuracy":"1","score_mul_base":"1","score_mul_accuracy":"1","score_mul_speed":"1"}},"status":{"star":5,"difficulty":5,"top_score":0},"planet_top_score":[],"questions":[{"id":"210266","question":"15 - 10","answer":"5","option_type":"ten","option_generate":"2","difficulty":"5"},{"id":"210259","question":"17 - 10","answer":"7","option_type":"ten","option_generate":"2","difficulty":"5"},{"id":"210291","question":"12 - 3","answer":"9","option_type":"ten","option_generate":"2","difficulty":"5"},{"id":"210254","question":"20 - 2","answer":"18","option_type":"ten","option_generate":"2","difficulty":"5"},{"id":"210285","question":"12 - 9","answer":"3","option_type":"ten","option_generate":"2","difficulty":"5"},{"id":"210286","question":"12 - 8","answer":"4","option_type":"ten","option_generate":"2","difficulty":"5"},{"id":"210251","question":"20 - 5","answer":"15","option_type":"ten","option_generate":"2","difficulty":"5"},{"id":"210253","question":"20 - 3","answer":"17","option_type":"ten","option_generate":"2","difficulty":"5"},{"id":"210275","question":"14 - 6","answer":"8","option_type":"ten","option_generate":"2","difficulty":"5"},{"id":"210270","question":"15 - 6","answer":"9","option_type":"ten","option_generate":"2","difficulty":"5"}]}}