{"status":"success","data":{"planet":{"id":"105","name":"Tap Tens","description":"How many ones are in a ten?","question_count":"10","badges":{"speed":"1","accuracy":"1","score_mul_base":"1","score_mul_accuracy":"1","score_mul_speed":"1"}},"status":{"star":5,"difficulty":5,"top_score":0},"planet_top_score":[],"questions":[{"id":"210299","question":"11 - 3","answer":"8","option_type":"ten","option_generate":"2","difficulty":"5"},{"id":"210280","question":"13 - 7","answer":"6","option_type":"ten","option_generate":"2","difficulty":"5"},{"id":"210278","question":"13 - 9","answer":"4","option_type":"ten","option_generate":"2","difficulty":"5"},{"id":"210300","question":"11 - 2","answer":"9","option_type":"ten","option_generate":"2","difficulty":"5"},{"id":"210272","question":"14 - 9","answer":"5","option_type":"ten","option_generate":"2","difficulty":"5"},{"id":"210269","question":"15 - 7","answer":"8","option_type":"ten","option_generate":"2","difficulty":"5"},{"id":"210275","question":"14 - 6","answer":"8","option_type":"ten","option_generate":"2","difficulty":"5"},{"id":"210252","question":"20 - 4","answer":"16","option_type":"ten","option_generate":"2","difficulty":"5"},{"id":"210307","question":"10 - 3","answer":"7","option_type":"ten","option_generate":"2","difficulty":"5"},{"id":"210258","question":"18 - 9","answer":"9","option_type":"ten","option_generate":"2","difficulty":"5"}]}}