{"status":"success","data":{"planet":{"id":"105","name":"Tap Tens","description":"How many ones are in a ten?","question_count":"10","badges":{"speed":"1","accuracy":"1","score_mul_base":"1","score_mul_accuracy":"1","score_mul_speed":"1"}},"status":{"star":5,"difficulty":5,"top_score":0},"planet_top_score":[],"questions":[{"id":"210296","question":"11 - 6","answer":"5","option_type":"ten","option_generate":"2","difficulty":"5"},{"id":"210247","question":"20 - 9","answer":"11","option_type":"ten","option_generate":"2","difficulty":"5"},{"id":"210279","question":"13 - 8","answer":"5","option_type":"ten","option_generate":"2","difficulty":"5"},{"id":"210263","question":"16 - 9","answer":"7","option_type":"ten","option_generate":"2","difficulty":"5"},{"id":"210260","question":"17 - 9","answer":"8","option_type":"ten","option_generate":"2","difficulty":"5"},{"id":"210274","question":"14 - 7","answer":"7","option_type":"ten","option_generate":"2","difficulty":"5"},{"id":"210297","question":"11 - 5","answer":"6","option_type":"ten","option_generate":"2","difficulty":"5"},{"id":"210277","question":"13 - 10","answer":"3","option_type":"ten","option_generate":"2","difficulty":"5"},{"id":"210285","question":"12 - 9","answer":"3","option_type":"ten","option_generate":"2","difficulty":"5"},{"id":"210253","question":"20 - 3","answer":"17","option_type":"ten","option_generate":"2","difficulty":"5"}]}}