{"status":"success","data":{"planet":{"id":"105","name":"Tap Tens","description":"How many ones are in a ten?","question_count":"10","badges":{"speed":"1","accuracy":"1","score_mul_base":"1","score_mul_accuracy":"1","score_mul_speed":"1"}},"status":{"star":5,"difficulty":5,"top_score":0},"planet_top_score":[],"questions":[{"id":"210281","question":"13 - 6","answer":"7","option_type":"ten","option_generate":"2","difficulty":"5"},{"id":"210256","question":"19 - 10","answer":"9","option_type":"ten","option_generate":"2","difficulty":"5"},{"id":"210309","question":"10 - 1","answer":"9","option_type":"ten","option_generate":"2","difficulty":"5"},{"id":"210302","question":"10 - 8","answer":"2","option_type":"ten","option_generate":"2","difficulty":"5"},{"id":"210287","question":"12 - 7","answer":"5","option_type":"ten","option_generate":"2","difficulty":"5"},{"id":"210248","question":"20 - 8","answer":"12","option_type":"ten","option_generate":"2","difficulty":"5"},{"id":"210283","question":"13 - 4","answer":"9","option_type":"ten","option_generate":"2","difficulty":"5"},{"id":"210290","question":"12 - 4","answer":"8","option_type":"ten","option_generate":"2","difficulty":"5"},{"id":"210299","question":"11 - 3","answer":"8","option_type":"ten","option_generate":"2","difficulty":"5"},{"id":"210263","question":"16 - 9","answer":"7","option_type":"ten","option_generate":"2","difficulty":"5"}]}}