{"status":"success","data":{"planet":{"id":"167","name":"Quick Collect X","description":"Quickly tell if it's true or false","question_count":"10","badges":{"speed":"1","accuracy":"1","score_mul_base":"1","score_mul_accuracy":"1","score_mul_speed":"1"}},"status":{"star":1,"difficulty":2,"top_score":0},"planet_top_score":[],"questions":[{"id":"2018","question":"10\u00d74=40","question_type":null,"question_object_1":null,"question_object_2":null,"answer":"TRUE","answer_option_1":"T","answer_option_2":"F","image_id":null,"difficulty":"2"},{"id":"2119","question":"1\u00d73=4","question_type":null,"question_object_1":null,"question_object_2":null,"answer":"FALSE","answer_option_1":"T","answer_option_2":"F","image_id":null,"difficulty":"2"},{"id":"2125","question":"1\u00d74=5","question_type":null,"question_object_1":null,"question_object_2":null,"answer":"FALSE","answer_option_1":"T","answer_option_2":"F","image_id":null,"difficulty":"2"},{"id":"2128","question":"4\u00d74=8","question_type":null,"question_object_1":null,"question_object_2":null,"answer":"FALSE","answer_option_1":"T","answer_option_2":"F","image_id":null,"difficulty":"2"},{"id":"2126","question":"2\u00d74=6","question_type":null,"question_object_1":null,"question_object_2":null,"answer":"FALSE","answer_option_1":"T","answer_option_2":"F","image_id":null,"difficulty":"2"},{"id":"2008","question":"2\u00d73=6","question_type":null,"question_object_1":null,"question_object_2":null,"answer":"TRUE","answer_option_1":"T","answer_option_2":"F","image_id":null,"difficulty":"2"},{"id":"2123","question":"5\u00d73=8","question_type":null,"question_object_1":null,"question_object_2":null,"answer":"FALSE","answer_option_1":"T","answer_option_2":"F","image_id":null,"difficulty":"2"},{"id":"2016","question":"4\u00d74=16","question_type":null,"question_object_1":null,"question_object_2":null,"answer":"TRUE","answer_option_1":"T","answer_option_2":"F","image_id":null,"difficulty":"2"},{"id":"2225","question":"8-4=5","question_type":null,"question_object_1":null,"question_object_2":null,"answer":"FALSE","answer_option_1":"T","answer_option_2":"F","image_id":null,"difficulty":"2"},{"id":"2127","question":"3\u00d74=7","question_type":null,"question_object_1":null,"question_object_2":null,"answer":"FALSE","answer_option_1":"T","answer_option_2":"F","image_id":null,"difficulty":"2"}]}}