{"status":"success","data":{"planet":{"id":"167","name":"Quick Collect X","description":"Quickly tell if it's true or false","question_count":"10","badges":{"speed":"1","accuracy":"1","score_mul_base":"1","score_mul_accuracy":"1","score_mul_speed":"1"}},"status":{"star":1,"difficulty":2,"top_score":0},"planet_top_score":[],"questions":[{"id":"2007","question":"1\u00d73=3","question_type":null,"question_object_1":null,"question_object_2":null,"answer":"TRUE","answer_option_1":"T","answer_option_2":"F","image_id":null,"difficulty":"2"},{"id":"2015","question":"3\u00d74=12","question_type":null,"question_object_1":null,"question_object_2":null,"answer":"TRUE","answer_option_1":"T","answer_option_2":"F","image_id":null,"difficulty":"2"},{"id":"2010","question":"4\u00d73=12","question_type":null,"question_object_1":null,"question_object_2":null,"answer":"TRUE","answer_option_1":"T","answer_option_2":"F","image_id":null,"difficulty":"2"},{"id":"2012","question":"10\u00d73=30","question_type":null,"question_object_1":null,"question_object_2":null,"answer":"TRUE","answer_option_1":"T","answer_option_2":"F","image_id":null,"difficulty":"2"},{"id":"2013","question":"1\u00d74=4","question_type":null,"question_object_1":null,"question_object_2":null,"answer":"TRUE","answer_option_1":"T","answer_option_2":"F","image_id":null,"difficulty":"2"},{"id":"2125","question":"1\u00d74=5","question_type":null,"question_object_1":null,"question_object_2":null,"answer":"FALSE","answer_option_1":"T","answer_option_2":"F","image_id":null,"difficulty":"2"},{"id":"2009","question":"3\u00d73=9","question_type":null,"question_object_1":null,"question_object_2":null,"answer":"TRUE","answer_option_1":"T","answer_option_2":"F","image_id":null,"difficulty":"2"},{"id":"2127","question":"3\u00d74=7","question_type":null,"question_object_1":null,"question_object_2":null,"answer":"FALSE","answer_option_1":"T","answer_option_2":"F","image_id":null,"difficulty":"2"},{"id":"2130","question":"10\u00d74=14","question_type":null,"question_object_1":null,"question_object_2":null,"answer":"FALSE","answer_option_1":"T","answer_option_2":"F","image_id":null,"difficulty":"2"},{"id":"2016","question":"4\u00d74=16","question_type":null,"question_object_1":null,"question_object_2":null,"answer":"TRUE","answer_option_1":"T","answer_option_2":"F","image_id":null,"difficulty":"2"}]}}