{"status":"success","data":{"planet":{"id":"192","name":"Tap Trouble","description":"Limited Breaks","question_count":"10","badges":{"speed":"1","accuracy":"1","score_mul_base":"1","score_mul_accuracy":"1","score_mul_speed":"1"}},"status":{"star":5,"difficulty":5,"top_score":0},"planet_top_score":[],"questions":[{"id":"253681","question":"1000 - 80","answer":"920","option_type":"thousand","option_generate":"1","difficulty":"5"},{"id":"253718","question":"1000 - 117","answer":"883","option_type":"thousand","option_generate":"1","difficulty":"5"},{"id":"253724","question":"1000 - 123","answer":"877","option_type":"thousand","option_generate":"1","difficulty":"5"},{"id":"253714","question":"1000 - 113","answer":"887","option_type":"thousand","option_generate":"1","difficulty":"5"},{"id":"253763","question":"1000 - 162","answer":"838","option_type":"thousand","option_generate":"1","difficulty":"5"},{"id":"253657","question":"1000 - 56","answer":"944","option_type":"thousand","option_generate":"1","difficulty":"5"},{"id":"253642","question":"1000 - 41","answer":"959","option_type":"thousand","option_generate":"1","difficulty":"5"},{"id":"253698","question":"1000 - 97","answer":"903","option_type":"thousand","option_generate":"1","difficulty":"5"},{"id":"253782","question":"1000 - 181","answer":"819","option_type":"thousand","option_generate":"1","difficulty":"5"},{"id":"253781","question":"1000 - 180","answer":"820","option_type":"thousand","option_generate":"1","difficulty":"5"}]}}