{"status":"success","data":{"planet":{"id":"192","name":"Tap Trouble","description":"Limited Breaks","question_count":"10","badges":{"speed":"1","accuracy":"1","score_mul_base":"1","score_mul_accuracy":"1","score_mul_speed":"1"}},"status":{"star":5,"difficulty":5,"top_score":0},"planet_top_score":[],"questions":[{"id":"253621","question":"1000 - 20","answer":"980","option_type":"thousand","option_generate":"1","difficulty":"5"},{"id":"253727","question":"1000 - 126","answer":"874","option_type":"thousand","option_generate":"1","difficulty":"5"},{"id":"253704","question":"1000 - 103","answer":"897","option_type":"thousand","option_generate":"1","difficulty":"5"},{"id":"253626","question":"1000 - 25","answer":"975","option_type":"thousand","option_generate":"1","difficulty":"5"},{"id":"253744","question":"1000 - 143","answer":"857","option_type":"thousand","option_generate":"1","difficulty":"5"},{"id":"253663","question":"1000 - 62","answer":"938","option_type":"thousand","option_generate":"1","difficulty":"5"},{"id":"253796","question":"1000 - 195","answer":"805","option_type":"thousand","option_generate":"1","difficulty":"5"},{"id":"253609","question":"1000 - 8","answer":"992","option_type":"thousand","option_generate":"1","difficulty":"5"},{"id":"253789","question":"1000 - 188","answer":"812","option_type":"thousand","option_generate":"1","difficulty":"5"},{"id":"253622","question":"1000 - 21","answer":"979","option_type":"thousand","option_generate":"1","difficulty":"5"}]}}