{"status":"success","data":{"planet":{"id":"192","name":"Tap Trouble","description":"Limited Breaks","question_count":"10","badges":{"speed":"1","accuracy":"1","score_mul_base":"1","score_mul_accuracy":"1","score_mul_speed":"1"}},"status":{"star":5,"difficulty":5,"top_score":0},"planet_top_score":[],"questions":[{"id":"253643","question":"1000 - 42","answer":"958","option_type":"thousand","option_generate":"1","difficulty":"5"},{"id":"253766","question":"1000 - 165","answer":"835","option_type":"thousand","option_generate":"1","difficulty":"5"},{"id":"253627","question":"1000 - 26","answer":"974","option_type":"thousand","option_generate":"1","difficulty":"5"},{"id":"253727","question":"1000 - 126","answer":"874","option_type":"thousand","option_generate":"1","difficulty":"5"},{"id":"253606","question":"1000 - 5","answer":"995","option_type":"thousand","option_generate":"1","difficulty":"5"},{"id":"253604","question":"1000 - 3","answer":"997","option_type":"thousand","option_generate":"1","difficulty":"5"},{"id":"253781","question":"1000 - 180","answer":"820","option_type":"thousand","option_generate":"1","difficulty":"5"},{"id":"253680","question":"1000 - 79","answer":"921","option_type":"thousand","option_generate":"1","difficulty":"5"},{"id":"253755","question":"1000 - 154","answer":"846","option_type":"thousand","option_generate":"1","difficulty":"5"},{"id":"253673","question":"1000 - 72","answer":"928","option_type":"thousand","option_generate":"1","difficulty":"5"}]}}