{"status":"success","data":{"planet":{"id":"192","name":"Tap Trouble","description":"Limited Breaks","question_count":"10","badges":{"speed":"1","accuracy":"1","score_mul_base":"1","score_mul_accuracy":"1","score_mul_speed":"1"}},"status":{"star":5,"difficulty":5,"top_score":0},"planet_top_score":[],"questions":[{"id":"253761","question":"1000 - 160","answer":"840","option_type":"thousand","option_generate":"1","difficulty":"5"},{"id":"253726","question":"1000 - 125","answer":"875","option_type":"thousand","option_generate":"1","difficulty":"5"},{"id":"253668","question":"1000 - 67","answer":"933","option_type":"thousand","option_generate":"1","difficulty":"5"},{"id":"253664","question":"1000 - 63","answer":"937","option_type":"thousand","option_generate":"1","difficulty":"5"},{"id":"253608","question":"1000 - 7","answer":"993","option_type":"thousand","option_generate":"1","difficulty":"5"},{"id":"253659","question":"1000 - 58","answer":"942","option_type":"thousand","option_generate":"1","difficulty":"5"},{"id":"253620","question":"1000 - 19","answer":"981","option_type":"thousand","option_generate":"1","difficulty":"5"},{"id":"253743","question":"1000 - 142","answer":"858","option_type":"thousand","option_generate":"1","difficulty":"5"},{"id":"253792","question":"1000 - 191","answer":"809","option_type":"thousand","option_generate":"1","difficulty":"5"},{"id":"253786","question":"1000 - 185","answer":"815","option_type":"thousand","option_generate":"1","difficulty":"5"}]}}