{"status":"success","data":{"planet":{"id":"192","name":"Tap Trouble","description":"Limited Breaks","question_count":"10","badges":{"speed":"1","accuracy":"1","score_mul_base":"1","score_mul_accuracy":"1","score_mul_speed":"1"}},"status":{"star":5,"difficulty":5,"top_score":0},"planet_top_score":[],"questions":[{"id":"253761","question":"1000 - 160","answer":"840","option_type":"thousand","option_generate":"1","difficulty":"5"},{"id":"253743","question":"1000 - 142","answer":"858","option_type":"thousand","option_generate":"1","difficulty":"5"},{"id":"253619","question":"1000 - 18","answer":"982","option_type":"thousand","option_generate":"1","difficulty":"5"},{"id":"253727","question":"1000 - 126","answer":"874","option_type":"thousand","option_generate":"1","difficulty":"5"},{"id":"253659","question":"1000 - 58","answer":"942","option_type":"thousand","option_generate":"1","difficulty":"5"},{"id":"253755","question":"1000 - 154","answer":"846","option_type":"thousand","option_generate":"1","difficulty":"5"},{"id":"253644","question":"1000 - 43","answer":"957","option_type":"thousand","option_generate":"1","difficulty":"5"},{"id":"253711","question":"1000 - 110","answer":"890","option_type":"thousand","option_generate":"1","difficulty":"5"},{"id":"253627","question":"1000 - 26","answer":"974","option_type":"thousand","option_generate":"1","difficulty":"5"},{"id":"253698","question":"1000 - 97","answer":"903","option_type":"thousand","option_generate":"1","difficulty":"5"}]}}