{"status":"success","data":{"planet":{"id":"150","name":"Speedy Sushi-San!","description":"Know the shape of your ingredients!","question_count":"10","badges":{"speed":"1","accuracy":"1","score_mul_base":"1","score_mul_accuracy":"1","score_mul_speed":"1"}},"status":{"star":0,"difficulty":1,"top_score":0},"planet_top_score":[],"questions":[{"id":"4","question":"2 Triangles and 2 Quadrilaterals","difficulty":"1","questions":{"angle3":"4","angle4":"4","angle5":"4","angle6":"0"},"answers":{"angle3":"2","angle4":"2","angle5":"0","angle6":"0"}},{"id":"22","question":"2 Triangles and 1 Quadrilateral","difficulty":"1","questions":{"angle3":"3","angle4":"3","angle5":"3","angle6":"3"},"answers":{"angle3":"2","angle4":"1","angle5":"0","angle6":"0"}},{"id":"2","question":"2 Triangles and 1 Quadrilateral","difficulty":"1","questions":{"angle3":"4","angle4":"4","angle5":"4","angle6":"0"},"answers":{"angle3":"2","angle4":"1","angle5":"0","angle6":"0"}},{"id":"1","question":"1 Triangle and 1 Quadrilateral","difficulty":"1","questions":{"angle3":"4","angle4":"4","angle5":"4","angle6":"0"},"answers":{"angle3":"1","angle4":"1","angle5":"0","angle6":"0"}},{"id":"14","question":"2 Triangles and 2 Quadrilaterals","difficulty":"1","questions":{"angle3":"4","angle4":"4","angle5":"0","angle6":"4"},"answers":{"angle3":"2","angle4":"2","angle5":"0","angle6":"0"}},{"id":"23","question":"3 Triangles and 1 Quadrilateral","difficulty":"1","questions":{"angle3":"3","angle4":"3","angle5":"3","angle6":"3"},"answers":{"angle3":"3","angle4":"1","angle5":"0","angle6":"0"}},{"id":"21","question":"1 Triangle and 1 Quadrilateral","difficulty":"1","questions":{"angle3":"3","angle4":"3","angle5":"3","angle6":"3"},"answers":{"angle3":"1","angle4":"1","angle5":"0","angle6":"0"}},{"id":"15","question":"4 Triangles and 1 Quadrilateral","difficulty":"1","questions":{"angle3":"4","angle4":"4","angle5":"0","angle6":"4"},"answers":{"angle3":"4","angle4":"1","angle5":"0","angle6":"0"}},{"id":"11","question":"1 Triangle and 1 Quadrilateral","difficulty":"1","questions":{"angle3":"4","angle4":"4","angle5":"0","angle6":"4"},"answers":{"angle3":"1","angle4":"1","angle5":"0","angle6":"0"}},{"id":"5","question":"4 Triangles and 1 Quadrilateral","difficulty":"1","questions":{"angle3":"4","angle4":"4","angle5":"4","angle6":"0"},"answers":{"angle3":"4","angle4":"1","angle5":"0","angle6":"0"}}]}}