{"status":"success","data":{"planet":{"id":"157","name":"Space Taxi","description":"What makes the number?","question_count":"10","badges":{"speed":"1","accuracy":"1","score_mul_base":"1","score_mul_accuracy":"1","score_mul_speed":"1"}},"status":{"star":1,"difficulty":2,"top_score":0},"planet_top_score":[],"questions":[{"id":"1056","question":"8","answer_option_1":"3","answer_option_2":"5","answer_option_3":"2","answer_option_4":"4","answer_option_5":"","answer_option_6":"","fixed_num":"0","difficulty":"2"},{"id":"1052","question":"7","answer_option_1":"2","answer_option_2":"5","answer_option_3":"1","answer_option_4":"3","answer_option_5":"","answer_option_6":"","fixed_num":"0","difficulty":"2"},{"id":"1046","question":"5","answer_option_1":"1","answer_option_2":"4","answer_option_3":"3","answer_option_4":"3","answer_option_5":"","answer_option_6":"","fixed_num":"0","difficulty":"2"},{"id":"1063","question":"10","answer_option_1":"2","answer_option_2":"8","answer_option_3":"1","answer_option_4":"3","answer_option_5":"","answer_option_6":"","fixed_num":"0","difficulty":"2"},{"id":"1061","question":"9","answer_option_1":"4","answer_option_2":"5","answer_option_3":"1","answer_option_4":"2","answer_option_5":"","answer_option_6":"","fixed_num":"0","difficulty":"2"},{"id":"1064","question":"10","answer_option_1":"3","answer_option_2":"7","answer_option_3":"1","answer_option_4":"2","answer_option_5":"","answer_option_6":"","fixed_num":"0","difficulty":"2"},{"id":"1058","question":"9","answer_option_1":"1","answer_option_2":"8","answer_option_3":"2","answer_option_4":"3","answer_option_5":"","answer_option_6":"","fixed_num":"0","difficulty":"2"},{"id":"1028","question":"5","answer_option_1":"1","answer_option_2":"1","answer_option_3":"3","answer_option_4":"3","answer_option_5":"","answer_option_6":"","fixed_num":"0","difficulty":"2"},{"id":"1053","question":"7","answer_option_1":"3","answer_option_2":"4","answer_option_3":"1","answer_option_4":"5","answer_option_5":"","answer_option_6":"","fixed_num":"0","difficulty":"2"},{"id":"1057","question":"8","answer_option_1":"4","answer_option_2":"4","answer_option_3":"2","answer_option_4":"3","answer_option_5":"","answer_option_6":"","fixed_num":"0","difficulty":"2"}]}}