{"status":"success","data":{"planet":{"id":"505","name":"Speed Taxi: K","description":"Identify numbers quickly!","question_count":"10","badges":{"speed":"1","accuracy":"1","score_mul_base":"1","score_mul_accuracy":"1","score_mul_speed":"1"}},"status":{"star":1,"difficulty":2,"top_score":0},"planet_top_score":[],"questions":[{"id":"333429","question":"8","answer_option_1":"8","answer_option_2":"6","answer_option_3":"9","answer_option_4":"","answer_option_5":"","answer_option_6":"","fixed_num":"0","difficulty":"2"},{"id":"333430","question":"8","answer_option_1":"8","answer_option_2":"7","answer_option_3":"9","answer_option_4":"","answer_option_5":"","answer_option_6":"","fixed_num":"0","difficulty":"2"},{"id":"333424","question":"6","answer_option_1":"6","answer_option_2":"10","answer_option_3":"1","answer_option_4":"","answer_option_5":"","answer_option_6":"","fixed_num":"0","difficulty":"2"},{"id":"333421","question":"6","answer_option_1":"6","answer_option_2":"7","answer_option_3":"5","answer_option_4":"","answer_option_5":"","answer_option_6":"","fixed_num":"0","difficulty":"2"},{"id":"333432","question":"8","answer_option_1":"8","answer_option_2":"10","answer_option_3":"1","answer_option_4":"","answer_option_5":"","answer_option_6":"","fixed_num":"0","difficulty":"2"},{"id":"333425","question":"7","answer_option_1":"7","answer_option_2":"6","answer_option_3":"7","answer_option_4":"","answer_option_5":"","answer_option_6":"","fixed_num":"0","difficulty":"2"},{"id":"333428","question":"7","answer_option_1":"7","answer_option_2":"10","answer_option_3":"2","answer_option_4":"","answer_option_5":"","answer_option_6":"","fixed_num":"0","difficulty":"2"},{"id":"333440","question":"10","answer_option_1":"10","answer_option_2":"9","answer_option_3":"6","answer_option_4":"","answer_option_5":"","answer_option_6":"","fixed_num":"0","difficulty":"2"},{"id":"333437","question":"10","answer_option_1":"10","answer_option_2":"6","answer_option_3":"10","answer_option_4":"","answer_option_5":"","answer_option_6":"","fixed_num":"0","difficulty":"2"},{"id":"333438","question":"10","answer_option_1":"10","answer_option_2":"7","answer_option_3":"7","answer_option_4":"","answer_option_5":"","answer_option_6":"","fixed_num":"0","difficulty":"2"}]}}