{"status":"success","data":{"planet":{"id":"134","name":"Gears! Fractions +","description":"Comparing fractions with addition","question_count":"10","badges":{"speed":"1","accuracy":"1","score_mul_base":"1","score_mul_accuracy":"1","score_mul_speed":"1"}},"status":{"star":3,"difficulty":4,"top_score":0},"planet_top_score":[],"questions":[{"id":"368492","difficulty":"4","questions":{"left_question_1":"1\/12","left_question_2":"+","left_question_3":"8\/24","right_question_1":"9\/12","right_question_2":"","right_question_3":""},"answers":{"answer":"<"}},{"id":"368451","difficulty":"4","questions":{"left_question_1":"1\/12","left_question_2":"+","left_question_3":"3\/24","right_question_1":"5\/12","right_question_2":"","right_question_3":""},"answers":{"answer":"<"}},{"id":"368449","difficulty":"4","questions":{"left_question_1":"1\/12","left_question_2":"+","left_question_3":"1\/24","right_question_1":"5\/12","right_question_2":"","right_question_3":""},"answers":{"answer":"<"}},{"id":"368522","difficulty":"4","questions":{"left_question_1":"5\/12","left_question_2":"+","left_question_3":"2\/24","right_question_1":"9\/12","right_question_2":"","right_question_3":""},"answers":{"answer":"<"}},{"id":"368453","difficulty":"4","questions":{"left_question_1":"1\/12","left_question_2":"+","left_question_3":"5\/24","right_question_1":"5\/12","right_question_2":"","right_question_3":""},"answers":{"answer":"<"}},{"id":"368432","difficulty":"4","questions":{"left_question_1":"1\/12","left_question_2":"+","left_question_3":"2\/24","right_question_1":"3\/12","right_question_2":"","right_question_3":""},"answers":{"answer":"<"}},{"id":"368542","difficulty":"4","questions":{"left_question_1":"7\/12","left_question_2":"+","left_question_3":"4\/24","right_question_1":"9\/12","right_question_2":"","right_question_3":""},"answers":{"answer":"="}},{"id":"368454","difficulty":"4","questions":{"left_question_1":"1\/12","left_question_2":"+","left_question_3":"6\/24","right_question_1":"5\/12","right_question_2":"","right_question_3":""},"answers":{"answer":"<"}},{"id":"368516","difficulty":"4","questions":{"left_question_1":"5\/12","left_question_2":"+","left_question_3":"5\/24","right_question_1":"8\/12","right_question_2":"","right_question_3":""},"answers":{"answer":"<"}},{"id":"368471","difficulty":"4","questions":{"left_question_1":"1\/12","left_question_2":"+","left_question_3":"5\/24","right_question_1":"7\/12","right_question_2":"","right_question_3":""},"answers":{"answer":"<"}}]}}