{"status":"success","data":{"planet":{"id":"134","name":"Gears! Fractions +","description":"Comparing fractions with addition","question_count":"10","badges":{"speed":"1","accuracy":"1","score_mul_base":"1","score_mul_accuracy":"1","score_mul_speed":"1"}},"status":{"star":3,"difficulty":4,"top_score":0},"planet_top_score":[],"questions":[{"id":"368463","difficulty":"4","questions":{"left_question_1":"1\/12","left_question_2":"+","left_question_3":"6\/24","right_question_1":"6\/12","right_question_2":"","right_question_3":""},"answers":{"answer":"<"}},{"id":"368450","difficulty":"4","questions":{"left_question_1":"1\/12","left_question_2":"+","left_question_3":"2\/24","right_question_1":"5\/12","right_question_2":"","right_question_3":""},"answers":{"answer":"<"}},{"id":"368493","difficulty":"4","questions":{"left_question_1":"1\/12","left_question_2":"+","left_question_3":"9\/24","right_question_1":"9\/12","right_question_2":"","right_question_3":""},"answers":{"answer":"<"}},{"id":"368427","difficulty":"4","questions":{"left_question_1":"1\/12","left_question_2":"+","left_question_3":"6\/24","right_question_1":"2\/12","right_question_2":"","right_question_3":""},"answers":{"answer":">"}},{"id":"368438","difficulty":"4","questions":{"left_question_1":"1\/12","left_question_2":"+","left_question_3":"8\/24","right_question_1":"3\/12","right_question_2":"","right_question_3":""},"answers":{"answer":">"}},{"id":"368494","difficulty":"4","questions":{"left_question_1":"5\/12","left_question_2":"+","left_question_3":"1\/24","right_question_1":"6\/12","right_question_2":"","right_question_3":""},"answers":{"answer":"<"}},{"id":"368501","difficulty":"4","questions":{"left_question_1":"5\/12","left_question_2":"+","left_question_3":"8\/24","right_question_1":"6\/12","right_question_2":"","right_question_3":""},"answers":{"answer":">"}},{"id":"368546","difficulty":"4","questions":{"left_question_1":"7\/12","left_question_2":"+","left_question_3":"8\/24","right_question_1":"9\/12","right_question_2":"","right_question_3":""},"answers":{"answer":">"}},{"id":"368486","difficulty":"4","questions":{"left_question_1":"1\/12","left_question_2":"+","left_question_3":"2\/24","right_question_1":"9\/12","right_question_2":"","right_question_3":""},"answers":{"answer":"<"}},{"id":"368446","difficulty":"4","questions":{"left_question_1":"1\/12","left_question_2":"+","left_question_3":"7\/24","right_question_1":"4\/12","right_question_2":"","right_question_3":""},"answers":{"answer":">"}}]}}