{"status":"success","data":{"planet":{"id":"130","name":"Super Fast Builder","description":"How fast can you make 9999?","question_count":"10","badges":{"speed":"1","accuracy":"1","score_mul_base":"1","score_mul_accuracy":"1","score_mul_speed":"1"}},"status":{"star":2,"difficulty":3,"top_score":0},"planet_top_score":[],"questions":[{"id":"365354","question":"3000","answer_option_1":"850","answer_option_2":"800","answer_option_3":"1350","answer_option_4":"1880","answer_option_5":"","answer_option_6":"","fixed_num":"0","difficulty":"3"},{"id":"365361","question":"3500","answer_option_1":"720","answer_option_2":"1320","answer_option_3":"1460","answer_option_4":"2710","answer_option_5":"","answer_option_6":"","fixed_num":"0","difficulty":"3"},{"id":"365399","question":"5000","answer_option_1":"2000","answer_option_2":"1380","answer_option_3":"1620","answer_option_4":"2330","answer_option_5":"","answer_option_6":"","fixed_num":"0","difficulty":"3"},{"id":"365374","question":"4000","answer_option_1":"1020","answer_option_2":"2010","answer_option_3":"970","answer_option_4":"2870","answer_option_5":"","answer_option_6":"","fixed_num":"0","difficulty":"3"},{"id":"365371","question":"4000","answer_option_1":"1220","answer_option_2":"1140","answer_option_3":"1640","answer_option_4":"1180","answer_option_5":"","answer_option_6":"","fixed_num":"0","difficulty":"3"},{"id":"365376","question":"4000","answer_option_1":"1400","answer_option_2":"1020","answer_option_3":"1580","answer_option_4":"1590","answer_option_5":"","answer_option_6":"","fixed_num":"0","difficulty":"3"},{"id":"365378","question":"4000","answer_option_1":"1200","answer_option_2":"1340","answer_option_3":"1460","answer_option_4":"1270","answer_option_5":"","answer_option_6":"","fixed_num":"0","difficulty":"3"},{"id":"365366","question":"3500","answer_option_1":"720","answer_option_2":"620","answer_option_3":"2160","answer_option_4":"1530","answer_option_5":"","answer_option_6":"","fixed_num":"0","difficulty":"3"},{"id":"365360","question":"3000","answer_option_1":"980","answer_option_2":"950","answer_option_3":"1070","answer_option_4":"1790","answer_option_5":"","answer_option_6":"","fixed_num":"0","difficulty":"3"},{"id":"365372","question":"4000","answer_option_1":"1530","answer_option_2":"1340","answer_option_3":"1130","answer_option_4":"1070","answer_option_5":"","answer_option_6":"","fixed_num":"0","difficulty":"3"}]}}