{"status":"success","data":{"planet":{"id":"130","name":"Super Fast Builder","description":"How fast can you make 9999?","question_count":"10","badges":{"speed":"1","accuracy":"1","score_mul_base":"1","score_mul_accuracy":"1","score_mul_speed":"1"}},"status":{"star":2,"difficulty":3,"top_score":0},"planet_top_score":[],"questions":[{"id":"365379","question":"4000","answer_option_1":"1250","answer_option_2":"1890","answer_option_3":"860","answer_option_4":"1800","answer_option_5":"","answer_option_6":"","fixed_num":"0","difficulty":"3"},{"id":"365363","question":"3500","answer_option_1":"910","answer_option_2":"1080","answer_option_3":"1510","answer_option_4":"1800","answer_option_5":"","answer_option_6":"","fixed_num":"0","difficulty":"3"},{"id":"365388","question":"4500","answer_option_1":"1230","answer_option_2":"2180","answer_option_3":"1090","answer_option_4":"2550","answer_option_5":"","answer_option_6":"","fixed_num":"0","difficulty":"3"},{"id":"365390","question":"4500","answer_option_1":"1230","answer_option_2":"1280","answer_option_3":"1990","answer_option_4":"2450","answer_option_5":"","answer_option_6":"","fixed_num":"0","difficulty":"3"},{"id":"365384","question":"4500","answer_option_1":"2110","answer_option_2":"1200","answer_option_3":"1190","answer_option_4":"1730","answer_option_5":"","answer_option_6":"","fixed_num":"0","difficulty":"3"},{"id":"365378","question":"4000","answer_option_1":"1200","answer_option_2":"1340","answer_option_3":"1460","answer_option_4":"1270","answer_option_5":"","answer_option_6":"","fixed_num":"0","difficulty":"3"},{"id":"365354","question":"3000","answer_option_1":"850","answer_option_2":"800","answer_option_3":"1350","answer_option_4":"1880","answer_option_5":"","answer_option_6":"","fixed_num":"0","difficulty":"3"},{"id":"365366","question":"3500","answer_option_1":"720","answer_option_2":"620","answer_option_3":"2160","answer_option_4":"1530","answer_option_5":"","answer_option_6":"","fixed_num":"0","difficulty":"3"},{"id":"365358","question":"3000","answer_option_1":"920","answer_option_2":"900","answer_option_3":"1180","answer_option_4":"2350","answer_option_5":"","answer_option_6":"","fixed_num":"0","difficulty":"3"},{"id":"365377","question":"4000","answer_option_1":"1200","answer_option_2":"1200","answer_option_3":"1600","answer_option_4":"1000","answer_option_5":"","answer_option_6":"","fixed_num":"0","difficulty":"3"}]}}