{"status":"success","data":{"planet":{"id":"130","name":"Super Fast Builder","description":"How fast can you make 9999?","question_count":"10","badges":{"speed":"1","accuracy":"1","score_mul_base":"1","score_mul_accuracy":"1","score_mul_speed":"1"}},"status":{"star":2,"difficulty":3,"top_score":0},"planet_top_score":[],"questions":[{"id":"365363","question":"3500","answer_option_1":"910","answer_option_2":"1080","answer_option_3":"1510","answer_option_4":"1800","answer_option_5":"","answer_option_6":"","fixed_num":"0","difficulty":"3"},{"id":"365364","question":"3500","answer_option_1":"910","answer_option_2":"1100","answer_option_3":"1490","answer_option_4":"2510","answer_option_5":"","answer_option_6":"","fixed_num":"0","difficulty":"3"},{"id":"365358","question":"3000","answer_option_1":"920","answer_option_2":"900","answer_option_3":"1180","answer_option_4":"2350","answer_option_5":"","answer_option_6":"","fixed_num":"0","difficulty":"3"},{"id":"365353","question":"3000","answer_option_1":"840","answer_option_2":"800","answer_option_3":"1360","answer_option_4":"2090","answer_option_5":"","answer_option_6":"","fixed_num":"0","difficulty":"3"},{"id":"365384","question":"4500","answer_option_1":"2110","answer_option_2":"1200","answer_option_3":"1190","answer_option_4":"1730","answer_option_5":"","answer_option_6":"","fixed_num":"0","difficulty":"3"},{"id":"365354","question":"3000","answer_option_1":"850","answer_option_2":"800","answer_option_3":"1350","answer_option_4":"1880","answer_option_5":"","answer_option_6":"","fixed_num":"0","difficulty":"3"},{"id":"365393","question":"5000","answer_option_1":"1850","answer_option_2":"1280","answer_option_3":"1870","answer_option_4":"2350","answer_option_5":"","answer_option_6":"","fixed_num":"0","difficulty":"3"},{"id":"365395","question":"5000","answer_option_1":"1900","answer_option_2":"1230","answer_option_3":"1870","answer_option_4":"1780","answer_option_5":"","answer_option_6":"","fixed_num":"0","difficulty":"3"},{"id":"365372","question":"4000","answer_option_1":"1530","answer_option_2":"1340","answer_option_3":"1130","answer_option_4":"1070","answer_option_5":"","answer_option_6":"","fixed_num":"0","difficulty":"3"},{"id":"365385","question":"4500","answer_option_1":"1230","answer_option_2":"1420","answer_option_3":"1850","answer_option_4":"1470","answer_option_5":"","answer_option_6":"","fixed_num":"0","difficulty":"3"}]}}