{"status":"success","data":{"planet":{"id":"130","name":"Super Fast Builder","description":"How fast can you make 9999?","question_count":"10","badges":{"speed":"1","accuracy":"1","score_mul_base":"1","score_mul_accuracy":"1","score_mul_speed":"1"}},"status":{"star":2,"difficulty":3,"top_score":0},"planet_top_score":[],"questions":[{"id":"365380","question":"4000","answer_option_1":"1480","answer_option_2":"820","answer_option_3":"1700","answer_option_4":"1430","answer_option_5":"","answer_option_6":"","fixed_num":"0","difficulty":"3"},{"id":"365389","question":"4500","answer_option_1":"1890","answer_option_2":"1240","answer_option_3":"1370","answer_option_4":"1130","answer_option_5":"","answer_option_6":"","fixed_num":"0","difficulty":"3"},{"id":"365363","question":"3500","answer_option_1":"910","answer_option_2":"1080","answer_option_3":"1510","answer_option_4":"1800","answer_option_5":"","answer_option_6":"","fixed_num":"0","difficulty":"3"},{"id":"365354","question":"3000","answer_option_1":"850","answer_option_2":"800","answer_option_3":"1350","answer_option_4":"1880","answer_option_5":"","answer_option_6":"","fixed_num":"0","difficulty":"3"},{"id":"365388","question":"4500","answer_option_1":"1230","answer_option_2":"2180","answer_option_3":"1090","answer_option_4":"2550","answer_option_5":"","answer_option_6":"","fixed_num":"0","difficulty":"3"},{"id":"365391","question":"5000","answer_option_1":"1800","answer_option_2":"1230","answer_option_3":"1970","answer_option_4":"2600","answer_option_5":"","answer_option_6":"","fixed_num":"0","difficulty":"3"},{"id":"365353","question":"3000","answer_option_1":"840","answer_option_2":"800","answer_option_3":"1360","answer_option_4":"2090","answer_option_5":"","answer_option_6":"","fixed_num":"0","difficulty":"3"},{"id":"365382","question":"4500","answer_option_1":"1230","answer_option_2":"1720","answer_option_3":"1550","answer_option_4":"1480","answer_option_5":"","answer_option_6":"","fixed_num":"0","difficulty":"3"},{"id":"365396","question":"5000","answer_option_1":"1900","answer_option_2":"1380","answer_option_3":"1720","answer_option_4":"1250","answer_option_5":"","answer_option_6":"","fixed_num":"0","difficulty":"3"},{"id":"365386","question":"4500","answer_option_1":"1820","answer_option_2":"1350","answer_option_3":"1330","answer_option_4":"1530","answer_option_5":"","answer_option_6":"","fixed_num":"0","difficulty":"3"}]}}