{"status":"success","data":{"planet":{"id":"130","name":"Super Fast Builder","description":"How fast can you make 9999?","question_count":"10","badges":{"speed":"1","accuracy":"1","score_mul_base":"1","score_mul_accuracy":"1","score_mul_speed":"1"}},"status":{"star":2,"difficulty":3,"top_score":0},"planet_top_score":[],"questions":[{"id":"365362","question":"3500","answer_option_1":"1080","answer_option_2":"1180","answer_option_3":"1240","answer_option_4":"2010","answer_option_5":"","answer_option_6":"","fixed_num":"0","difficulty":"3"},{"id":"365371","question":"4000","answer_option_1":"1220","answer_option_2":"1140","answer_option_3":"1640","answer_option_4":"1180","answer_option_5":"","answer_option_6":"","fixed_num":"0","difficulty":"3"},{"id":"365396","question":"5000","answer_option_1":"1900","answer_option_2":"1380","answer_option_3":"1720","answer_option_4":"1250","answer_option_5":"","answer_option_6":"","fixed_num":"0","difficulty":"3"},{"id":"365395","question":"5000","answer_option_1":"1900","answer_option_2":"1230","answer_option_3":"1870","answer_option_4":"1780","answer_option_5":"","answer_option_6":"","fixed_num":"0","difficulty":"3"},{"id":"365361","question":"3500","answer_option_1":"720","answer_option_2":"1320","answer_option_3":"1460","answer_option_4":"2710","answer_option_5":"","answer_option_6":"","fixed_num":"0","difficulty":"3"},{"id":"365354","question":"3000","answer_option_1":"850","answer_option_2":"800","answer_option_3":"1350","answer_option_4":"1880","answer_option_5":"","answer_option_6":"","fixed_num":"0","difficulty":"3"},{"id":"365391","question":"5000","answer_option_1":"1800","answer_option_2":"1230","answer_option_3":"1970","answer_option_4":"2600","answer_option_5":"","answer_option_6":"","fixed_num":"0","difficulty":"3"},{"id":"365392","question":"5000","answer_option_1":"1800","answer_option_2":"1130","answer_option_3":"2070","answer_option_4":"1320","answer_option_5":"","answer_option_6":"","fixed_num":"0","difficulty":"3"},{"id":"365369","question":"3500","answer_option_1":"1210","answer_option_2":"1630","answer_option_3":"660","answer_option_4":"2590","answer_option_5":"","answer_option_6":"","fixed_num":"0","difficulty":"3"},{"id":"365393","question":"5000","answer_option_1":"1850","answer_option_2":"1280","answer_option_3":"1870","answer_option_4":"2350","answer_option_5":"","answer_option_6":"","fixed_num":"0","difficulty":"3"}]}}