{"status":"success","data":{"planet":{"id":"130","name":"Super Fast Builder","description":"How fast can you make 9999?","question_count":"10","badges":{"speed":"1","accuracy":"1","score_mul_base":"1","score_mul_accuracy":"1","score_mul_speed":"1"}},"status":{"star":1,"difficulty":2,"top_score":0},"planet_top_score":[],"questions":[{"id":"365328","question":"4000","answer_option_1":"2140","answer_option_2":"1860","answer_option_3":"1950","answer_option_4":"","answer_option_5":"","answer_option_6":"","fixed_num":"0","difficulty":"2"},{"id":"365325","question":"4000","answer_option_1":"2630","answer_option_2":"1370","answer_option_3":"2170","answer_option_4":"","answer_option_5":"","answer_option_6":"","fixed_num":"0","difficulty":"2"},{"id":"365321","question":"4000","answer_option_1":"2100","answer_option_2":"1900","answer_option_3":"2210","answer_option_4":"","answer_option_5":"","answer_option_6":"","fixed_num":"0","difficulty":"2"},{"id":"365309","question":"3000","answer_option_1":"1480","answer_option_2":"1520","answer_option_3":"2480","answer_option_4":"","answer_option_5":"","answer_option_6":"","fixed_num":"0","difficulty":"2"},{"id":"365307","question":"3000","answer_option_1":"1240","answer_option_2":"1760","answer_option_3":"2620","answer_option_4":"","answer_option_5":"","answer_option_6":"","fixed_num":"0","difficulty":"2"},{"id":"365327","question":"4000","answer_option_1":"1670","answer_option_2":"2330","answer_option_3":"2540","answer_option_4":"","answer_option_5":"","answer_option_6":"","fixed_num":"0","difficulty":"2"},{"id":"365342","question":"5000","answer_option_1":"1240","answer_option_2":"3760","answer_option_3":"1780","answer_option_4":"","answer_option_5":"","answer_option_6":"","fixed_num":"0","difficulty":"2"},{"id":"365315","question":"3500","answer_option_1":"1790","answer_option_2":"1710","answer_option_3":"1050","answer_option_4":"","answer_option_5":"","answer_option_6":"","fixed_num":"0","difficulty":"2"},{"id":"365346","question":"5000","answer_option_1":"2010","answer_option_2":"2990","answer_option_3":"1280","answer_option_4":"","answer_option_5":"","answer_option_6":"","fixed_num":"0","difficulty":"2"},{"id":"365350","question":"5000","answer_option_1":"2490","answer_option_2":"2510","answer_option_3":"1380","answer_option_4":"","answer_option_5":"","answer_option_6":"","fixed_num":"0","difficulty":"2"}]}}