{"status":"success","data":{"planet":{"id":"130","name":"Super Fast Builder","description":"How fast can you make 9999?","question_count":"10","badges":{"speed":"1","accuracy":"1","score_mul_base":"1","score_mul_accuracy":"1","score_mul_speed":"1"}},"status":{"star":1,"difficulty":2,"top_score":0},"planet_top_score":[],"questions":[{"id":"365335","question":"4500","answer_option_1":"2180","answer_option_2":"2320","answer_option_3":"1840","answer_option_4":"","answer_option_5":"","answer_option_6":"","fixed_num":"0","difficulty":"2"},{"id":"365314","question":"3500","answer_option_1":"1300","answer_option_2":"2200","answer_option_3":"2170","answer_option_4":"","answer_option_5":"","answer_option_6":"","fixed_num":"0","difficulty":"2"},{"id":"365325","question":"4000","answer_option_1":"2630","answer_option_2":"1370","answer_option_3":"2170","answer_option_4":"","answer_option_5":"","answer_option_6":"","fixed_num":"0","difficulty":"2"},{"id":"365331","question":"4500","answer_option_1":"2380","answer_option_2":"2120","answer_option_3":"2330","answer_option_4":"","answer_option_5":"","answer_option_6":"","fixed_num":"0","difficulty":"2"},{"id":"365328","question":"4000","answer_option_1":"2140","answer_option_2":"1860","answer_option_3":"1950","answer_option_4":"","answer_option_5":"","answer_option_6":"","fixed_num":"0","difficulty":"2"},{"id":"365340","question":"4500","answer_option_1":"1350","answer_option_2":"3150","answer_option_3":"2590","answer_option_4":"","answer_option_5":"","answer_option_6":"","fixed_num":"0","difficulty":"2"},{"id":"365308","question":"3000","answer_option_1":"1420","answer_option_2":"1580","answer_option_3":"2500","answer_option_4":"","answer_option_5":"","answer_option_6":"","fixed_num":"0","difficulty":"2"},{"id":"365350","question":"5000","answer_option_1":"2490","answer_option_2":"2510","answer_option_3":"1380","answer_option_4":"","answer_option_5":"","answer_option_6":"","fixed_num":"0","difficulty":"2"},{"id":"365307","question":"3000","answer_option_1":"1240","answer_option_2":"1760","answer_option_3":"2620","answer_option_4":"","answer_option_5":"","answer_option_6":"","fixed_num":"0","difficulty":"2"},{"id":"365338","question":"4500","answer_option_1":"2100","answer_option_2":"2400","answer_option_3":"2640","answer_option_4":"","answer_option_5":"","answer_option_6":"","fixed_num":"0","difficulty":"2"}]}}