{"status":"success","data":{"planet":{"id":"130","name":"Super Fast Builder","description":"How fast can you make 9999?","question_count":"10","badges":{"speed":"1","accuracy":"1","score_mul_base":"1","score_mul_accuracy":"1","score_mul_speed":"1"}},"status":{"star":1,"difficulty":2,"top_score":0},"planet_top_score":[],"questions":[{"id":"365308","question":"3000","answer_option_1":"1420","answer_option_2":"1580","answer_option_3":"2500","answer_option_4":"","answer_option_5":"","answer_option_6":"","fixed_num":"0","difficulty":"2"},{"id":"365338","question":"4500","answer_option_1":"2100","answer_option_2":"2400","answer_option_3":"2640","answer_option_4":"","answer_option_5":"","answer_option_6":"","fixed_num":"0","difficulty":"2"},{"id":"365321","question":"4000","answer_option_1":"2100","answer_option_2":"1900","answer_option_3":"2210","answer_option_4":"","answer_option_5":"","answer_option_6":"","fixed_num":"0","difficulty":"2"},{"id":"365309","question":"3000","answer_option_1":"1480","answer_option_2":"1520","answer_option_3":"2480","answer_option_4":"","answer_option_5":"","answer_option_6":"","fixed_num":"0","difficulty":"2"},{"id":"365303","question":"3000","answer_option_1":"1380","answer_option_2":"1620","answer_option_3":"2720","answer_option_4":"","answer_option_5":"","answer_option_6":"","fixed_num":"0","difficulty":"2"},{"id":"365319","question":"3500","answer_option_1":"1380","answer_option_2":"2120","answer_option_3":"2700","answer_option_4":"","answer_option_5":"","answer_option_6":"","fixed_num":"0","difficulty":"2"},{"id":"365331","question":"4500","answer_option_1":"2380","answer_option_2":"2120","answer_option_3":"2330","answer_option_4":"","answer_option_5":"","answer_option_6":"","fixed_num":"0","difficulty":"2"},{"id":"365320","question":"3500","answer_option_1":"1450","answer_option_2":"2050","answer_option_3":"1580","answer_option_4":"","answer_option_5":"","answer_option_6":"","fixed_num":"0","difficulty":"2"},{"id":"365349","question":"5000","answer_option_1":"2250","answer_option_2":"2750","answer_option_3":"2470","answer_option_4":"","answer_option_5":"","answer_option_6":"","fixed_num":"0","difficulty":"2"},{"id":"365332","question":"4500","answer_option_1":"2380","answer_option_2":"2120","answer_option_3":"2370","answer_option_4":"","answer_option_5":"","answer_option_6":"","fixed_num":"0","difficulty":"2"}]}}