{"status":"success","data":{"planet":{"id":"130","name":"Super Fast Builder","description":"How fast can you make 9999?","question_count":"10","badges":{"speed":"1","accuracy":"1","score_mul_base":"1","score_mul_accuracy":"1","score_mul_speed":"1"}},"status":{"star":1,"difficulty":2,"top_score":0},"planet_top_score":[],"questions":[{"id":"365321","question":"4000","answer_option_1":"2100","answer_option_2":"1900","answer_option_3":"2210","answer_option_4":"","answer_option_5":"","answer_option_6":"","fixed_num":"0","difficulty":"2"},{"id":"365329","question":"4000","answer_option_1":"2380","answer_option_2":"1620","answer_option_3":"1530","answer_option_4":"","answer_option_5":"","answer_option_6":"","fixed_num":"0","difficulty":"2"},{"id":"365323","question":"4000","answer_option_1":"2300","answer_option_2":"1700","answer_option_3":"1220","answer_option_4":"","answer_option_5":"","answer_option_6":"","fixed_num":"0","difficulty":"2"},{"id":"365322","question":"4000","answer_option_1":"2400","answer_option_2":"1600","answer_option_3":"2550","answer_option_4":"","answer_option_5":"","answer_option_6":"","fixed_num":"0","difficulty":"2"},{"id":"365306","question":"3000","answer_option_1":"1250","answer_option_2":"1750","answer_option_3":"2560","answer_option_4":"","answer_option_5":"","answer_option_6":"","fixed_num":"0","difficulty":"2"},{"id":"365339","question":"4500","answer_option_1":"2180","answer_option_2":"2320","answer_option_3":"1710","answer_option_4":"","answer_option_5":"","answer_option_6":"","fixed_num":"0","difficulty":"2"},{"id":"365302","question":"3000","answer_option_1":"1280","answer_option_2":"1720","answer_option_3":"2830","answer_option_4":"","answer_option_5":"","answer_option_6":"","fixed_num":"0","difficulty":"2"},{"id":"365311","question":"3500","answer_option_1":"1300","answer_option_2":"2200","answer_option_3":"1940","answer_option_4":"","answer_option_5":"","answer_option_6":"","fixed_num":"0","difficulty":"2"},{"id":"365320","question":"3500","answer_option_1":"1450","answer_option_2":"2050","answer_option_3":"1580","answer_option_4":"","answer_option_5":"","answer_option_6":"","fixed_num":"0","difficulty":"2"},{"id":"365345","question":"5000","answer_option_1":"3200","answer_option_2":"1800","answer_option_3":"1380","answer_option_4":"","answer_option_5":"","answer_option_6":"","fixed_num":"0","difficulty":"2"}]}}