{"status":"success","data":{"planet":{"id":"185","name":"Angle Align","description":"How do you measure angles?","question_count":"10","badges":{"speed":"1","accuracy":"1","score_mul_base":"1","score_mul_accuracy":"1","score_mul_speed":"1"}},"status":{"star":2,"difficulty":3,"top_score":0},"planet_top_score":[],"questions":[{"id":"213080","question":"120\u00b0 from A","answer":"12","plane":"2","difficulty":"3"},{"id":"213043","question":"90\u00b0 from A","answer":"9","plane":"1","difficulty":"3"},{"id":"213064","question":"130\u00b0 from B","answer":"5","plane":"1","difficulty":"3"},{"id":"213133","question":"140\u00b0 from B","answer":"4","plane":"0","difficulty":"3"},{"id":"213075","question":"70\u00b0 from A","answer":"7","plane":"2","difficulty":"3"},{"id":"213126","question":"70\u00b0 from B","answer":"11","plane":"0","difficulty":"3"},{"id":"213105","question":"30\u00b0 from A","answer":"3","plane":"0","difficulty":"3"},{"id":"213121","question":"20\u00b0 from B","answer":"16","plane":"0","difficulty":"3"},{"id":"213041","question":"70\u00b0 from A","answer":"7","plane":"1","difficulty":"3"},{"id":"213104","question":"20\u00b0 from A","answer":"2","plane":"0","difficulty":"3"}]}}