{"status":"success","data":{"planet":{"id":"185","name":"Angle Align","description":"How do you measure angles?","question_count":"10","badges":{"speed":"1","accuracy":"1","score_mul_base":"1","score_mul_accuracy":"1","score_mul_speed":"1"}},"status":{"star":2,"difficulty":3,"top_score":0},"planet_top_score":[],"questions":[{"id":"213119","question":"170\u00b0 from A","answer":"17","plane":"0","difficulty":"3"},{"id":"213051","question":"170\u00b0 from A","answer":"17","plane":"1","difficulty":"3"},{"id":"213065","question":"140\u00b0 from B","answer":"4","plane":"1","difficulty":"3"},{"id":"213105","question":"30\u00b0 from A","answer":"3","plane":"0","difficulty":"3"},{"id":"213050","question":"160\u00b0 from A","answer":"16","plane":"1","difficulty":"3"},{"id":"213128","question":"90\u00b0 from B","answer":"9","plane":"0","difficulty":"3"},{"id":"213127","question":"80\u00b0 from B","answer":"10","plane":"0","difficulty":"3"},{"id":"213046","question":"120\u00b0 from A","answer":"12","plane":"1","difficulty":"3"},{"id":"213103","question":"10\u00b0 from A","answer":"1","plane":"0","difficulty":"3"},{"id":"213043","question":"90\u00b0 from A","answer":"9","plane":"1","difficulty":"3"}]}}