{"status":"success","data":{"planet":{"id":"185","name":"Angle Align","description":"How do you measure angles?","question_count":"10","badges":{"speed":"1","accuracy":"1","score_mul_base":"1","score_mul_accuracy":"1","score_mul_speed":"1"}},"status":{"star":2,"difficulty":3,"top_score":0},"planet_top_score":[],"questions":[{"id":"213052","question":"10\u00b0 from B","answer":"17","plane":"1","difficulty":"3"},{"id":"213053","question":"20\u00b0 from B","answer":"16","plane":"1","difficulty":"3"},{"id":"213089","question":"40\u00b0 from B","answer":"14","plane":"2","difficulty":"3"},{"id":"213073","question":"50\u00b0 from A","answer":"5","plane":"2","difficulty":"3"},{"id":"213130","question":"110\u00b0 from B","answer":"7","plane":"0","difficulty":"3"},{"id":"213050","question":"160\u00b0 from A","answer":"16","plane":"1","difficulty":"3"},{"id":"213124","question":"50\u00b0 from B","answer":"13","plane":"0","difficulty":"3"},{"id":"213068","question":"170\u00b0 from B","answer":"1","plane":"1","difficulty":"3"},{"id":"213035","question":"10\u00b0 from A","answer":"1","plane":"1","difficulty":"3"},{"id":"213129","question":"100\u00b0 from B","answer":"8","plane":"0","difficulty":"3"}]}}