{"status":"success","data":{"planet":{"id":"185","name":"Angle Align","description":"How do you measure angles?","question_count":"10","badges":{"speed":"1","accuracy":"1","score_mul_base":"1","score_mul_accuracy":"1","score_mul_speed":"1"}},"status":{"star":2,"difficulty":3,"top_score":0},"planet_top_score":[],"questions":[{"id":"213072","question":"40\u00b0 from A","answer":"4","plane":"2","difficulty":"3"},{"id":"213066","question":"150\u00b0 from B","answer":"3","plane":"1","difficulty":"3"},{"id":"213096","question":"110\u00b0 from B","answer":"7","plane":"2","difficulty":"3"},{"id":"213062","question":"110\u00b0 from B","answer":"7","plane":"1","difficulty":"3"},{"id":"213091","question":"60\u00b0 from B","answer":"12","plane":"2","difficulty":"3"},{"id":"213048","question":"140\u00b0 from A","answer":"14","plane":"1","difficulty":"3"},{"id":"213070","question":"20\u00b0 from A","answer":"2","plane":"2","difficulty":"3"},{"id":"213047","question":"130\u00b0 from A","answer":"13","plane":"1","difficulty":"3"},{"id":"213113","question":"110\u00b0 from A","answer":"11","plane":"0","difficulty":"3"},{"id":"213037","question":"30\u00b0 from A","answer":"3","plane":"1","difficulty":"3"}]}}