{"status":"success","data":{"planet":{"id":"185","name":"Angle Align","description":"How do you measure angles?","question_count":"10","badges":{"speed":"1","accuracy":"1","score_mul_base":"1","score_mul_accuracy":"1","score_mul_speed":"1"}},"status":{"star":2,"difficulty":3,"top_score":0},"planet_top_score":[],"questions":[{"id":"213117","question":"150\u00b0 from A","answer":"15","plane":"0","difficulty":"3"},{"id":"213056","question":"50\u00b0 from B","answer":"13","plane":"1","difficulty":"3"},{"id":"213122","question":"30\u00b0 from B","answer":"15","plane":"0","difficulty":"3"},{"id":"213130","question":"110\u00b0 from B","answer":"7","plane":"0","difficulty":"3"},{"id":"213133","question":"140\u00b0 from B","answer":"4","plane":"0","difficulty":"3"},{"id":"213086","question":"10\u00b0 from B","answer":"17","plane":"2","difficulty":"3"},{"id":"213078","question":"100\u00b0 from A","answer":"10","plane":"2","difficulty":"3"},{"id":"213121","question":"20\u00b0 from B","answer":"16","plane":"0","difficulty":"3"},{"id":"213131","question":"120\u00b0 from B","answer":"6","plane":"0","difficulty":"3"},{"id":"213081","question":"130\u00b0 from A","answer":"13","plane":"2","difficulty":"3"}]}}