{"status":"success","data":{"planet":{"id":"171","name":"Power Balance","description":"Addition & subtraction of fractions","question_count":"10","badges":{"speed":"1","accuracy":"1","score_mul_base":"1","score_mul_accuracy":"1","score_mul_speed":"1"}},"status":{"star":5,"difficulty":5,"top_score":0},"planet_top_score":[],"questions":[{"id":"335006","answer":"4\/8","op":"+","number1":"","number1_multiplier":"0","number2":"1\/9","number2_multiplier":"1","number3":"11\/18","number3_multiplier":"1","answer_option_1":"4\/8","answer_option_2":"","answer_option_3":"","answer_option_4":"","difficulty":"5"},{"id":"334945","answer":"4\/7","op":"+","number1":"","number1_multiplier":"0","number2":"1\/9","number2_multiplier":"1","number3":"43\/63","number3_multiplier":"1","answer_option_1":"4\/7","answer_option_2":"","answer_option_3":"","answer_option_4":"","difficulty":"5"},{"id":"334920","answer":"2\/7","op":"+","number1":"","number1_multiplier":"0","number2":"4\/8","number2_multiplier":"1","number3":"11\/14","number3_multiplier":"1","answer_option_1":"2\/7","answer_option_2":"","answer_option_3":"","answer_option_4":"","difficulty":"5"},{"id":"335829","answer":"5\/9","op":"-","number1":"","number1_multiplier":"0","number2":"2\/5","number2_multiplier":"1","number3":"7\/45","number3_multiplier":"1","answer_option_1":"5\/9","answer_option_2":"","answer_option_3":"","answer_option_4":"","difficulty":"5"},{"id":"335518","answer":"2\/3","op":"-","number1":"","number1_multiplier":"0","number2":"5\/8","number2_multiplier":"1","number3":"1\/24","number3_multiplier":"1","answer_option_1":"2\/3","answer_option_2":"","answer_option_3":"","answer_option_4":"","difficulty":"5"},{"id":"335172","answer":"3\/7","op":"-","number1":"3\/5","number1_multiplier":"1","number2":"","number2_multiplier":"0","number3":"6\/35","number3_multiplier":"1","answer_option_1":"3\/7","answer_option_2":"","answer_option_3":"","answer_option_4":"","difficulty":"5"},{"id":"334947","answer":"4\/7","op":"+","number1":"","number1_multiplier":"0","number2":"3\/9","number2_multiplier":"1","number3":"19\/21","number3_multiplier":"1","answer_option_1":"4\/7","answer_option_2":"","answer_option_3":"","answer_option_4":"","difficulty":"5"},{"id":"334758","answer":"1\/7","op":"+","number1":"5\/8","number1_multiplier":"1","number2":"","number2_multiplier":"0","number3":"43\/56","number3_multiplier":"1","answer_option_1":"1\/7","answer_option_2":"","answer_option_3":"","answer_option_4":"","difficulty":"5"},{"id":"335135","answer":"1\/5","op":"-","number1":"3\/4","number1_multiplier":"1","number2":"","number2_multiplier":"0","number3":"11\/20","number3_multiplier":"1","answer_option_1":"1\/5","answer_option_2":"","answer_option_3":"","answer_option_4":"","difficulty":"5"},{"id":"335214","answer":"1\/7","op":"-","number1":"3\/6","number1_multiplier":"1","number2":"","number2_multiplier":"0","number3":"5\/14","number3_multiplier":"1","answer_option_1":"1\/7","answer_option_2":"","answer_option_3":"","answer_option_4":"","difficulty":"5"}]}}