{"status":"success","data":{"planet":{"id":"171","name":"Power Balance","description":"Addition & subtraction of fractions","question_count":"10","badges":{"speed":"1","accuracy":"1","score_mul_base":"1","score_mul_accuracy":"1","score_mul_speed":"1"}},"status":{"star":5,"difficulty":5,"top_score":0},"planet_top_score":[],"questions":[{"id":"334945","answer":"4\/7","op":"+","number1":"","number1_multiplier":"0","number2":"1\/9","number2_multiplier":"1","number3":"43\/63","number3_multiplier":"1","answer_option_1":"4\/7","answer_option_2":"","answer_option_3":"","answer_option_4":"","difficulty":"5"},{"id":"335717","answer":"6\/7","op":"-","number1":"","number1_multiplier":"0","number2":"3\/8","number2_multiplier":"1","number3":"27\/56","number3_multiplier":"1","answer_option_1":"6\/7","answer_option_2":"","answer_option_3":"","answer_option_4":"","difficulty":"5"},{"id":"335006","answer":"4\/8","op":"+","number1":"","number1_multiplier":"0","number2":"1\/9","number2_multiplier":"1","number3":"11\/18","number3_multiplier":"1","answer_option_1":"4\/8","answer_option_2":"","answer_option_3":"","answer_option_4":"","difficulty":"5"},{"id":"335191","answer":"5\/7","op":"-","number1":"4\/5","number1_multiplier":"1","number2":"","number2_multiplier":"0","number3":"3\/35","number3_multiplier":"1","answer_option_1":"5\/7","answer_option_2":"","answer_option_3":"","answer_option_4":"","difficulty":"5"},{"id":"334936","answer":"3\/7","op":"+","number1":"","number1_multiplier":"0","number2":"2\/9","number2_multiplier":"1","number3":"41\/63","number3_multiplier":"1","answer_option_1":"3\/7","answer_option_2":"","answer_option_3":"","answer_option_4":"","difficulty":"5"},{"id":"335419","answer":"2\/5","op":"-","number1":"4\/9","number1_multiplier":"1","number2":"","number2_multiplier":"0","number3":"2\/45","number3_multiplier":"1","answer_option_1":"2\/5","answer_option_2":"","answer_option_3":"","answer_option_4":"","difficulty":"5"},{"id":"334824","answer":"1\/6","op":"+","number1":"5\/9","number1_multiplier":"1","number2":"","number2_multiplier":"0","number3":"13\/18","number3_multiplier":"1","answer_option_1":"1\/6","answer_option_2":"","answer_option_3":"","answer_option_4":"","difficulty":"5"},{"id":"335801","answer":"7\/8","op":"-","number1":"","number1_multiplier":"0","number2":"1\/9","number2_multiplier":"1","number3":"55\/72","number3_multiplier":"1","answer_option_1":"7\/8","answer_option_2":"","answer_option_3":"","answer_option_4":"","difficulty":"5"},{"id":"335329","answer":"1\/5","op":"-","number1":"2\/8","number1_multiplier":"1","number2":"","number2_multiplier":"0","number3":"1\/20","number3_multiplier":"1","answer_option_1":"1\/5","answer_option_2":"","answer_option_3":"","answer_option_4":"","difficulty":"5"},{"id":"334681","answer":"1\/9","op":"+","number1":"3\/7","number1_multiplier":"1","number2":"","number2_multiplier":"0","number3":"34\/63","number3_multiplier":"1","answer_option_1":"1\/9","answer_option_2":"","answer_option_3":"","answer_option_4":"","difficulty":"5"}]}}