{"status":"success","data":{"planet":{"id":"171","name":"Power Balance","description":"Addition & subtraction of fractions","question_count":"10","badges":{"speed":"1","accuracy":"1","score_mul_base":"1","score_mul_accuracy":"1","score_mul_speed":"1"}},"status":{"star":5,"difficulty":5,"top_score":0},"planet_top_score":[],"questions":[{"id":"335695","answer":"5\/7","op":"-","number1":"","number1_multiplier":"0","number2":"1\/8","number2_multiplier":"1","number3":"33\/56","number3_multiplier":"1","answer_option_1":"5\/7","answer_option_2":"","answer_option_3":"","answer_option_4":"","difficulty":"5"},{"id":"335717","answer":"6\/7","op":"-","number1":"","number1_multiplier":"0","number2":"3\/8","number2_multiplier":"1","number3":"27\/56","number3_multiplier":"1","answer_option_1":"6\/7","answer_option_2":"","answer_option_3":"","answer_option_4":"","difficulty":"5"},{"id":"335854","answer":"6\/9","op":"-","number1":"","number1_multiplier":"0","number2":"5\/8","number2_multiplier":"1","number3":"1\/24","number3_multiplier":"1","answer_option_1":"6\/9","answer_option_2":"","answer_option_3":"","answer_option_4":"","difficulty":"5"},{"id":"334681","answer":"1\/9","op":"+","number1":"3\/7","number1_multiplier":"1","number2":"","number2_multiplier":"0","number3":"34\/63","number3_multiplier":"1","answer_option_1":"1\/9","answer_option_2":"","answer_option_3":"","answer_option_4":"","difficulty":"5"},{"id":"334914","answer":"2\/7","op":"+","number1":"","number1_multiplier":"0","number2":"2\/6","number2_multiplier":"1","number3":"13\/21","number3_multiplier":"1","answer_option_1":"2\/7","answer_option_2":"","answer_option_3":"","answer_option_4":"","difficulty":"5"},{"id":"334614","answer":"1\/9","op":"+","number1":"2\/6","number1_multiplier":"1","number2":"","number2_multiplier":"0","number3":"4\/9","number3_multiplier":"1","answer_option_1":"1\/9","answer_option_2":"","answer_option_3":"","answer_option_4":"","difficulty":"5"},{"id":"335307","answer":"2\/5","op":"-","number1":"6\/7","number1_multiplier":"1","number2":"","number2_multiplier":"0","number3":"16\/35","number3_multiplier":"1","answer_option_1":"2\/5","answer_option_2":"","answer_option_3":"","answer_option_4":"","difficulty":"5"},{"id":"335630","answer":"4\/6","op":"-","number1":"","number1_multiplier":"0","number2":"3\/8","number2_multiplier":"1","number3":"7\/24","number3_multiplier":"1","answer_option_1":"4\/6","answer_option_2":"","answer_option_3":"","answer_option_4":"","difficulty":"5"},{"id":"334605","answer":"1\/7","op":"+","number1":"2\/6","number1_multiplier":"1","number2":"","number2_multiplier":"0","number3":"10\/21","number3_multiplier":"1","answer_option_1":"1\/7","answer_option_2":"","answer_option_3":"","answer_option_4":"","difficulty":"5"},{"id":"335173","answer":"4\/7","op":"-","number1":"3\/5","number1_multiplier":"1","number2":"","number2_multiplier":"0","number3":"1\/35","number3_multiplier":"1","answer_option_1":"4\/7","answer_option_2":"","answer_option_3":"","answer_option_4":"","difficulty":"5"}]}}