{"status":"success","data":{"planet":{"id":"171","name":"Power Balance","description":"Addition & subtraction of fractions","question_count":"10","badges":{"speed":"1","accuracy":"1","score_mul_base":"1","score_mul_accuracy":"1","score_mul_speed":"1"}},"status":{"star":5,"difficulty":5,"top_score":0},"planet_top_score":[],"questions":[{"id":"335385","answer":"6\/9","op":"-","number1":"6\/8","number1_multiplier":"1","number2":"","number2_multiplier":"0","number3":"1\/12","number3_multiplier":"1","answer_option_1":"6\/9","answer_option_2":"","answer_option_3":"","answer_option_4":"","difficulty":"5"},{"id":"335075","answer":"4\/9","op":"+","number1":"","number1_multiplier":"0","number2":"2\/8","number2_multiplier":"1","number3":"25\/36","number3_multiplier":"1","answer_option_1":"4\/9","answer_option_2":"","answer_option_3":"","answer_option_4":"","difficulty":"5"},{"id":"335184","answer":"2\/6","op":"-","number1":"4\/5","number1_multiplier":"1","number2":"","number2_multiplier":"0","number3":"7\/15","number3_multiplier":"1","answer_option_1":"2\/6","answer_option_2":"","answer_option_3":"","answer_option_4":"","difficulty":"5"},{"id":"335370","answer":"3\/5","op":"-","number1":"6\/8","number1_multiplier":"1","number2":"","number2_multiplier":"0","number3":"3\/20","number3_multiplier":"1","answer_option_1":"3\/5","answer_option_2":"","answer_option_3":"","answer_option_4":"","difficulty":"5"},{"id":"334758","answer":"1\/7","op":"+","number1":"5\/8","number1_multiplier":"1","number2":"","number2_multiplier":"0","number3":"43\/56","number3_multiplier":"1","answer_option_1":"1\/7","answer_option_2":"","answer_option_3":"","answer_option_4":"","difficulty":"5"},{"id":"335470","answer":"4\/8","op":"-","number1":"7\/9","number1_multiplier":"1","number2":"","number2_multiplier":"0","number3":"5\/18","number3_multiplier":"1","answer_option_1":"4\/8","answer_option_2":"","answer_option_3":"","answer_option_4":"","difficulty":"5"},{"id":"334937","answer":"3\/7","op":"+","number1":"","number1_multiplier":"0","number2":"3\/9","number2_multiplier":"1","number3":"16\/21","number3_multiplier":"1","answer_option_1":"3\/7","answer_option_2":"","answer_option_3":"","answer_option_4":"","difficulty":"5"},{"id":"334605","answer":"1\/7","op":"+","number1":"2\/6","number1_multiplier":"1","number2":"","number2_multiplier":"0","number3":"10\/21","number3_multiplier":"1","answer_option_1":"1\/7","answer_option_2":"","answer_option_3":"","answer_option_4":"","difficulty":"5"},{"id":"335221","answer":"2\/9","op":"-","number1":"3\/6","number1_multiplier":"1","number2":"","number2_multiplier":"0","number3":"5\/18","number3_multiplier":"1","answer_option_1":"2\/9","answer_option_2":"","answer_option_3":"","answer_option_4":"","difficulty":"5"},{"id":"334847","answer":"1\/6","op":"+","number1":"","number1_multiplier":"0","number2":"2\/8","number2_multiplier":"1","number3":"5\/12","number3_multiplier":"1","answer_option_1":"1\/6","answer_option_2":"","answer_option_3":"","answer_option_4":"","difficulty":"5"}]}}