{"status":"success","data":{"planet":{"id":"171","name":"Power Balance","description":"Addition & subtraction of fractions","question_count":"10","badges":{"speed":"1","accuracy":"1","score_mul_base":"1","score_mul_accuracy":"1","score_mul_speed":"1"}},"status":{"star":5,"difficulty":5,"top_score":0},"planet_top_score":[],"questions":[{"id":"335377","answer":"3\/7","op":"-","number1":"6\/8","number1_multiplier":"1","number2":"","number2_multiplier":"0","number3":"9\/28","number3_multiplier":"1","answer_option_1":"3\/7","answer_option_2":"","answer_option_3":"","answer_option_4":"","difficulty":"5"},{"id":"335658","answer":"2\/7","op":"-","number1":"","number1_multiplier":"0","number2":"1\/5","number2_multiplier":"1","number3":"3\/35","number3_multiplier":"1","answer_option_1":"2\/7","answer_option_2":"","answer_option_3":"","answer_option_4":"","difficulty":"5"},{"id":"335829","answer":"5\/9","op":"-","number1":"","number1_multiplier":"0","number2":"2\/5","number2_multiplier":"1","number3":"7\/45","number3_multiplier":"1","answer_option_1":"5\/9","answer_option_2":"","answer_option_3":"","answer_option_4":"","difficulty":"5"},{"id":"335221","answer":"2\/9","op":"-","number1":"3\/6","number1_multiplier":"1","number2":"","number2_multiplier":"0","number3":"5\/18","number3_multiplier":"1","answer_option_1":"2\/9","answer_option_2":"","answer_option_3":"","answer_option_4":"","difficulty":"5"},{"id":"335587","answer":"4\/5","op":"-","number1":"","number1_multiplier":"0","number2":"1\/7","number2_multiplier":"1","number3":"23\/35","number3_multiplier":"1","answer_option_1":"4\/5","answer_option_2":"","answer_option_3":"","answer_option_4":"","difficulty":"5"},{"id":"335130","answer":"3\/7","op":"-","number1":"2\/4","number1_multiplier":"1","number2":"","number2_multiplier":"0","number3":"1\/14","number3_multiplier":"1","answer_option_1":"3\/7","answer_option_2":"","answer_option_3":"","answer_option_4":"","difficulty":"5"},{"id":"334871","answer":"2\/6","op":"+","number1":"","number1_multiplier":"0","number2":"4\/9","number2_multiplier":"1","number3":"7\/9","number3_multiplier":"1","answer_option_1":"2\/6","answer_option_2":"","answer_option_3":"","answer_option_4":"","difficulty":"5"},{"id":"335880","answer":"8\/9","op":"-","number1":"","number1_multiplier":"0","number2":"4\/6","number2_multiplier":"1","number3":"2\/9","number3_multiplier":"1","answer_option_1":"8\/9","answer_option_2":"","answer_option_3":"","answer_option_4":"","difficulty":"5"},{"id":"335695","answer":"5\/7","op":"-","number1":"","number1_multiplier":"0","number2":"1\/8","number2_multiplier":"1","number3":"33\/56","number3_multiplier":"1","answer_option_1":"5\/7","answer_option_2":"","answer_option_3":"","answer_option_4":"","difficulty":"5"},{"id":"335284","answer":"2\/9","op":"-","number1":"4\/7","number1_multiplier":"1","number2":"","number2_multiplier":"0","number3":"22\/63","number3_multiplier":"1","answer_option_1":"2\/9","answer_option_2":"","answer_option_3":"","answer_option_4":"","difficulty":"5"}]}}