{"status":"success","data":{"planet":{"id":"156","name":"Super Builder","description":"Make the number up to 9999","question_count":"10","badges":{"speed":"1","accuracy":"1","score_mul_base":"1","score_mul_accuracy":"1","score_mul_speed":"1"}},"status":{"star":0,"difficulty":1,"top_score":0},"planet_top_score":[],"questions":[{"id":"365289","question":"2500","answer_option_1":"1060","answer_option_2":"1440","answer_option_3":"790","answer_option_4":"","answer_option_5":"","answer_option_6":"","fixed_num":"0","difficulty":"1"},{"id":"365299","question":"2500","answer_option_1":"1260","answer_option_2":"1240","answer_option_3":"970","answer_option_4":"","answer_option_5":"","answer_option_6":"","fixed_num":"0","difficulty":"1"},{"id":"365252","question":"1000","answer_option_1":"420","answer_option_2":"580","answer_option_3":"690","answer_option_4":"","answer_option_5":"","answer_option_6":"","fixed_num":"0","difficulty":"1"},{"id":"365271","question":"2000","answer_option_1":"910","answer_option_2":"1090","answer_option_3":"680","answer_option_4":"","answer_option_5":"","answer_option_6":"","fixed_num":"0","difficulty":"1"},{"id":"365273","question":"2000","answer_option_1":"930","answer_option_2":"1070","answer_option_3":"970","answer_option_4":"","answer_option_5":"","answer_option_6":"","fixed_num":"0","difficulty":"1"},{"id":"365288","question":"2500","answer_option_1":"1040","answer_option_2":"1460","answer_option_3":"870","answer_option_4":"","answer_option_5":"","answer_option_6":"","fixed_num":"0","difficulty":"1"},{"id":"365275","question":"2000","answer_option_1":"950","answer_option_2":"1050","answer_option_3":"950","answer_option_4":"","answer_option_5":"","answer_option_6":"","fixed_num":"0","difficulty":"1"},{"id":"365281","question":"2500","answer_option_1":"900","answer_option_2":"1600","answer_option_3":"730","answer_option_4":"","answer_option_5":"","answer_option_6":"","fixed_num":"0","difficulty":"1"},{"id":"365276","question":"2000","answer_option_1":"960","answer_option_2":"1040","answer_option_3":"520","answer_option_4":"","answer_option_5":"","answer_option_6":"","fixed_num":"0","difficulty":"1"},{"id":"365278","question":"2000","answer_option_1":"980","answer_option_2":"1020","answer_option_3":"670","answer_option_4":"","answer_option_5":"","answer_option_6":"","fixed_num":"0","difficulty":"1"}]}}