{"status":"success","data":{"planet":{"id":"156","name":"Super Builder","description":"Make the number up to 9999","question_count":"10","badges":{"speed":"1","accuracy":"1","score_mul_base":"1","score_mul_accuracy":"1","score_mul_speed":"1"}},"status":{"star":0,"difficulty":1,"top_score":0},"planet_top_score":[],"questions":[{"id":"365286","question":"2500","answer_option_1":"1000","answer_option_2":"1500","answer_option_3":"770","answer_option_4":"","answer_option_5":"","answer_option_6":"","fixed_num":"0","difficulty":"1"},{"id":"365296","question":"2500","answer_option_1":"1200","answer_option_2":"1300","answer_option_3":"900","answer_option_4":"","answer_option_5":"","answer_option_6":"","fixed_num":"0","difficulty":"1"},{"id":"365294","question":"2500","answer_option_1":"1160","answer_option_2":"1340","answer_option_3":"930","answer_option_4":"","answer_option_5":"","answer_option_6":"","fixed_num":"0","difficulty":"1"},{"id":"365297","question":"2500","answer_option_1":"1220","answer_option_2":"1280","answer_option_3":"720","answer_option_4":"","answer_option_5":"","answer_option_6":"","fixed_num":"0","difficulty":"1"},{"id":"365276","question":"2000","answer_option_1":"960","answer_option_2":"1040","answer_option_3":"520","answer_option_4":"","answer_option_5":"","answer_option_6":"","fixed_num":"0","difficulty":"1"},{"id":"365299","question":"2500","answer_option_1":"1260","answer_option_2":"1240","answer_option_3":"970","answer_option_4":"","answer_option_5":"","answer_option_6":"","fixed_num":"0","difficulty":"1"},{"id":"365290","question":"2500","answer_option_1":"1080","answer_option_2":"1420","answer_option_3":"870","answer_option_4":"","answer_option_5":"","answer_option_6":"","fixed_num":"0","difficulty":"1"},{"id":"365260","question":"1000","answer_option_1":"500","answer_option_2":"500","answer_option_3":"980","answer_option_4":"","answer_option_5":"","answer_option_6":"","fixed_num":"0","difficulty":"1"},{"id":"365267","question":"1500","answer_option_1":"560","answer_option_2":"940","answer_option_3":"660","answer_option_4":"","answer_option_5":"","answer_option_6":"","fixed_num":"0","difficulty":"1"},{"id":"365264","question":"1500","answer_option_1":"780","answer_option_2":"720","answer_option_3":"720","answer_option_4":"","answer_option_5":"","answer_option_6":"","fixed_num":"0","difficulty":"1"}]}}