{"status":"success","data":{"planet":{"id":"156","name":"Super Builder","description":"Make the number up to 9999","question_count":"10","badges":{"speed":"1","accuracy":"1","score_mul_base":"1","score_mul_accuracy":"1","score_mul_speed":"1"}},"status":{"star":0,"difficulty":1,"top_score":0},"planet_top_score":[],"questions":[{"id":"365298","question":"2500","answer_option_1":"1240","answer_option_2":"1260","answer_option_3":"680","answer_option_4":"","answer_option_5":"","answer_option_6":"","fixed_num":"0","difficulty":"1"},{"id":"365280","question":"2000","answer_option_1":"1000","answer_option_2":"1000","answer_option_3":"960","answer_option_4":"","answer_option_5":"","answer_option_6":"","fixed_num":"0","difficulty":"1"},{"id":"365294","question":"2500","answer_option_1":"1160","answer_option_2":"1340","answer_option_3":"930","answer_option_4":"","answer_option_5":"","answer_option_6":"","fixed_num":"0","difficulty":"1"},{"id":"365274","question":"2000","answer_option_1":"940","answer_option_2":"1060","answer_option_3":"550","answer_option_4":"","answer_option_5":"","answer_option_6":"","fixed_num":"0","difficulty":"1"},{"id":"365253","question":"1000","answer_option_1":"440","answer_option_2":"560","answer_option_3":"550","answer_option_4":"","answer_option_5":"","answer_option_6":"","fixed_num":"0","difficulty":"1"},{"id":"365264","question":"1500","answer_option_1":"780","answer_option_2":"720","answer_option_3":"720","answer_option_4":"","answer_option_5":"","answer_option_6":"","fixed_num":"0","difficulty":"1"},{"id":"365271","question":"2000","answer_option_1":"910","answer_option_2":"1090","answer_option_3":"680","answer_option_4":"","answer_option_5":"","answer_option_6":"","fixed_num":"0","difficulty":"1"},{"id":"365279","question":"2000","answer_option_1":"990","answer_option_2":"1010","answer_option_3":"900","answer_option_4":"","answer_option_5":"","answer_option_6":"","fixed_num":"0","difficulty":"1"},{"id":"365300","question":"2500","answer_option_1":"1280","answer_option_2":"1220","answer_option_3":"900","answer_option_4":"","answer_option_5":"","answer_option_6":"","fixed_num":"0","difficulty":"1"},{"id":"365273","question":"2000","answer_option_1":"930","answer_option_2":"1070","answer_option_3":"970","answer_option_4":"","answer_option_5":"","answer_option_6":"","fixed_num":"0","difficulty":"1"}]}}