{"status":"success","data":{"planet":{"id":"156","name":"Super Builder","description":"Make the number up to 9999","question_count":"10","badges":{"speed":"1","accuracy":"1","score_mul_base":"1","score_mul_accuracy":"1","score_mul_speed":"1"}},"status":{"star":0,"difficulty":1,"top_score":0},"planet_top_score":[],"questions":[{"id":"365296","question":"2500","answer_option_1":"1200","answer_option_2":"1300","answer_option_3":"900","answer_option_4":"","answer_option_5":"","answer_option_6":"","fixed_num":"0","difficulty":"1"},{"id":"365266","question":"1500","answer_option_1":"910","answer_option_2":"590","answer_option_3":"630","answer_option_4":"","answer_option_5":"","answer_option_6":"","fixed_num":"0","difficulty":"1"},{"id":"365300","question":"2500","answer_option_1":"1280","answer_option_2":"1220","answer_option_3":"900","answer_option_4":"","answer_option_5":"","answer_option_6":"","fixed_num":"0","difficulty":"1"},{"id":"365268","question":"1500","answer_option_1":"650","answer_option_2":"850","answer_option_3":"630","answer_option_4":"","answer_option_5":"","answer_option_6":"","fixed_num":"0","difficulty":"1"},{"id":"365260","question":"1000","answer_option_1":"500","answer_option_2":"500","answer_option_3":"980","answer_option_4":"","answer_option_5":"","answer_option_6":"","fixed_num":"0","difficulty":"1"},{"id":"365297","question":"2500","answer_option_1":"1220","answer_option_2":"1280","answer_option_3":"720","answer_option_4":"","answer_option_5":"","answer_option_6":"","fixed_num":"0","difficulty":"1"},{"id":"365253","question":"1000","answer_option_1":"440","answer_option_2":"560","answer_option_3":"550","answer_option_4":"","answer_option_5":"","answer_option_6":"","fixed_num":"0","difficulty":"1"},{"id":"365295","question":"2500","answer_option_1":"1180","answer_option_2":"1320","answer_option_3":"990","answer_option_4":"","answer_option_5":"","answer_option_6":"","fixed_num":"0","difficulty":"1"},{"id":"365294","question":"2500","answer_option_1":"1160","answer_option_2":"1340","answer_option_3":"930","answer_option_4":"","answer_option_5":"","answer_option_6":"","fixed_num":"0","difficulty":"1"},{"id":"365262","question":"1500","answer_option_1":"680","answer_option_2":"820","answer_option_3":"770","answer_option_4":"","answer_option_5":"","answer_option_6":"","fixed_num":"0","difficulty":"1"}]}}