{"status":"success","data":{"planet":{"id":"192","name":"Tap Trouble","description":"Limited Breaks","question_count":"10","badges":{"speed":"1","accuracy":"1","score_mul_base":"1","score_mul_accuracy":"1","score_mul_speed":"1"}},"status":{"star":1,"difficulty":2,"top_score":0},"planet_top_score":[],"questions":[{"id":"230374","question":"574","answer":"574","option_type":"hundred","option_generate":"7","difficulty":"2"},{"id":"230304","question":"504","answer":"504","option_type":"hundred","option_generate":"7","difficulty":"2"},{"id":"230313","question":"513","answer":"513","option_type":"hundred","option_generate":"7","difficulty":"2"},{"id":"230317","question":"517","answer":"517","option_type":"hundred","option_generate":"7","difficulty":"2"},{"id":"230468","question":"668","answer":"668","option_type":"hundred","option_generate":"7","difficulty":"2"},{"id":"230431","question":"631","answer":"631","option_type":"hundred","option_generate":"7","difficulty":"2"},{"id":"230405","question":"605","answer":"605","option_type":"hundred","option_generate":"7","difficulty":"2"},{"id":"230327","question":"527","answer":"527","option_type":"hundred","option_generate":"7","difficulty":"2"},{"id":"230352","question":"552","answer":"552","option_type":"hundred","option_generate":"7","difficulty":"2"},{"id":"230324","question":"524","answer":"524","option_type":"hundred","option_generate":"7","difficulty":"2"}]}}