{"status":"success","data":{"planet":{"id":"192","name":"Tap Trouble","description":"Limited Breaks","question_count":"10","badges":{"speed":"1","accuracy":"1","score_mul_base":"1","score_mul_accuracy":"1","score_mul_speed":"1"}},"status":{"star":1,"difficulty":2,"top_score":0},"planet_top_score":[],"questions":[{"id":"230308","question":"508","answer":"508","option_type":"hundred","option_generate":"7","difficulty":"2"},{"id":"230369","question":"569","answer":"569","option_type":"hundred","option_generate":"7","difficulty":"2"},{"id":"230355","question":"555","answer":"555","option_type":"hundred","option_generate":"7","difficulty":"2"},{"id":"230481","question":"681","answer":"681","option_type":"hundred","option_generate":"7","difficulty":"2"},{"id":"230432","question":"632","answer":"632","option_type":"hundred","option_generate":"7","difficulty":"2"},{"id":"230342","question":"542","answer":"542","option_type":"hundred","option_generate":"7","difficulty":"2"},{"id":"230488","question":"688","answer":"688","option_type":"hundred","option_generate":"7","difficulty":"2"},{"id":"230322","question":"522","answer":"522","option_type":"hundred","option_generate":"7","difficulty":"2"},{"id":"230412","question":"612","answer":"612","option_type":"hundred","option_generate":"7","difficulty":"2"},{"id":"230397","question":"597","answer":"597","option_type":"hundred","option_generate":"7","difficulty":"2"}]}}