{"status":"success","data":{"planet":{"id":"192","name":"Tap Trouble","description":"Limited Breaks","question_count":"10","badges":{"speed":"1","accuracy":"1","score_mul_base":"1","score_mul_accuracy":"1","score_mul_speed":"1"}},"status":{"star":1,"difficulty":2,"top_score":0},"planet_top_score":[],"questions":[{"id":"230401","question":"601","answer":"601","option_type":"hundred","option_generate":"7","difficulty":"2"},{"id":"230448","question":"648","answer":"648","option_type":"hundred","option_generate":"7","difficulty":"2"},{"id":"230481","question":"681","answer":"681","option_type":"hundred","option_generate":"7","difficulty":"2"},{"id":"230409","question":"609","answer":"609","option_type":"hundred","option_generate":"7","difficulty":"2"},{"id":"230461","question":"661","answer":"661","option_type":"hundred","option_generate":"7","difficulty":"2"},{"id":"230483","question":"683","answer":"683","option_type":"hundred","option_generate":"7","difficulty":"2"},{"id":"230424","question":"624","answer":"624","option_type":"hundred","option_generate":"7","difficulty":"2"},{"id":"230352","question":"552","answer":"552","option_type":"hundred","option_generate":"7","difficulty":"2"},{"id":"230320","question":"520","answer":"520","option_type":"hundred","option_generate":"7","difficulty":"2"},{"id":"230307","question":"507","answer":"507","option_type":"hundred","option_generate":"7","difficulty":"2"}]}}