{"status":"success","data":{"planet":{"id":"192","name":"Tap Trouble","description":"Limited Breaks","question_count":"10","badges":{"speed":"1","accuracy":"1","score_mul_base":"1","score_mul_accuracy":"1","score_mul_speed":"1"}},"status":{"star":1,"difficulty":2,"top_score":0},"planet_top_score":[],"questions":[{"id":"230375","question":"575","answer":"575","option_type":"hundred","option_generate":"7","difficulty":"2"},{"id":"230409","question":"609","answer":"609","option_type":"hundred","option_generate":"7","difficulty":"2"},{"id":"230492","question":"692","answer":"692","option_type":"hundred","option_generate":"7","difficulty":"2"},{"id":"230368","question":"568","answer":"568","option_type":"hundred","option_generate":"7","difficulty":"2"},{"id":"230349","question":"549","answer":"549","option_type":"hundred","option_generate":"7","difficulty":"2"},{"id":"230440","question":"640","answer":"640","option_type":"hundred","option_generate":"7","difficulty":"2"},{"id":"230343","question":"543","answer":"543","option_type":"hundred","option_generate":"7","difficulty":"2"},{"id":"230461","question":"661","answer":"661","option_type":"hundred","option_generate":"7","difficulty":"2"},{"id":"230352","question":"552","answer":"552","option_type":"hundred","option_generate":"7","difficulty":"2"},{"id":"230317","question":"517","answer":"517","option_type":"hundred","option_generate":"7","difficulty":"2"}]}}