{"status":"success","data":{"planet":{"id":"192","name":"Tap Trouble","description":"Limited Breaks","question_count":"10","badges":{"speed":"1","accuracy":"1","score_mul_base":"1","score_mul_accuracy":"1","score_mul_speed":"1"}},"status":{"star":1,"difficulty":2,"top_score":0},"planet_top_score":[],"questions":[{"id":"230354","question":"554","answer":"554","option_type":"hundred","option_generate":"7","difficulty":"2"},{"id":"230445","question":"645","answer":"645","option_type":"hundred","option_generate":"7","difficulty":"2"},{"id":"230456","question":"656","answer":"656","option_type":"hundred","option_generate":"7","difficulty":"2"},{"id":"230348","question":"548","answer":"548","option_type":"hundred","option_generate":"7","difficulty":"2"},{"id":"230384","question":"584","answer":"584","option_type":"hundred","option_generate":"7","difficulty":"2"},{"id":"230388","question":"588","answer":"588","option_type":"hundred","option_generate":"7","difficulty":"2"},{"id":"230405","question":"605","answer":"605","option_type":"hundred","option_generate":"7","difficulty":"2"},{"id":"230324","question":"524","answer":"524","option_type":"hundred","option_generate":"7","difficulty":"2"},{"id":"230305","question":"505","answer":"505","option_type":"hundred","option_generate":"7","difficulty":"2"},{"id":"230362","question":"562","answer":"562","option_type":"hundred","option_generate":"7","difficulty":"2"}]}}