{"status":"success","data":{"planet":{"id":"171","name":"Power Balance","description":"Addition & subtraction of fractions","question_count":"10","badges":{"speed":"1","accuracy":"1","score_mul_base":"1","score_mul_accuracy":"1","score_mul_speed":"1"}},"status":{"star":3,"difficulty":4,"top_score":0},"planet_top_score":[],"questions":[{"id":"334553","answer":"1\/2","op":"+","number1":"","number1_multiplier":"0","number2":"1\/5","number2_multiplier":"1","number3":"7\/10","number3_multiplier":"1","answer_option_1":"1\/2","answer_option_2":"","answer_option_3":"","answer_option_4":"","difficulty":"4"},{"id":"334584","answer":"3\/4","op":"-","number1":"","number1_multiplier":"0","number2":"2\/6","number2_multiplier":"1","number3":"5\/12","number3_multiplier":"1","answer_option_1":"3\/4","answer_option_2":"","answer_option_3":"","answer_option_4":"","difficulty":"4"},{"id":"334573","answer":"2\/6","op":"-","number1":"3\/4","number1_multiplier":"1","number2":"","number2_multiplier":"0","number3":"5\/12","number3_multiplier":"1","answer_option_1":"2\/6","answer_option_2":"","answer_option_3":"","answer_option_4":"","difficulty":"4"},{"id":"334580","answer":"2\/3","op":"-","number1":"","number1_multiplier":"0","number2":"1\/2","number2_multiplier":"1","number3":"1\/6","number3_multiplier":"1","answer_option_1":"2\/3","answer_option_2":"","answer_option_3":"","answer_option_4":"","difficulty":"4"},{"id":"334543","answer":"1\/4","op":"+","number1":"1\/3","number1_multiplier":"1","number2":"","number2_multiplier":"0","number3":"7\/12","number3_multiplier":"1","answer_option_1":"1\/4","answer_option_2":"","answer_option_3":"","answer_option_4":"","difficulty":"4"},{"id":"334565","answer":"1\/3","op":"-","number1":"1\/2","number1_multiplier":"1","number2":"","number2_multiplier":"0","number3":"1\/6","number3_multiplier":"1","answer_option_1":"1\/3","answer_option_2":"","answer_option_3":"","answer_option_4":"","difficulty":"4"},{"id":"334583","answer":"2\/4","op":"-","number1":"","number1_multiplier":"0","number2":"1\/3","number2_multiplier":"1","number3":"1\/6","number3_multiplier":"1","answer_option_1":"2\/4","answer_option_2":"","answer_option_3":"","answer_option_4":"","difficulty":"4"},{"id":"334556","answer":"1\/3","op":"+","number1":"","number1_multiplier":"0","number2":"1\/4","number2_multiplier":"1","number3":"7\/12","number3_multiplier":"1","answer_option_1":"1\/3","answer_option_2":"","answer_option_3":"","answer_option_4":"","difficulty":"4"},{"id":"334575","answer":"1\/2","op":"-","number1":"3\/5","number1_multiplier":"1","number2":"","number2_multiplier":"0","number3":"1\/10","number3_multiplier":"1","answer_option_1":"1\/2","answer_option_2":"","answer_option_3":"","answer_option_4":"","difficulty":"4"},{"id":"334554","answer":"1\/2","op":"+","number1":"","number1_multiplier":"0","number2":"2\/5","number2_multiplier":"1","number3":"9\/10","number3_multiplier":"1","answer_option_1":"1\/2","answer_option_2":"","answer_option_3":"","answer_option_4":"","difficulty":"4"}]}}