{"status":"success","data":{"planet":{"id":"169","name":"Batteries +","description":"Add fractions with unlike denominators","question_count":"10","badges":{"speed":"1","accuracy":"1","score_mul_base":"1","score_mul_accuracy":"1","score_mul_speed":"1"}},"status":{"star":0,"difficulty":1,"top_score":0},"planet_top_score":[],"questions":[{"id":"325001","answer":"3\/4","op":"+","number1":"1\/2","number1_multiplier":"1","number2":"1\/4","number2_multiplier":"1","number3":null,"number3_multiplier":"0","answer_option_1":"2\/4","answer_option_2":"2\/6","answer_option_3":"3\/4","answer_option_4":"3\/6","difficulty":"1"},{"id":"325071","answer":"10\/12","op":"+","number1":"1\/2","number1_multiplier":"2","number2":"1\/3","number2_multiplier":"4","number3":null,"number3_multiplier":"0","answer_option_1":"6\/16","answer_option_2":"6\/12","answer_option_3":"10\/12","answer_option_4":"10\/16","difficulty":"1"},{"id":"325088","answer":"6\/10","op":"+","number1":"2\/5","number1_multiplier":"1","number2":"1\/5","number2_multiplier":"2","number3":null,"number3_multiplier":"0","answer_option_1":"4\/15","answer_option_2":"4\/10","answer_option_3":"6\/15","answer_option_4":"6\/10","difficulty":"1"},{"id":"325006","answer":"5\/6","op":"+","number1":"1\/2","number1_multiplier":"1","number2":"1\/3","number2_multiplier":"2","number3":null,"number3_multiplier":"0","answer_option_1":"3\/6","answer_option_2":"3\/8","answer_option_3":"5\/6","answer_option_4":"5\/8","difficulty":"1"},{"id":"325121","answer":"11\/12","op":"+","number1":"1\/2","number1_multiplier":"3","number2":"5\/12","number2_multiplier":"1","number3":null,"number3_multiplier":"0","answer_option_1":"8\/18","answer_option_2":"8\/12","answer_option_3":"11\/18","answer_option_4":"11\/12","difficulty":"1"},{"id":"325002","answer":"4\/6","op":"+","number1":"1\/2","number1_multiplier":"1","number2":"1\/6","number2_multiplier":"1","number3":null,"number3_multiplier":"0","answer_option_1":"2\/6","answer_option_2":"2\/8","answer_option_3":"4\/6","answer_option_4":"4\/8","difficulty":"1"},{"id":"325112","answer":"8\/12","op":"+","number1":"1\/3","number1_multiplier":"2","number2":"1\/3","number2_multiplier":"4","number3":null,"number3_multiplier":"0","answer_option_1":"6\/18","answer_option_2":"6\/12","answer_option_3":"8\/18","answer_option_4":"8\/12","difficulty":"1"},{"id":"325075","answer":"8\/8","op":"+","number1":"3\/4","number1_multiplier":"1","number2":"1\/4","number2_multiplier":"2","number3":null,"number3_multiplier":"0","answer_option_1":"5\/12","answer_option_2":"5\/8","answer_option_3":"8\/12","answer_option_4":"8\/8","difficulty":"1"},{"id":"325007","answer":"6\/6","op":"+","number1":"1\/2","number1_multiplier":"1","number2":"1\/2","number2_multiplier":"3","number3":null,"number3_multiplier":"0","answer_option_1":"4\/6","answer_option_2":"6\/6","answer_option_3":"2\/8","answer_option_4":"6\/12","difficulty":"1"},{"id":"325027","answer":"5\/9","op":"+","number1":"1\/3","number1_multiplier":"1","number2":"2\/9","number2_multiplier":"1","number3":null,"number3_multiplier":"0","answer_option_1":"3\/12","answer_option_2":"3\/9","answer_option_3":"5\/9","answer_option_4":"5\/12","difficulty":"1"}]}}