{"status":"success","data":{"planet":{"id":"169","name":"Batteries +","description":"Add fractions with unlike denominators","question_count":"10","badges":{"speed":"1","accuracy":"1","score_mul_base":"1","score_mul_accuracy":"1","score_mul_speed":"1"}},"status":{"star":0,"difficulty":1,"top_score":0},"planet_top_score":[],"questions":[{"id":"325002","answer":"4\/6","op":"+","number1":"1\/2","number1_multiplier":"1","number2":"1\/6","number2_multiplier":"1","number3":null,"number3_multiplier":"0","answer_option_1":"2\/6","answer_option_2":"2\/8","answer_option_3":"4\/6","answer_option_4":"4\/8","difficulty":"1"},{"id":"325032","answer":"5\/12","op":"+","number1":"1\/3","number1_multiplier":"1","number2":"1\/12","number2_multiplier":"1","number3":null,"number3_multiplier":"0","answer_option_1":"2\/15","answer_option_2":"5\/12","answer_option_3":"5\/15","answer_option_4":"2\/12","difficulty":"1"},{"id":"325010","answer":"8\/8","op":"+","number1":"1\/2","number1_multiplier":"1","number2":"1\/2","number2_multiplier":"4","number3":null,"number3_multiplier":"0","answer_option_1":"5\/10","answer_option_2":"5\/8","answer_option_3":"8\/8","answer_option_4":"8\/10","difficulty":"1"},{"id":"325071","answer":"10\/12","op":"+","number1":"1\/2","number1_multiplier":"2","number2":"1\/3","number2_multiplier":"4","number3":null,"number3_multiplier":"0","answer_option_1":"6\/16","answer_option_2":"6\/12","answer_option_3":"10\/12","answer_option_4":"10\/16","difficulty":"1"},{"id":"325063","answer":"12\/12","op":"+","number1":"1\/4","number1_multiplier":"1","number2":"3\/4","number2_multiplier":"3","number3":null,"number3_multiplier":"0","answer_option_1":"10\/16","answer_option_2":"10\/12","answer_option_3":"12\/16","answer_option_4":"12\/12","difficulty":"1"},{"id":"325080","answer":"4\/10","op":"+","number1":"1\/5","number1_multiplier":"1","number2":"1\/5","number2_multiplier":"2","number3":null,"number3_multiplier":"0","answer_option_1":"3\/15","answer_option_2":"3\/10","answer_option_3":"4\/15","answer_option_4":"4\/10","difficulty":"1"},{"id":"325064","answer":"5\/8","op":"+","number1":"1\/2","number1_multiplier":"2","number2":"1\/8","number2_multiplier":"1","number3":null,"number3_multiplier":"0","answer_option_1":"3\/12","answer_option_2":"3\/8","answer_option_3":"5\/12","answer_option_4":"5\/8","difficulty":"1"},{"id":"325060","answer":"9\/12","op":"+","number1":"1\/4","number1_multiplier":"1","number2":"1\/2","number2_multiplier":"6","number3":null,"number3_multiplier":"0","answer_option_1":"7\/16","answer_option_2":"7\/12","answer_option_3":"9\/16","answer_option_4":"9\/12","difficulty":"1"},{"id":"325003","answer":"5\/8","op":"+","number1":"1\/2","number1_multiplier":"1","number2":"1\/8","number2_multiplier":"1","number3":null,"number3_multiplier":"0","answer_option_1":"2\/8","answer_option_2":"2\/10","answer_option_3":"5\/8","answer_option_4":"5\/10","difficulty":"1"},{"id":"325069","answer":"8\/12","op":"+","number1":"1\/2","number1_multiplier":"2","number2":"1\/6","number2_multiplier":"2","number3":null,"number3_multiplier":"0","answer_option_1":"4\/16","answer_option_2":"4\/12","answer_option_3":"8\/12","answer_option_4":"8\/16","difficulty":"1"}]}}