{"status":"success","data":{"planet":{"id":"169","name":"Batteries +","description":"Add fractions with unlike denominators","question_count":"10","badges":{"speed":"1","accuracy":"1","score_mul_base":"1","score_mul_accuracy":"1","score_mul_speed":"1"}},"status":{"star":0,"difficulty":1,"top_score":0},"planet_top_score":[],"questions":[{"id":"325056","answer":"5\/12","op":"+","number1":"1\/4","number1_multiplier":"1","number2":"1\/6","number2_multiplier":"2","number3":null,"number3_multiplier":"0","answer_option_1":"3\/16","answer_option_2":"3\/12","answer_option_3":"5\/16","answer_option_4":"5\/12","difficulty":"1"},{"id":"325074","answer":"7\/8","op":"+","number1":"3\/4","number1_multiplier":"1","number2":"1\/8","number2_multiplier":"1","number3":null,"number3_multiplier":"0","answer_option_1":"4\/12","answer_option_2":"4\/8","answer_option_3":"7\/12","answer_option_4":"7\/8","difficulty":"1"},{"id":"325008","answer":"6\/8","op":"+","number1":"1\/2","number1_multiplier":"1","number2":"1\/4","number2_multiplier":"2","number3":null,"number3_multiplier":"0","answer_option_1":"3\/10","answer_option_2":"3\/8","answer_option_3":"6\/8","answer_option_4":"4\/8","difficulty":"1"},{"id":"325025","answer":"6\/6","op":"+","number1":"1\/3","number1_multiplier":"1","number2":"2\/3","number2_multiplier":"2","number3":null,"number3_multiplier":"0","answer_option_1":"5\/6","answer_option_2":"5\/9","answer_option_3":"6\/6","answer_option_4":"4\/9","difficulty":"1"},{"id":"325019","answer":"10\/12","op":"+","number1":"1\/2","number1_multiplier":"1","number2":"1\/3","number2_multiplier":"4","number3":null,"number3_multiplier":"0","answer_option_1":"5\/14","answer_option_2":"10\/14","answer_option_3":"10\/12","answer_option_4":"5\/12","difficulty":"1"},{"id":"325036","answer":"9\/12","op":"+","number1":"1\/3","number1_multiplier":"1","number2":"5\/12","number2_multiplier":"1","number3":null,"number3_multiplier":"0","answer_option_1":"6\/15","answer_option_2":"6\/12","answer_option_3":"9\/15","answer_option_4":"9\/12","difficulty":"1"},{"id":"325116","answer":"12\/12","op":"+","number1":"1\/3","number1_multiplier":"2","number2":"2\/3","number2_multiplier":"4","number3":null,"number3_multiplier":"0","answer_option_1":"10\/18","answer_option_2":"10\/12","answer_option_3":"12\/18","answer_option_4":"12\/12","difficulty":"1"},{"id":"325032","answer":"5\/12","op":"+","number1":"1\/3","number1_multiplier":"1","number2":"1\/12","number2_multiplier":"1","number3":null,"number3_multiplier":"0","answer_option_1":"2\/15","answer_option_2":"5\/12","answer_option_3":"5\/15","answer_option_4":"2\/12","difficulty":"1"},{"id":"325039","answer":"12\/12","op":"+","number1":"1\/3","number1_multiplier":"1","number2":"2\/3","number2_multiplier":"4","number3":null,"number3_multiplier":"0","answer_option_1":"9\/15","answer_option_2":"9\/12","answer_option_3":"12\/15","answer_option_4":"12\/12","difficulty":"1"},{"id":"325078","answer":"12\/12","op":"+","number1":"3\/4","number1_multiplier":"1","number2":"1\/4","number2_multiplier":"3","number3":null,"number3_multiplier":"0","answer_option_1":"6\/16","answer_option_2":"6\/12","answer_option_3":"12\/16","answer_option_4":"12\/12","difficulty":"1"}]}}