{"status":"success","data":{"planet":{"id":"169","name":"Batteries +","description":"Add fractions with unlike denominators","question_count":"10","badges":{"speed":"1","accuracy":"1","score_mul_base":"1","score_mul_accuracy":"1","score_mul_speed":"1"}},"status":{"star":0,"difficulty":1,"top_score":0},"planet_top_score":[],"questions":[{"id":"325119","answer":"9\/12","op":"+","number1":"1\/2","number1_multiplier":"3","number2":"1\/4","number2_multiplier":"3","number3":null,"number3_multiplier":"0","answer_option_1":"6\/18","answer_option_2":"6\/12","answer_option_3":"9\/18","answer_option_4":"9\/12","difficulty":"1"},{"id":"325035","answer":"8\/12","op":"+","number1":"1\/3","number1_multiplier":"1","number2":"1\/3","number2_multiplier":"4","number3":null,"number3_multiplier":"0","answer_option_1":"5\/15","answer_option_2":"5\/12","answer_option_3":"8\/15","answer_option_4":"8\/12","difficulty":"1"},{"id":"325028","answer":"6\/9","op":"+","number1":"1\/3","number1_multiplier":"1","number2":"1\/3","number2_multiplier":"3","number3":null,"number3_multiplier":"0","answer_option_1":"4\/12","answer_option_2":"4\/9","answer_option_3":"6\/9","answer_option_4":"6\/12","difficulty":"1"},{"id":"325098","answer":"10\/10","op":"+","number1":"4\/5","number1_multiplier":"1","number2":"1\/5","number2_multiplier":"2","number3":null,"number3_multiplier":"0","answer_option_1":"6\/15","answer_option_2":"6\/10","answer_option_3":"10\/15","answer_option_4":"10\/10","difficulty":"1"},{"id":"325045","answer":"9\/12","op":"+","number1":"2\/3","number1_multiplier":"1","number2":"1\/12","number2_multiplier":"1","number3":null,"number3_multiplier":"0","answer_option_1":"3\/15","answer_option_2":"3\/12","answer_option_3":"9\/15","answer_option_4":"9\/12","difficulty":"1"},{"id":"325052","answer":"6\/8","op":"+","number1":"1\/4","number1_multiplier":"1","number2":"1\/2","number2_multiplier":"4","number3":null,"number3_multiplier":"0","answer_option_1":"5\/12","answer_option_2":"5\/8","answer_option_3":"6\/12","answer_option_4":"6\/8","difficulty":"1"},{"id":"325026","answer":"4\/9","op":"+","number1":"1\/3","number1_multiplier":"1","number2":"1\/9","number2_multiplier":"1","number3":null,"number3_multiplier":"0","answer_option_1":"2\/12","answer_option_2":"2\/9","answer_option_3":"4\/9","answer_option_4":"4\/12","difficulty":"1"},{"id":"325032","answer":"5\/12","op":"+","number1":"1\/3","number1_multiplier":"1","number2":"1\/12","number2_multiplier":"1","number3":null,"number3_multiplier":"0","answer_option_1":"2\/15","answer_option_2":"5\/12","answer_option_3":"5\/15","answer_option_4":"2\/12","difficulty":"1"},{"id":"325074","answer":"7\/8","op":"+","number1":"3\/4","number1_multiplier":"1","number2":"1\/8","number2_multiplier":"1","number3":null,"number3_multiplier":"0","answer_option_1":"4\/12","answer_option_2":"4\/8","answer_option_3":"7\/12","answer_option_4":"7\/8","difficulty":"1"},{"id":"325048","answer":"12\/12","op":"+","number1":"2\/3","number1_multiplier":"1","number2":"1\/3","number2_multiplier":"4","number3":null,"number3_multiplier":"0","answer_option_1":"6\/15","answer_option_2":"6\/12","answer_option_3":"12\/15","answer_option_4":"12\/12","difficulty":"1"}]}}