{"status":"success","data":{"planet":{"id":"156","name":"Super Builder","description":"Make the number up to 9999","question_count":"10","badges":{"speed":"1","accuracy":"1","score_mul_base":"1","score_mul_accuracy":"1","score_mul_speed":"1"}},"status":{"star":1,"difficulty":2,"top_score":0},"planet_top_score":[],"questions":[{"id":"365324","question":"4000","answer_option_1":"1890","answer_option_2":"2110","answer_option_3":"1030","answer_option_4":"","answer_option_5":"","answer_option_6":"","fixed_num":"0","difficulty":"2"},{"id":"365344","question":"5000","answer_option_1":"1780","answer_option_2":"3220","answer_option_3":"1670","answer_option_4":"","answer_option_5":"","answer_option_6":"","fixed_num":"0","difficulty":"2"},{"id":"365338","question":"4500","answer_option_1":"2100","answer_option_2":"2400","answer_option_3":"2640","answer_option_4":"","answer_option_5":"","answer_option_6":"","fixed_num":"0","difficulty":"2"},{"id":"365343","question":"5000","answer_option_1":"1530","answer_option_2":"3470","answer_option_3":"2680","answer_option_4":"","answer_option_5":"","answer_option_6":"","fixed_num":"0","difficulty":"2"},{"id":"365304","question":"3000","answer_option_1":"1460","answer_option_2":"1540","answer_option_3":"2780","answer_option_4":"","answer_option_5":"","answer_option_6":"","fixed_num":"0","difficulty":"2"},{"id":"365326","question":"4000","answer_option_1":"1340","answer_option_2":"2660","answer_option_3":"1630","answer_option_4":"","answer_option_5":"","answer_option_6":"","fixed_num":"0","difficulty":"2"},{"id":"365339","question":"4500","answer_option_1":"2180","answer_option_2":"2320","answer_option_3":"1710","answer_option_4":"","answer_option_5":"","answer_option_6":"","fixed_num":"0","difficulty":"2"},{"id":"365308","question":"3000","answer_option_1":"1420","answer_option_2":"1580","answer_option_3":"2500","answer_option_4":"","answer_option_5":"","answer_option_6":"","fixed_num":"0","difficulty":"2"},{"id":"365316","question":"3500","answer_option_1":"1830","answer_option_2":"1670","answer_option_3":"1480","answer_option_4":"","answer_option_5":"","answer_option_6":"","fixed_num":"0","difficulty":"2"},{"id":"365335","question":"4500","answer_option_1":"2180","answer_option_2":"2320","answer_option_3":"1840","answer_option_4":"","answer_option_5":"","answer_option_6":"","fixed_num":"0","difficulty":"2"}]}}