{"status":"success","data":{"planet":{"id":"156","name":"Super Builder","description":"Make the number up to 9999","question_count":"10","badges":{"speed":"1","accuracy":"1","score_mul_base":"1","score_mul_accuracy":"1","score_mul_speed":"1"}},"status":{"star":1,"difficulty":2,"top_score":0},"planet_top_score":[],"questions":[{"id":"365305","question":"3000","answer_option_1":"1520","answer_option_2":"1480","answer_option_3":"2500","answer_option_4":"","answer_option_5":"","answer_option_6":"","fixed_num":"0","difficulty":"2"},{"id":"365324","question":"4000","answer_option_1":"1890","answer_option_2":"2110","answer_option_3":"1030","answer_option_4":"","answer_option_5":"","answer_option_6":"","fixed_num":"0","difficulty":"2"},{"id":"365346","question":"5000","answer_option_1":"2010","answer_option_2":"2990","answer_option_3":"1280","answer_option_4":"","answer_option_5":"","answer_option_6":"","fixed_num":"0","difficulty":"2"},{"id":"365330","question":"4000","answer_option_1":"2180","answer_option_2":"1820","answer_option_3":"2140","answer_option_4":"","answer_option_5":"","answer_option_6":"","fixed_num":"0","difficulty":"2"},{"id":"365323","question":"4000","answer_option_1":"2300","answer_option_2":"1700","answer_option_3":"1220","answer_option_4":"","answer_option_5":"","answer_option_6":"","fixed_num":"0","difficulty":"2"},{"id":"365308","question":"3000","answer_option_1":"1420","answer_option_2":"1580","answer_option_3":"2500","answer_option_4":"","answer_option_5":"","answer_option_6":"","fixed_num":"0","difficulty":"2"},{"id":"365333","question":"4500","answer_option_1":"2180","answer_option_2":"2320","answer_option_3":"1040","answer_option_4":"","answer_option_5":"","answer_option_6":"","fixed_num":"0","difficulty":"2"},{"id":"365334","question":"4500","answer_option_1":"2180","answer_option_2":"2320","answer_option_3":"1870","answer_option_4":"","answer_option_5":"","answer_option_6":"","fixed_num":"0","difficulty":"2"},{"id":"365313","question":"3500","answer_option_1":"1400","answer_option_2":"2100","answer_option_3":"1890","answer_option_4":"","answer_option_5":"","answer_option_6":"","fixed_num":"0","difficulty":"2"},{"id":"365303","question":"3000","answer_option_1":"1380","answer_option_2":"1620","answer_option_3":"2720","answer_option_4":"","answer_option_5":"","answer_option_6":"","fixed_num":"0","difficulty":"2"}]}}