{"status":"success","data":{"planet":{"id":"156","name":"Super Builder","description":"Make the number up to 9999","question_count":"10","badges":{"speed":"1","accuracy":"1","score_mul_base":"1","score_mul_accuracy":"1","score_mul_speed":"1"}},"status":{"star":1,"difficulty":2,"top_score":0},"planet_top_score":[],"questions":[{"id":"365304","question":"3000","answer_option_1":"1460","answer_option_2":"1540","answer_option_3":"2780","answer_option_4":"","answer_option_5":"","answer_option_6":"","fixed_num":"0","difficulty":"2"},{"id":"365343","question":"5000","answer_option_1":"1530","answer_option_2":"3470","answer_option_3":"2680","answer_option_4":"","answer_option_5":"","answer_option_6":"","fixed_num":"0","difficulty":"2"},{"id":"365349","question":"5000","answer_option_1":"2250","answer_option_2":"2750","answer_option_3":"2470","answer_option_4":"","answer_option_5":"","answer_option_6":"","fixed_num":"0","difficulty":"2"},{"id":"365322","question":"4000","answer_option_1":"2400","answer_option_2":"1600","answer_option_3":"2550","answer_option_4":"","answer_option_5":"","answer_option_6":"","fixed_num":"0","difficulty":"2"},{"id":"365309","question":"3000","answer_option_1":"1480","answer_option_2":"1520","answer_option_3":"2480","answer_option_4":"","answer_option_5":"","answer_option_6":"","fixed_num":"0","difficulty":"2"},{"id":"365310","question":"3000","answer_option_1":"1090","answer_option_2":"1910","answer_option_3":"1180","answer_option_4":"","answer_option_5":"","answer_option_6":"","fixed_num":"0","difficulty":"2"},{"id":"365315","question":"3500","answer_option_1":"1790","answer_option_2":"1710","answer_option_3":"1050","answer_option_4":"","answer_option_5":"","answer_option_6":"","fixed_num":"0","difficulty":"2"},{"id":"365312","question":"3500","answer_option_1":"1500","answer_option_2":"2000","answer_option_3":"2580","answer_option_4":"","answer_option_5":"","answer_option_6":"","fixed_num":"0","difficulty":"2"},{"id":"365346","question":"5000","answer_option_1":"2010","answer_option_2":"2990","answer_option_3":"1280","answer_option_4":"","answer_option_5":"","answer_option_6":"","fixed_num":"0","difficulty":"2"},{"id":"365330","question":"4000","answer_option_1":"2180","answer_option_2":"1820","answer_option_3":"2140","answer_option_4":"","answer_option_5":"","answer_option_6":"","fixed_num":"0","difficulty":"2"}]}}