{"status":"success","data":{"planet":{"id":"156","name":"Super Builder","description":"Make the number up to 9999","question_count":"10","badges":{"speed":"1","accuracy":"1","score_mul_base":"1","score_mul_accuracy":"1","score_mul_speed":"1"}},"status":{"star":1,"difficulty":2,"top_score":0},"planet_top_score":[],"questions":[{"id":"365311","question":"3500","answer_option_1":"1300","answer_option_2":"2200","answer_option_3":"1940","answer_option_4":"","answer_option_5":"","answer_option_6":"","fixed_num":"0","difficulty":"2"},{"id":"365310","question":"3000","answer_option_1":"1090","answer_option_2":"1910","answer_option_3":"1180","answer_option_4":"","answer_option_5":"","answer_option_6":"","fixed_num":"0","difficulty":"2"},{"id":"365304","question":"3000","answer_option_1":"1460","answer_option_2":"1540","answer_option_3":"2780","answer_option_4":"","answer_option_5":"","answer_option_6":"","fixed_num":"0","difficulty":"2"},{"id":"365347","question":"5000","answer_option_1":"2100","answer_option_2":"2900","answer_option_3":"1750","answer_option_4":"","answer_option_5":"","answer_option_6":"","fixed_num":"0","difficulty":"2"},{"id":"365325","question":"4000","answer_option_1":"2630","answer_option_2":"1370","answer_option_3":"2170","answer_option_4":"","answer_option_5":"","answer_option_6":"","fixed_num":"0","difficulty":"2"},{"id":"365342","question":"5000","answer_option_1":"1240","answer_option_2":"3760","answer_option_3":"1780","answer_option_4":"","answer_option_5":"","answer_option_6":"","fixed_num":"0","difficulty":"2"},{"id":"365324","question":"4000","answer_option_1":"1890","answer_option_2":"2110","answer_option_3":"1030","answer_option_4":"","answer_option_5":"","answer_option_6":"","fixed_num":"0","difficulty":"2"},{"id":"365303","question":"3000","answer_option_1":"1380","answer_option_2":"1620","answer_option_3":"2720","answer_option_4":"","answer_option_5":"","answer_option_6":"","fixed_num":"0","difficulty":"2"},{"id":"365338","question":"4500","answer_option_1":"2100","answer_option_2":"2400","answer_option_3":"2640","answer_option_4":"","answer_option_5":"","answer_option_6":"","fixed_num":"0","difficulty":"2"},{"id":"365306","question":"3000","answer_option_1":"1250","answer_option_2":"1750","answer_option_3":"2560","answer_option_4":"","answer_option_5":"","answer_option_6":"","fixed_num":"0","difficulty":"2"}]}}