{"status":"success","data":{"planet":{"id":"156","name":"Super Builder","description":"Make the number up to 9999","question_count":"10","badges":{"speed":"1","accuracy":"1","score_mul_base":"1","score_mul_accuracy":"1","score_mul_speed":"1"}},"status":{"star":1,"difficulty":2,"top_score":0},"planet_top_score":[],"questions":[{"id":"365307","question":"3000","answer_option_1":"1240","answer_option_2":"1760","answer_option_3":"2620","answer_option_4":"","answer_option_5":"","answer_option_6":"","fixed_num":"0","difficulty":"2"},{"id":"365326","question":"4000","answer_option_1":"1340","answer_option_2":"2660","answer_option_3":"1630","answer_option_4":"","answer_option_5":"","answer_option_6":"","fixed_num":"0","difficulty":"2"},{"id":"365336","question":"4500","answer_option_1":"2300","answer_option_2":"2200","answer_option_3":"2300","answer_option_4":"","answer_option_5":"","answer_option_6":"","fixed_num":"0","difficulty":"2"},{"id":"365314","question":"3500","answer_option_1":"1300","answer_option_2":"2200","answer_option_3":"2170","answer_option_4":"","answer_option_5":"","answer_option_6":"","fixed_num":"0","difficulty":"2"},{"id":"365340","question":"4500","answer_option_1":"1350","answer_option_2":"3150","answer_option_3":"2590","answer_option_4":"","answer_option_5":"","answer_option_6":"","fixed_num":"0","difficulty":"2"},{"id":"365318","question":"3500","answer_option_1":"1580","answer_option_2":"1920","answer_option_3":"2130","answer_option_4":"","answer_option_5":"","answer_option_6":"","fixed_num":"0","difficulty":"2"},{"id":"365338","question":"4500","answer_option_1":"2100","answer_option_2":"2400","answer_option_3":"2640","answer_option_4":"","answer_option_5":"","answer_option_6":"","fixed_num":"0","difficulty":"2"},{"id":"365312","question":"3500","answer_option_1":"1500","answer_option_2":"2000","answer_option_3":"2580","answer_option_4":"","answer_option_5":"","answer_option_6":"","fixed_num":"0","difficulty":"2"},{"id":"365334","question":"4500","answer_option_1":"2180","answer_option_2":"2320","answer_option_3":"1870","answer_option_4":"","answer_option_5":"","answer_option_6":"","fixed_num":"0","difficulty":"2"},{"id":"365339","question":"4500","answer_option_1":"2180","answer_option_2":"2320","answer_option_3":"1710","answer_option_4":"","answer_option_5":"","answer_option_6":"","fixed_num":"0","difficulty":"2"}]}}