{"status":"success","data":{"planet":{"id":"138","name":"Fraction Line","description":"Figure out fractions on the number line!","question_count":"10","badges":{"speed":"1","accuracy":"1","score_mul_base":"1","score_mul_accuracy":"1","score_mul_speed":"1"}},"status":{"star":2,"difficulty":3,"top_score":0},"planet_top_score":[],"questions":[{"id":"370287","question":"8\/20","option_from":"0","option_until_total":"10","answer":"4","ruler_type":"5","difficulty":"3"},{"id":"370292","question":"18\/20","option_from":"0","option_until_total":"10","answer":"9","ruler_type":"5","difficulty":"3"},{"id":"370290","question":"14\/20","option_from":"0","option_until_total":"10","answer":"7","ruler_type":"5","difficulty":"3"},{"id":"370291","question":"16\/20","option_from":"0","option_until_total":"10","answer":"8","ruler_type":"5","difficulty":"3"},{"id":"370279","question":"1\/2","option_from":"0","option_until_total":"10","answer":"5","ruler_type":"5","difficulty":"3"},{"id":"370289","question":"12\/20","option_from":"0","option_until_total":"10","answer":"6","ruler_type":"5","difficulty":"3"},{"id":"370284","question":"2\/20","option_from":"0","option_until_total":"10","answer":"1","ruler_type":"5","difficulty":"3"},{"id":"370286","question":"6\/20","option_from":"0","option_until_total":"10","answer":"3","ruler_type":"5","difficulty":"3"},{"id":"370288","question":"10\/20","option_from":"0","option_until_total":"10","answer":"5","ruler_type":"5","difficulty":"3"},{"id":"370285","question":"4\/20","option_from":"0","option_until_total":"10","answer":"2","ruler_type":"5","difficulty":"3"}]}}