{"status":"success","data":{"planet":{"id":"140","name":"Gears! Fractions \u00b1","description":"Comparing fractions with addition and subtraction","question_count":"10","badges":{"speed":"1","accuracy":"1","score_mul_base":"1","score_mul_accuracy":"1","score_mul_speed":"1"}},"status":{"star":5,"difficulty":5,"top_score":0},"planet_top_score":[],"questions":[{"id":"369489","difficulty":"5","questions":{"left_question_1":"11\/17","left_question_2":"-","left_question_3":"10\/28","right_question_1":"10\/36","right_question_2":"","right_question_3":""},"answers":{"answer":">"}},{"id":"369487","difficulty":"5","questions":{"left_question_1":"10\/21","left_question_2":"-","left_question_3":"15\/39","right_question_1":"16\/62","right_question_2":"","right_question_3":""},"answers":{"answer":"<"}},{"id":"369495","difficulty":"5","questions":{"left_question_1":"14\/31","left_question_2":"-","left_question_3":"15\/56","right_question_1":"11\/20","right_question_2":"","right_question_3":""},"answers":{"answer":"<"}},{"id":"369472","difficulty":"5","questions":{"left_question_1":"18\/48","left_question_2":"+","left_question_3":"16\/32","right_question_1":"15\/17","right_question_2":"","right_question_3":""},"answers":{"answer":"<"}},{"id":"369483","difficulty":"5","questions":{"left_question_1":"13\/41","left_question_2":"-","left_question_3":"14\/68","right_question_1":"16\/36","right_question_2":"","right_question_3":""},"answers":{"answer":"<"}},{"id":"369496","difficulty":"5","questions":{"left_question_1":"11\/22","left_question_2":"-","left_question_3":"14\/58","right_question_1":"15\/24","right_question_2":"","right_question_3":""},"answers":{"answer":"<"}},{"id":"369452","difficulty":"5","questions":{"left_question_1":"11\/22","left_question_2":"+","left_question_3":"18\/44","right_question_1":"16\/20","right_question_2":"","right_question_3":""},"answers":{"answer":">"}},{"id":"369476","difficulty":"5","questions":{"left_question_1":"10\/27","left_question_2":"-","left_question_3":"13\/45","right_question_1":"12\/13","right_question_2":"","right_question_3":""},"answers":{"answer":"<"}},{"id":"369470","difficulty":"5","questions":{"left_question_1":"10\/27","left_question_2":"+","left_question_3":"17\/49","right_question_1":"18\/20","right_question_2":"","right_question_3":""},"answers":{"answer":"<"}},{"id":"369451","difficulty":"5","questions":{"left_question_1":"14\/41","left_question_2":"+","left_question_3":"15\/45","right_question_1":"13\/18","right_question_2":"","right_question_3":""},"answers":{"answer":"<"}}]}}