{"status":"success","data":{"planet":{"id":"140","name":"Gears! Fractions \u00b1","description":"Comparing fractions with addition and subtraction","question_count":"10","badges":{"speed":"1","accuracy":"1","score_mul_base":"1","score_mul_accuracy":"1","score_mul_speed":"1"}},"status":{"star":5,"difficulty":5,"top_score":0},"planet_top_score":[],"questions":[{"id":"369454","difficulty":"5","questions":{"left_question_1":"16\/36","left_question_2":"+","left_question_3":"17\/31","right_question_1":"11\/20","right_question_2":"","right_question_3":""},"answers":{"answer":">"}},{"id":"369487","difficulty":"5","questions":{"left_question_1":"10\/21","left_question_2":"-","left_question_3":"15\/39","right_question_1":"16\/62","right_question_2":"","right_question_3":""},"answers":{"answer":"<"}},{"id":"369499","difficulty":"5","questions":{"left_question_1":"14\/39","left_question_2":"-","left_question_3":"18\/60","right_question_1":"12\/36","right_question_2":"","right_question_3":""},"answers":{"answer":"<"}},{"id":"369479","difficulty":"5","questions":{"left_question_1":"5\/12","left_question_2":"-","left_question_3":"14\/42","right_question_1":"10\/29","right_question_2":"","right_question_3":""},"answers":{"answer":"<"}},{"id":"369455","difficulty":"5","questions":{"left_question_1":"18\/49","left_question_2":"+","left_question_3":"11\/21","right_question_1":"14\/18","right_question_2":"","right_question_3":""},"answers":{"answer":">"}},{"id":"369465","difficulty":"5","questions":{"left_question_1":"12\/24","left_question_2":"+","left_question_3":"13\/35","right_question_1":"12\/16","right_question_2":"","right_question_3":""},"answers":{"answer":">"}},{"id":"369481","difficulty":"5","questions":{"left_question_1":"17\/48","left_question_2":"-","left_question_3":"10\/38","right_question_1":"16\/26","right_question_2":"","right_question_3":""},"answers":{"answer":"<"}},{"id":"369464","difficulty":"5","questions":{"left_question_1":"17\/35","left_question_2":"+","left_question_3":"11\/29","right_question_1":"16\/18","right_question_2":"","right_question_3":""},"answers":{"answer":"<"}},{"id":"369477","difficulty":"5","questions":{"left_question_1":"18\/45","left_question_2":"-","left_question_3":"17\/55","right_question_1":"10\/41","right_question_2":"","right_question_3":""},"answers":{"answer":"<"}},{"id":"369471","difficulty":"5","questions":{"left_question_1":"13\/37","left_question_2":"+","left_question_3":"4\/34","right_question_1":"11\/19","right_question_2":"","right_question_3":""},"answers":{"answer":">"}}]}}