{"status":"success","data":{"planet":{"id":"140","name":"Gears! Fractions \u00b1","description":"Comparing fractions with addition and subtraction","question_count":"10","badges":{"speed":"1","accuracy":"1","score_mul_base":"1","score_mul_accuracy":"1","score_mul_speed":"1"}},"status":{"star":5,"difficulty":5,"top_score":0},"planet_top_score":[],"questions":[{"id":"369455","difficulty":"5","questions":{"left_question_1":"18\/49","left_question_2":"+","left_question_3":"11\/21","right_question_1":"14\/18","right_question_2":"","right_question_3":""},"answers":{"answer":">"}},{"id":"369495","difficulty":"5","questions":{"left_question_1":"14\/31","left_question_2":"-","left_question_3":"15\/56","right_question_1":"11\/20","right_question_2":"","right_question_3":""},"answers":{"answer":"<"}},{"id":"369459","difficulty":"5","questions":{"left_question_1":"18\/40","left_question_2":"+","left_question_3":"10\/25","right_question_1":"13\/20","right_question_2":"","right_question_3":""},"answers":{"answer":">"}},{"id":"369478","difficulty":"5","questions":{"left_question_1":"11\/29","left_question_2":"-","left_question_3":"12\/60","right_question_1":"13\/58","right_question_2":"","right_question_3":""},"answers":{"answer":"<"}},{"id":"369461","difficulty":"5","questions":{"left_question_1":"16\/40","left_question_2":"+","left_question_3":"16\/39","right_question_1":"10\/18","right_question_2":"","right_question_3":""},"answers":{"answer":">"}},{"id":"369490","difficulty":"5","questions":{"left_question_1":"10\/29","left_question_2":"-","left_question_3":"18\/59","right_question_1":"18\/72","right_question_2":"","right_question_3":""},"answers":{"answer":"<"}},{"id":"369476","difficulty":"5","questions":{"left_question_1":"10\/27","left_question_2":"-","left_question_3":"13\/45","right_question_1":"12\/13","right_question_2":"","right_question_3":""},"answers":{"answer":"<"}},{"id":"369493","difficulty":"5","questions":{"left_question_1":"11\/24","left_question_2":"-","left_question_3":"17\/62","right_question_1":"17\/72","right_question_2":"","right_question_3":""},"answers":{"answer":"<"}},{"id":"369492","difficulty":"5","questions":{"left_question_1":"12\/14","left_question_2":"-","left_question_3":"13\/49","right_question_1":"18\/48","right_question_2":"","right_question_3":""},"answers":{"answer":">"}},{"id":"369487","difficulty":"5","questions":{"left_question_1":"10\/21","left_question_2":"-","left_question_3":"15\/39","right_question_1":"16\/62","right_question_2":"","right_question_3":""},"answers":{"answer":"<"}}]}}