{"status":"success","data":{"planet":{"id":"140","name":"Gears! Fractions \u00b1","description":"Comparing fractions with addition and subtraction","question_count":"10","badges":{"speed":"1","accuracy":"1","score_mul_base":"1","score_mul_accuracy":"1","score_mul_speed":"1"}},"status":{"star":5,"difficulty":5,"top_score":0},"planet_top_score":[],"questions":[{"id":"369454","difficulty":"5","questions":{"left_question_1":"16\/36","left_question_2":"+","left_question_3":"17\/31","right_question_1":"11\/20","right_question_2":"","right_question_3":""},"answers":{"answer":">"}},{"id":"369462","difficulty":"5","questions":{"left_question_1":"10\/20","left_question_2":"+","left_question_3":"12\/29","right_question_1":"16\/19","right_question_2":"","right_question_3":""},"answers":{"answer":">"}},{"id":"369452","difficulty":"5","questions":{"left_question_1":"11\/22","left_question_2":"+","left_question_3":"18\/44","right_question_1":"16\/20","right_question_2":"","right_question_3":""},"answers":{"answer":">"}},{"id":"369480","difficulty":"5","questions":{"left_question_1":"17\/23","left_question_2":"-","left_question_3":"12\/54","right_question_1":"12\/15","right_question_2":"","right_question_3":""},"answers":{"answer":"<"}},{"id":"369464","difficulty":"5","questions":{"left_question_1":"17\/35","left_question_2":"+","left_question_3":"11\/29","right_question_1":"16\/18","right_question_2":"","right_question_3":""},"answers":{"answer":"<"}},{"id":"369473","difficulty":"5","questions":{"left_question_1":"12\/28","left_question_2":"+","left_question_3":"14\/41","right_question_1":"18\/20","right_question_2":"","right_question_3":""},"answers":{"answer":"<"}},{"id":"369496","difficulty":"5","questions":{"left_question_1":"11\/22","left_question_2":"-","left_question_3":"14\/58","right_question_1":"15\/24","right_question_2":"","right_question_3":""},"answers":{"answer":"<"}},{"id":"369457","difficulty":"5","questions":{"left_question_1":"12\/33","left_question_2":"+","left_question_3":"11\/22","right_question_1":"14\/18","right_question_2":"","right_question_3":""},"answers":{"answer":">"}},{"id":"369478","difficulty":"5","questions":{"left_question_1":"11\/29","left_question_2":"-","left_question_3":"12\/60","right_question_1":"13\/58","right_question_2":"","right_question_3":""},"answers":{"answer":"<"}},{"id":"369479","difficulty":"5","questions":{"left_question_1":"5\/12","left_question_2":"-","left_question_3":"14\/42","right_question_1":"10\/29","right_question_2":"","right_question_3":""},"answers":{"answer":"<"}}]}}