{"status":"success","data":{"planet":{"id":"140","name":"Gears! Fractions \u00b1","description":"Comparing fractions with addition and subtraction","question_count":"10","badges":{"speed":"1","accuracy":"1","score_mul_base":"1","score_mul_accuracy":"1","score_mul_speed":"1"}},"status":{"star":5,"difficulty":5,"top_score":0},"planet_top_score":[],"questions":[{"id":"369479","difficulty":"5","questions":{"left_question_1":"5\/12","left_question_2":"-","left_question_3":"14\/42","right_question_1":"10\/29","right_question_2":"","right_question_3":""},"answers":{"answer":"<"}},{"id":"369475","difficulty":"5","questions":{"left_question_1":"18\/32","left_question_2":"+","left_question_3":"14\/34","right_question_1":"14\/18","right_question_2":"","right_question_3":""},"answers":{"answer":">"}},{"id":"369473","difficulty":"5","questions":{"left_question_1":"12\/28","left_question_2":"+","left_question_3":"14\/41","right_question_1":"18\/20","right_question_2":"","right_question_3":""},"answers":{"answer":"<"}},{"id":"369489","difficulty":"5","questions":{"left_question_1":"11\/17","left_question_2":"-","left_question_3":"10\/28","right_question_1":"10\/36","right_question_2":"","right_question_3":""},"answers":{"answer":">"}},{"id":"369454","difficulty":"5","questions":{"left_question_1":"16\/36","left_question_2":"+","left_question_3":"17\/31","right_question_1":"11\/20","right_question_2":"","right_question_3":""},"answers":{"answer":">"}},{"id":"369459","difficulty":"5","questions":{"left_question_1":"18\/40","left_question_2":"+","left_question_3":"10\/25","right_question_1":"13\/20","right_question_2":"","right_question_3":""},"answers":{"answer":">"}},{"id":"369481","difficulty":"5","questions":{"left_question_1":"17\/48","left_question_2":"-","left_question_3":"10\/38","right_question_1":"16\/26","right_question_2":"","right_question_3":""},"answers":{"answer":"<"}},{"id":"369451","difficulty":"5","questions":{"left_question_1":"14\/41","left_question_2":"+","left_question_3":"15\/45","right_question_1":"13\/18","right_question_2":"","right_question_3":""},"answers":{"answer":"<"}},{"id":"369470","difficulty":"5","questions":{"left_question_1":"10\/27","left_question_2":"+","left_question_3":"17\/49","right_question_1":"18\/20","right_question_2":"","right_question_3":""},"answers":{"answer":"<"}},{"id":"369500","difficulty":"5","questions":{"left_question_1":"16\/17","left_question_2":"-","left_question_3":"12\/23","right_question_1":"12\/18","right_question_2":"","right_question_3":""},"answers":{"answer":"<"}}]}}