{"status":"success","data":{"planet":{"id":"105","name":"Tap Tens","description":"How many ones are in a ten?","question_count":"10","badges":{"speed":"1","accuracy":"1","score_mul_base":"1","score_mul_accuracy":"1","score_mul_speed":"1"}},"status":{"star":1,"difficulty":2,"top_score":0},"planet_top_score":[],"questions":[{"id":"210066","question":"10 + 10","answer":"20","option_type":"ten","option_generate":"2","difficulty":"2"},{"id":"210054","question":"7 + 1","answer":"8","option_type":"ten","option_generate":"2","difficulty":"2"},{"id":"210061","question":"10 + 5","answer":"15","option_type":"ten","option_generate":"2","difficulty":"2"},{"id":"210025","question":"1 + 5","answer":"6","option_type":"ten","option_generate":"2","difficulty":"2"},{"id":"210093","question":"15 + 1","answer":"16","option_type":"ten","option_generate":"2","difficulty":"2"},{"id":"210053","question":"6 + 3","answer":"9","option_type":"ten","option_generate":"2","difficulty":"2"},{"id":"210029","question":"2 + 1","answer":"3","option_type":"ten","option_generate":"2","difficulty":"2"},{"id":"210099","question":"16 + 3","answer":"19","option_type":"ten","option_generate":"2","difficulty":"2"},{"id":"210098","question":"16 + 2","answer":"18","option_type":"ten","option_generate":"2","difficulty":"2"},{"id":"210090","question":"14 + 3","answer":"17","option_type":"ten","option_generate":"2","difficulty":"2"}]}}