{"status":"success","data":{"planet":{"id":"105","name":"Tap Tens","description":"How many ones are in a ten?","question_count":"10","badges":{"speed":"1","accuracy":"1","score_mul_base":"1","score_mul_accuracy":"1","score_mul_speed":"1"}},"status":{"star":1,"difficulty":2,"top_score":0},"planet_top_score":[],"questions":[{"id":"210037","question":"3 + 2","answer":"5","option_type":"ten","option_generate":"2","difficulty":"2"},{"id":"210027","question":"1 + 7","answer":"8","option_type":"ten","option_generate":"2","difficulty":"2"},{"id":"210044","question":"4 + 3","answer":"7","option_type":"ten","option_generate":"2","difficulty":"2"},{"id":"210093","question":"15 + 1","answer":"16","option_type":"ten","option_generate":"2","difficulty":"2"},{"id":"210084","question":"13 + 3","answer":"16","option_type":"ten","option_generate":"2","difficulty":"2"},{"id":"210026","question":"1 + 6","answer":"7","option_type":"ten","option_generate":"2","difficulty":"2"},{"id":"210056","question":"8 + 1","answer":"9","option_type":"ten","option_generate":"2","difficulty":"2"},{"id":"210063","question":"10 + 7","answer":"17","option_type":"ten","option_generate":"2","difficulty":"2"},{"id":"210065","question":"10 + 9","answer":"19","option_type":"ten","option_generate":"2","difficulty":"2"},{"id":"210068","question":"11 + 2","answer":"13","option_type":"ten","option_generate":"2","difficulty":"2"}]}}