{"status":"success","data":{"planet":{"id":"105","name":"Tap Tens","description":"How many ones are in a ten?","question_count":"10","badges":{"speed":"1","accuracy":"1","score_mul_base":"1","score_mul_accuracy":"1","score_mul_speed":"1"}},"status":{"star":1,"difficulty":2,"top_score":0},"planet_top_score":[],"questions":[{"id":"210065","question":"10 + 9","answer":"19","option_type":"ten","option_generate":"2","difficulty":"2"},{"id":"210074","question":"11 + 8","answer":"19","option_type":"ten","option_generate":"2","difficulty":"2"},{"id":"210021","question":"1 + 1","answer":"2","option_type":"ten","option_generate":"2","difficulty":"2"},{"id":"210086","question":"13 + 5","answer":"18","option_type":"ten","option_generate":"2","difficulty":"2"},{"id":"210061","question":"10 + 5","answer":"15","option_type":"ten","option_generate":"2","difficulty":"2"},{"id":"210053","question":"6 + 3","answer":"9","option_type":"ten","option_generate":"2","difficulty":"2"},{"id":"210071","question":"11 + 5","answer":"16","option_type":"ten","option_generate":"2","difficulty":"2"},{"id":"210072","question":"11 + 6","answer":"17","option_type":"ten","option_generate":"2","difficulty":"2"},{"id":"210024","question":"1 + 4","answer":"5","option_type":"ten","option_generate":"2","difficulty":"2"},{"id":"210063","question":"10 + 7","answer":"17","option_type":"ten","option_generate":"2","difficulty":"2"}]}}