{"status":"success","data":{"planet":{"id":"105","name":"Tap Tens","description":"How many ones are in a ten?","question_count":"10","badges":{"speed":"1","accuracy":"1","score_mul_base":"1","score_mul_accuracy":"1","score_mul_speed":"1"}},"status":{"star":1,"difficulty":2,"top_score":0},"planet_top_score":[],"questions":[{"id":"210100","question":"17 + 1","answer":"18","option_type":"ten","option_generate":"2","difficulty":"2"},{"id":"210088","question":"14 + 1","answer":"15","option_type":"ten","option_generate":"2","difficulty":"2"},{"id":"210028","question":"1 + 8","answer":"9","option_type":"ten","option_generate":"2","difficulty":"2"},{"id":"210041","question":"3 + 6","answer":"9","option_type":"ten","option_generate":"2","difficulty":"2"},{"id":"210039","question":"3 + 4","answer":"7","option_type":"ten","option_generate":"2","difficulty":"2"},{"id":"210093","question":"15 + 1","answer":"16","option_type":"ten","option_generate":"2","difficulty":"2"},{"id":"210036","question":"3 + 1","answer":"4","option_type":"ten","option_generate":"2","difficulty":"2"},{"id":"210047","question":"5 + 1","answer":"6","option_type":"ten","option_generate":"2","difficulty":"2"},{"id":"210050","question":"5 + 4","answer":"9","option_type":"ten","option_generate":"2","difficulty":"2"},{"id":"210058","question":"10 + 2","answer":"12","option_type":"ten","option_generate":"2","difficulty":"2"}]}}