{"status":"success","data":{"planet":{"id":"105","name":"Tap Tens","description":"How many ones are in a ten?","question_count":"10","badges":{"speed":"1","accuracy":"1","score_mul_base":"1","score_mul_accuracy":"1","score_mul_speed":"1"}},"status":{"star":1,"difficulty":2,"top_score":0},"planet_top_score":[],"questions":[{"id":"210084","question":"13 + 3","answer":"16","option_type":"ten","option_generate":"2","difficulty":"2"},{"id":"210080","question":"12 + 6","answer":"18","option_type":"ten","option_generate":"2","difficulty":"2"},{"id":"210058","question":"10 + 2","answer":"12","option_type":"ten","option_generate":"2","difficulty":"2"},{"id":"210097","question":"16 + 1","answer":"17","option_type":"ten","option_generate":"2","difficulty":"2"},{"id":"210086","question":"13 + 5","answer":"18","option_type":"ten","option_generate":"2","difficulty":"2"},{"id":"210082","question":"13 + 1","answer":"14","option_type":"ten","option_generate":"2","difficulty":"2"},{"id":"210028","question":"1 + 8","answer":"9","option_type":"ten","option_generate":"2","difficulty":"2"},{"id":"210065","question":"10 + 9","answer":"19","option_type":"ten","option_generate":"2","difficulty":"2"},{"id":"210079","question":"12 + 5","answer":"17","option_type":"ten","option_generate":"2","difficulty":"2"},{"id":"210039","question":"3 + 4","answer":"7","option_type":"ten","option_generate":"2","difficulty":"2"}]}}