{"status":"success","data":{"planet":{"id":"123","name":"Tap Hundreds","description":"Number base ten up to 100","question_count":"10","badges":null},"status":{"star":3,"difficulty":4,"top_score":0},"planet_top_score":[],"questions":[{"id":"223409","question":"93 + 85","answer":"178","option_type":"hundred","option_generate":"2","difficulty":"4"},{"id":"222915","question":"84 + 50","answer":"134","option_type":"hundred","option_generate":"2","difficulty":"4"},{"id":"221564","question":"57 + 76","answer":"133","option_type":"hundred","option_generate":"2","difficulty":"4"},{"id":"222860","question":"82 + 97","answer":"179","option_type":"hundred","option_generate":"2","difficulty":"4"},{"id":"222585","question":"77 + 77","answer":"154","option_type":"hundred","option_generate":"2","difficulty":"4"},{"id":"223012","question":"85 + 96","answer":"181","option_type":"hundred","option_generate":"2","difficulty":"4"},{"id":"222001","question":"66 + 54","answer":"120","option_type":"hundred","option_generate":"2","difficulty":"4"},{"id":"221967","question":"65 + 71","answer":"136","option_type":"hundred","option_generate":"2","difficulty":"4"},{"id":"221444","question":"55 + 58","answer":"113","option_type":"hundred","option_generate":"2","difficulty":"4"},{"id":"222196","question":"69 + 96","answer":"165","option_type":"hundred","option_generate":"2","difficulty":"4"}]}}