{"status":"success","data":{"planet":{"id":"123","name":"Tap Hundreds","description":"Number base ten up to 100","question_count":"10","badges":null},"status":{"star":3,"difficulty":4,"top_score":0},"planet_top_score":[],"questions":[{"id":"223170","question":"89 + 50","answer":"139","option_type":"hundred","option_generate":"2","difficulty":"4"},{"id":"221884","question":"63 + 90","answer":"153","option_type":"hundred","option_generate":"2","difficulty":"4"},{"id":"222795","question":"81 + 83","answer":"164","option_type":"hundred","option_generate":"2","difficulty":"4"},{"id":"221860","question":"63 + 66","answer":"129","option_type":"hundred","option_generate":"2","difficulty":"4"},{"id":"221321","question":"52 + 88","answer":"140","option_type":"hundred","option_generate":"2","difficulty":"4"},{"id":"222984","question":"85 + 68","answer":"153","option_type":"hundred","option_generate":"2","difficulty":"4"},{"id":"222196","question":"69 + 96","answer":"165","option_type":"hundred","option_generate":"2","difficulty":"4"},{"id":"223530","question":"96 + 53","answer":"149","option_type":"hundred","option_generate":"2","difficulty":"4"},{"id":"221953","question":"65 + 57","answer":"122","option_type":"hundred","option_generate":"2","difficulty":"4"},{"id":"222912","question":"83 + 98","answer":"181","option_type":"hundred","option_generate":"2","difficulty":"4"}]}}