{"status":"success","data":{"planet":{"id":"123","name":"Tap Hundreds","description":"Number base ten up to 100","question_count":"10","badges":null},"status":{"star":3,"difficulty":4,"top_score":0},"planet_top_score":[],"questions":[{"id":"223642","question":"98 + 63","answer":"161","option_type":"hundred","option_generate":"2","difficulty":"4"},{"id":"222566","question":"77 + 58","answer":"135","option_type":"hundred","option_generate":"2","difficulty":"4"},{"id":"223620","question":"97 + 92","answer":"189","option_type":"hundred","option_generate":"2","difficulty":"4"},{"id":"222809","question":"81 + 97","answer":"178","option_type":"hundred","option_generate":"2","difficulty":"4"},{"id":"221900","question":"64 + 55","answer":"119","option_type":"hundred","option_generate":"2","difficulty":"4"},{"id":"221736","question":"60 + 95","answer":"155","option_type":"hundred","option_generate":"2","difficulty":"4"},{"id":"222842","question":"82 + 79","answer":"161","option_type":"hundred","option_generate":"2","difficulty":"4"},{"id":"222946","question":"84 + 81","answer":"165","option_type":"hundred","option_generate":"2","difficulty":"4"},{"id":"223656","question":"98 + 77","answer":"175","option_type":"hundred","option_generate":"2","difficulty":"4"},{"id":"223686","question":"99 + 56","answer":"155","option_type":"hundred","option_generate":"2","difficulty":"4"}]}}