{"status":"success","data":{"planet":{"id":"123","name":"Tap Hundreds","description":"Number base ten up to 100","question_count":"10","badges":null},"status":{"star":3,"difficulty":4,"top_score":0},"planet_top_score":[],"questions":[{"id":"223686","question":"99 + 56","answer":"155","option_type":"hundred","option_generate":"2","difficulty":"4"},{"id":"221584","question":"57 + 96","answer":"153","option_type":"hundred","option_generate":"2","difficulty":"4"},{"id":"222059","question":"67 + 61","answer":"128","option_type":"hundred","option_generate":"2","difficulty":"4"},{"id":"222612","question":"78 + 53","answer":"131","option_type":"hundred","option_generate":"2","difficulty":"4"},{"id":"221932","question":"64 + 87","answer":"151","option_type":"hundred","option_generate":"2","difficulty":"4"},{"id":"221462","question":"55 + 76","answer":"131","option_type":"hundred","option_generate":"2","difficulty":"4"},{"id":"223170","question":"89 + 50","answer":"139","option_type":"hundred","option_generate":"2","difficulty":"4"},{"id":"223242","question":"90 + 71","answer":"161","option_type":"hundred","option_generate":"2","difficulty":"4"},{"id":"221645","question":"59 + 55","answer":"114","option_type":"hundred","option_generate":"2","difficulty":"4"},{"id":"223404","question":"93 + 80","answer":"173","option_type":"hundred","option_generate":"2","difficulty":"4"}]}}