{"status":"success","data":{"planet":{"id":"123","name":"Tap Hundreds","description":"Number base ten up to 100","question_count":"10","badges":null},"status":{"star":3,"difficulty":4,"top_score":0},"planet_top_score":[],"questions":[{"id":"221667","question":"59 + 77","answer":"136","option_type":"hundred","option_generate":"2","difficulty":"4"},{"id":"223345","question":"92 + 72","answer":"164","option_type":"hundred","option_generate":"2","difficulty":"4"},{"id":"221444","question":"55 + 58","answer":"113","option_type":"hundred","option_generate":"2","difficulty":"4"},{"id":"223190","question":"89 + 70","answer":"159","option_type":"hundred","option_generate":"2","difficulty":"4"},{"id":"222001","question":"66 + 54","answer":"120","option_type":"hundred","option_generate":"2","difficulty":"4"},{"id":"222483","question":"75 + 77","answer":"152","option_type":"hundred","option_generate":"2","difficulty":"4"},{"id":"222498","question":"75 + 92","answer":"167","option_type":"hundred","option_generate":"2","difficulty":"4"},{"id":"223342","question":"92 + 69","answer":"161","option_type":"hundred","option_generate":"2","difficulty":"4"},{"id":"221331","question":"52 + 98","answer":"150","option_type":"hundred","option_generate":"2","difficulty":"4"},{"id":"221637","question":"58 + 98","answer":"156","option_type":"hundred","option_generate":"2","difficulty":"4"}]}}