{"status":"success","data":{"planet":{"id":"154","name":"Burger Builder","description":"Build to proportion with 3 ingredients","question_count":"10","badges":{"speed":"1","accuracy":"1","score_mul_base":"1","score_mul_accuracy":"1","score_mul_speed":"1"}},"status":{"star":5,"difficulty":5,"top_score":0},"planet_top_score":[],"questions":[{"id":"339052","patty":"5","greens":"9","cheese":"8","preset_patty":"0","preset_greens":"0","preset_cheese":"0","difficulty":"5"},{"id":"339032","patty":"9","greens":"7","cheese":"9","preset_patty":"0","preset_greens":"0","preset_cheese":"0","difficulty":"5"},{"id":"339002","patty":"7","greens":"7","cheese":"9","preset_patty":"0","preset_greens":"0","preset_cheese":"0","difficulty":"5"},{"id":"338990","patty":"8","greens":"6","cheese":"8","preset_patty":"0","preset_greens":"0","preset_cheese":"0","difficulty":"5"},{"id":"338971","patty":"6","greens":"7","cheese":"8","preset_patty":"0","preset_greens":"0","preset_cheese":"0","difficulty":"5"},{"id":"338972","patty":"6","greens":"7","cheese":"9","preset_patty":"0","preset_greens":"0","preset_cheese":"0","difficulty":"5"},{"id":"339044","patty":"9","greens":"5","cheese":"9","preset_patty":"0","preset_greens":"0","preset_cheese":"0","difficulty":"5"},{"id":"339020","patty":"8","greens":"8","cheese":"8","preset_patty":"0","preset_greens":"0","preset_cheese":"0","difficulty":"5"},{"id":"339007","patty":"7","greens":"8","cheese":"5","preset_patty":"0","preset_greens":"0","preset_cheese":"0","difficulty":"5"},{"id":"339009","patty":"7","greens":"9","cheese":"8","preset_patty":"0","preset_greens":"0","preset_cheese":"0","difficulty":"5"}]}}