{"status":"success","data":{"planet":{"id":"154","name":"Burger Builder","description":"Build to proportion with 3 ingredients","question_count":"10","badges":{"speed":"1","accuracy":"1","score_mul_base":"1","score_mul_accuracy":"1","score_mul_speed":"1"}},"status":{"star":5,"difficulty":5,"top_score":0},"planet_top_score":[],"questions":[{"id":"339032","patty":"9","greens":"7","cheese":"9","preset_patty":"0","preset_greens":"0","preset_cheese":"0","difficulty":"5"},{"id":"338991","patty":"8","greens":"6","cheese":"9","preset_patty":"0","preset_greens":"0","preset_cheese":"0","difficulty":"5"},{"id":"338995","patty":"9","greens":"6","cheese":"9","preset_patty":"0","preset_greens":"0","preset_cheese":"0","difficulty":"5"},{"id":"339049","patty":"5","greens":"8","cheese":"8","preset_patty":"0","preset_greens":"0","preset_cheese":"0","difficulty":"5"},{"id":"338977","patty":"6","greens":"8","cheese":"5","preset_patty":"0","preset_greens":"0","preset_cheese":"0","difficulty":"5"},{"id":"338970","patty":"6","greens":"7","cheese":"7","preset_patty":"0","preset_greens":"0","preset_cheese":"0","difficulty":"5"},{"id":"339016","patty":"8","greens":"7","cheese":"8","preset_patty":"0","preset_greens":"0","preset_cheese":"0","difficulty":"5"},{"id":"338975","patty":"6","greens":"8","cheese":"8","preset_patty":"0","preset_greens":"0","preset_cheese":"0","difficulty":"5"},{"id":"338994","patty":"9","greens":"6","cheese":"8","preset_patty":"0","preset_greens":"0","preset_cheese":"0","difficulty":"5"},{"id":"339038","patty":"9","greens":"9","cheese":"7","preset_patty":"0","preset_greens":"0","preset_cheese":"0","difficulty":"5"}]}}