{"status":"success","data":{"planet":{"id":"140","name":"Gears! Fractions \u00b1","description":"Comparing fractions with addition and subtraction","question_count":"10","badges":{"speed":"1","accuracy":"1","score_mul_base":"1","score_mul_accuracy":"1","score_mul_speed":"1"}},"status":{"star":2,"difficulty":3,"top_score":0},"planet_top_score":[],"questions":[{"id":"369368","difficulty":"3","questions":{"left_question_1":"1\/17","left_question_2":"+","left_question_3":"1\/14","right_question_1":"4\/18","right_question_2":"","right_question_3":""},"answers":{"answer":"<"}},{"id":"369361","difficulty":"3","questions":{"left_question_1":"2\/13","left_question_2":"+","left_question_3":"2\/14","right_question_1":"8\/20","right_question_2":"","right_question_3":""},"answers":{"answer":"<"}},{"id":"369369","difficulty":"3","questions":{"left_question_1":"2\/19","left_question_2":"+","left_question_3":"3\/12","right_question_1":"1\/16","right_question_2":"","right_question_3":""},"answers":{"answer":">"}},{"id":"369356","difficulty":"3","questions":{"left_question_1":"8\/17","left_question_2":"+","left_question_3":"6\/20","right_question_1":"6\/10","right_question_2":"","right_question_3":""},"answers":{"answer":">"}},{"id":"369353","difficulty":"3","questions":{"left_question_1":"7\/18","left_question_2":"+","left_question_3":"4\/20","right_question_1":"5\/16","right_question_2":"","right_question_3":""},"answers":{"answer":">"}},{"id":"369374","difficulty":"3","questions":{"left_question_1":"8\/17","left_question_2":"+","left_question_3":"8\/18","right_question_1":"2\/10","right_question_2":"","right_question_3":""},"answers":{"answer":">"}},{"id":"369398","difficulty":"3","questions":{"left_question_1":"5\/17","left_question_2":"+","left_question_3":"7\/10","right_question_1":"1\/18","right_question_2":"","right_question_3":""},"answers":{"answer":">"}},{"id":"369396","difficulty":"3","questions":{"left_question_1":"8\/12","left_question_2":"+","left_question_3":"1\/16","right_question_1":"8\/17","right_question_2":"","right_question_3":""},"answers":{"answer":">"}},{"id":"369375","difficulty":"3","questions":{"left_question_1":"6\/17","left_question_2":"+","left_question_3":"5\/19","right_question_1":"7\/14","right_question_2":"","right_question_3":""},"answers":{"answer":">"}},{"id":"369391","difficulty":"3","questions":{"left_question_1":"5\/11","left_question_2":"+","left_question_3":"3\/20","right_question_1":"1\/12","right_question_2":"","right_question_3":""},"answers":{"answer":">"}}]}}