{"status":"success","data":{"planet":{"id":"140","name":"Gears! Fractions \u00b1","description":"Comparing fractions with addition and subtraction","question_count":"10","badges":{"speed":"1","accuracy":"1","score_mul_base":"1","score_mul_accuracy":"1","score_mul_speed":"1"}},"status":{"star":2,"difficulty":3,"top_score":0},"planet_top_score":[],"questions":[{"id":"369371","difficulty":"3","questions":{"left_question_1":"2\/19","left_question_2":"+","left_question_3":"2\/13","right_question_1":"3\/17","right_question_2":"","right_question_3":""},"answers":{"answer":">"}},{"id":"369396","difficulty":"3","questions":{"left_question_1":"8\/12","left_question_2":"+","left_question_3":"1\/16","right_question_1":"8\/17","right_question_2":"","right_question_3":""},"answers":{"answer":">"}},{"id":"369364","difficulty":"3","questions":{"left_question_1":"6\/13","left_question_2":"+","left_question_3":"4\/20","right_question_1":"7\/10","right_question_2":"","right_question_3":""},"answers":{"answer":"<"}},{"id":"369390","difficulty":"3","questions":{"left_question_1":"4\/13","left_question_2":"+","left_question_3":"6\/14","right_question_1":"3\/11","right_question_2":"","right_question_3":""},"answers":{"answer":">"}},{"id":"369373","difficulty":"3","questions":{"left_question_1":"4\/19","left_question_2":"+","left_question_3":"3\/13","right_question_1":"7\/17","right_question_2":"","right_question_3":""},"answers":{"answer":">"}},{"id":"369352","difficulty":"3","questions":{"left_question_1":"7\/13","left_question_2":"+","left_question_3":"5\/11","right_question_1":"2\/18","right_question_2":"","right_question_3":""},"answers":{"answer":">"}},{"id":"369399","difficulty":"3","questions":{"left_question_1":"8\/14","left_question_2":"+","left_question_3":"1\/13","right_question_1":"6\/16","right_question_2":"","right_question_3":""},"answers":{"answer":">"}},{"id":"369395","difficulty":"3","questions":{"left_question_1":"1\/17","left_question_2":"+","left_question_3":"4\/16","right_question_1":"7\/15","right_question_2":"","right_question_3":""},"answers":{"answer":"<"}},{"id":"369387","difficulty":"3","questions":{"left_question_1":"5\/17","left_question_2":"+","left_question_3":"3\/20","right_question_1":"1\/13","right_question_2":"","right_question_3":""},"answers":{"answer":">"}},{"id":"369362","difficulty":"3","questions":{"left_question_1":"4\/13","left_question_2":"+","left_question_3":"3\/17","right_question_1":"8\/14","right_question_2":"","right_question_3":""},"answers":{"answer":"<"}}]}}