{"status":"success","data":{"planet":{"id":"140","name":"Gears! Fractions \u00b1","description":"Comparing fractions with addition and subtraction","question_count":"10","badges":{"speed":"1","accuracy":"1","score_mul_base":"1","score_mul_accuracy":"1","score_mul_speed":"1"}},"status":{"star":2,"difficulty":3,"top_score":0},"planet_top_score":[],"questions":[{"id":"369399","difficulty":"3","questions":{"left_question_1":"8\/14","left_question_2":"+","left_question_3":"1\/13","right_question_1":"6\/16","right_question_2":"","right_question_3":""},"answers":{"answer":">"}},{"id":"369388","difficulty":"3","questions":{"left_question_1":"4\/10","left_question_2":"+","left_question_3":"4\/17","right_question_1":"4\/20","right_question_2":"","right_question_3":""},"answers":{"answer":">"}},{"id":"369395","difficulty":"3","questions":{"left_question_1":"1\/17","left_question_2":"+","left_question_3":"4\/16","right_question_1":"7\/15","right_question_2":"","right_question_3":""},"answers":{"answer":"<"}},{"id":"369365","difficulty":"3","questions":{"left_question_1":"4\/14","left_question_2":"+","left_question_3":"5\/17","right_question_1":"7\/16","right_question_2":"","right_question_3":""},"answers":{"answer":">"}},{"id":"369354","difficulty":"3","questions":{"left_question_1":"8\/11","left_question_2":"+","left_question_3":"2\/14","right_question_1":"4\/15","right_question_2":"","right_question_3":""},"answers":{"answer":">"}},{"id":"369383","difficulty":"3","questions":{"left_question_1":"1\/17","left_question_2":"+","left_question_3":"1\/19","right_question_1":"7\/10","right_question_2":"","right_question_3":""},"answers":{"answer":"<"}},{"id":"369353","difficulty":"3","questions":{"left_question_1":"7\/18","left_question_2":"+","left_question_3":"4\/20","right_question_1":"5\/16","right_question_2":"","right_question_3":""},"answers":{"answer":">"}},{"id":"369372","difficulty":"3","questions":{"left_question_1":"5\/16","left_question_2":"+","left_question_3":"7\/11","right_question_1":"4\/10","right_question_2":"","right_question_3":""},"answers":{"answer":">"}},{"id":"369366","difficulty":"3","questions":{"left_question_1":"3\/13","left_question_2":"+","left_question_3":"8\/12","right_question_1":"2\/19","right_question_2":"","right_question_3":""},"answers":{"answer":">"}},{"id":"369358","difficulty":"3","questions":{"left_question_1":"3\/10","left_question_2":"+","left_question_3":"1\/17","right_question_1":"1\/12","right_question_2":"","right_question_3":""},"answers":{"answer":">"}}]}}