{"status":"success","data":{"planet":{"id":"140","name":"Gears! Fractions \u00b1","description":"Comparing fractions with addition and subtraction","question_count":"10","badges":{"speed":"1","accuracy":"1","score_mul_base":"1","score_mul_accuracy":"1","score_mul_speed":"1"}},"status":{"star":2,"difficulty":3,"top_score":0},"planet_top_score":[],"questions":[{"id":"369375","difficulty":"3","questions":{"left_question_1":"6\/17","left_question_2":"+","left_question_3":"5\/19","right_question_1":"7\/14","right_question_2":"","right_question_3":""},"answers":{"answer":">"}},{"id":"369367","difficulty":"3","questions":{"left_question_1":"4\/11","left_question_2":"+","left_question_3":"3\/18","right_question_1":"5\/14","right_question_2":"","right_question_3":""},"answers":{"answer":">"}},{"id":"369363","difficulty":"3","questions":{"left_question_1":"1\/13","left_question_2":"+","left_question_3":"5\/12","right_question_1":"7\/16","right_question_2":"","right_question_3":""},"answers":{"answer":">"}},{"id":"369361","difficulty":"3","questions":{"left_question_1":"2\/13","left_question_2":"+","left_question_3":"2\/14","right_question_1":"8\/20","right_question_2":"","right_question_3":""},"answers":{"answer":"<"}},{"id":"369382","difficulty":"3","questions":{"left_question_1":"4\/12","left_question_2":"+","left_question_3":"4\/16","right_question_1":"7\/13","right_question_2":"","right_question_3":""},"answers":{"answer":">"}},{"id":"369393","difficulty":"3","questions":{"left_question_1":"4\/16","left_question_2":"+","left_question_3":"8\/20","right_question_1":"8\/11","right_question_2":"","right_question_3":""},"answers":{"answer":"<"}},{"id":"369385","difficulty":"3","questions":{"left_question_1":"8\/18","left_question_2":"+","left_question_3":"2\/15","right_question_1":"6\/10","right_question_2":"","right_question_3":""},"answers":{"answer":"<"}},{"id":"369383","difficulty":"3","questions":{"left_question_1":"1\/17","left_question_2":"+","left_question_3":"1\/19","right_question_1":"7\/10","right_question_2":"","right_question_3":""},"answers":{"answer":"<"}},{"id":"369359","difficulty":"3","questions":{"left_question_1":"8\/11","left_question_2":"+","left_question_3":"1\/15","right_question_1":"1\/20","right_question_2":"","right_question_3":""},"answers":{"answer":">"}},{"id":"369378","difficulty":"3","questions":{"left_question_1":"3\/11","left_question_2":"+","left_question_3":"4\/15","right_question_1":"6\/13","right_question_2":"","right_question_3":""},"answers":{"answer":">"}}]}}