{"status":"success","data":{"planet":{"id":"106","name":"Space Shuttle 2","description":"Making the number up to 20","question_count":"10","badges":null},"status":{"star":5,"difficulty":5,"top_score":0},"planet_top_score":[],"questions":[{"id":"209151","question":"18","answer_option_1":"3","answer_option_2":"4","answer_option_3":"5","answer_option_4":"6","answer_option_5":"7","answer_option_6":"8","fixed_num":"1","difficulty":"5"},{"id":"209157","question":"19","answer_option_1":"3","answer_option_2":"4","answer_option_3":"5","answer_option_4":"6","answer_option_5":"7","answer_option_6":"8","fixed_num":"2","difficulty":"5"},{"id":"209161","question":"20","answer_option_1":"4","answer_option_2":"5","answer_option_3":"6","answer_option_4":"7","answer_option_5":"8","answer_option_6":"9","fixed_num":"1","difficulty":"5"},{"id":"209165","question":"20","answer_option_1":"2","answer_option_2":"3","answer_option_3":"4","answer_option_4":"5","answer_option_5":"6","answer_option_6":"7","fixed_num":"5","difficulty":"5"},{"id":"209154","question":"18","answer_option_1":"2","answer_option_2":"3","answer_option_3":"4","answer_option_4":"5","answer_option_5":"6","answer_option_6":"7","fixed_num":"4","difficulty":"5"},{"id":"209148","question":"17","answer_option_1":"2","answer_option_2":"3","answer_option_3":"4","answer_option_4":"5","answer_option_5":"6","answer_option_6":"7","fixed_num":"3","difficulty":"5"},{"id":"209142","question":"16","answer_option_1":"2","answer_option_2":"3","answer_option_3":"4","answer_option_4":"5","answer_option_5":"6","answer_option_6":"7","fixed_num":"2","difficulty":"5"},{"id":"209162","question":"20","answer_option_1":"3","answer_option_2":"4","answer_option_3":"5","answer_option_4":"6","answer_option_5":"7","answer_option_6":"8","fixed_num":"2","difficulty":"5"},{"id":"209152","question":"18","answer_option_1":"2","answer_option_2":"3","answer_option_3":"4","answer_option_4":"5","answer_option_5":"6","answer_option_6":"7","fixed_num":"2","difficulty":"5"},{"id":"209143","question":"16","answer_option_1":"1","answer_option_2":"2","answer_option_3":"3","answer_option_4":"4","answer_option_5":"5","answer_option_6":"6","fixed_num":"3","difficulty":"5"}]}}