{"status":"success","data":{"planet":{"id":"134","name":"Gears! Fractions +","description":"Comparing fractions with addition","question_count":"10","badges":{"speed":"1","accuracy":"1","score_mul_base":"1","score_mul_accuracy":"1","score_mul_speed":"1"}},"status":{"star":5,"difficulty":5,"top_score":0},"planet_top_score":[],"questions":[{"id":"368564","difficulty":"5","questions":{"left_question_1":"12\/24","left_question_2":"+","left_question_3":"10\/24","right_question_1":"11\/12","right_question_2":"","right_question_3":""},"answers":{"answer":"="}},{"id":"368548","difficulty":"4","questions":{"left_question_1":"10\/24","left_question_2":"+","left_question_3":"10\/24","right_question_1":"10\/12","right_question_2":"","right_question_3":""},"answers":{"answer":"="}},{"id":"368561","difficulty":"5","questions":{"left_question_1":"11\/24","left_question_2":"+","left_question_3":"12\/24","right_question_1":"11\/12","right_question_2":"","right_question_3":""},"answers":{"answer":">"}},{"id":"368563","difficulty":"5","questions":{"left_question_1":"12\/24","left_question_2":"+","left_question_3":"11\/24","right_question_1":"10\/12","right_question_2":"","right_question_3":""},"answers":{"answer":">"}},{"id":"368560","difficulty":"5","questions":{"left_question_1":"11\/24","left_question_2":"+","left_question_3":"11\/24","right_question_1":"11\/12","right_question_2":"","right_question_3":""},"answers":{"answer":"="}},{"id":"368565","difficulty":"5","questions":{"left_question_1":"12\/24","left_question_2":"+","left_question_3":"11\/24","right_question_1":"11\/12","right_question_2":"","right_question_3":""},"answers":{"answer":">"}},{"id":"368556","difficulty":"5","questions":{"left_question_1":"11\/24","left_question_2":"+","left_question_3":"10\/24","right_question_1":"10\/12","right_question_2":"","right_question_3":""},"answers":{"answer":">"}},{"id":"368554","difficulty":"5","questions":{"left_question_1":"10\/24","left_question_2":"+","left_question_3":"12\/24","right_question_1":"11\/12","right_question_2":"","right_question_3":""},"answers":{"answer":"="}},{"id":"368566","difficulty":"5","questions":{"left_question_1":"13\/24","left_question_2":"+","left_question_3":"10\/24","right_question_1":"10\/12","right_question_2":"","right_question_3":""},"answers":{"answer":">"}},{"id":"368567","difficulty":"5","questions":{"left_question_1":"13\/24","left_question_2":"+","left_question_3":"10\/24","right_question_1":"11\/12","right_question_2":"","right_question_3":""},"answers":{"answer":">"}}]}}