{"status":"success","data":{"planet":{"id":"505","name":"Speed Taxi: K","description":"Identify numbers quickly!","question_count":"10","badges":{"speed":"1","accuracy":"1","score_mul_base":"1","score_mul_accuracy":"1","score_mul_speed":"1"}},"status":{"star":3,"difficulty":4,"top_score":0},"planet_top_score":[],"questions":[{"id":"333464","question":"16","answer_option_1":"16","answer_option_2":"20","answer_option_3":"16","answer_option_4":"19","answer_option_5":"19","answer_option_6":"","fixed_num":"0","difficulty":"4"},{"id":"333466","question":"17","answer_option_1":"17","answer_option_2":"18","answer_option_3":"16","answer_option_4":"17","answer_option_5":"18","answer_option_6":"","fixed_num":"0","difficulty":"4"},{"id":"333471","question":"18","answer_option_1":"18","answer_option_2":"19","answer_option_3":"19","answer_option_4":"16","answer_option_5":"19","answer_option_6":"","fixed_num":"0","difficulty":"4"},{"id":"333463","question":"16","answer_option_1":"16","answer_option_2":"19","answer_option_3":"16","answer_option_4":"19","answer_option_5":"18","answer_option_6":"","fixed_num":"0","difficulty":"4"},{"id":"333469","question":"18","answer_option_1":"18","answer_option_2":"16","answer_option_3":"16","answer_option_4":"19","answer_option_5":"16","answer_option_6":"","fixed_num":"0","difficulty":"4"},{"id":"333473","question":"19","answer_option_1":"19","answer_option_2":"16","answer_option_3":"19","answer_option_4":"20","answer_option_5":"20","answer_option_6":"","fixed_num":"0","difficulty":"4"},{"id":"333479","question":"20","answer_option_1":"20","answer_option_2":"18","answer_option_3":"16","answer_option_4":"16","answer_option_5":"17","answer_option_6":"","fixed_num":"0","difficulty":"4"},{"id":"333476","question":"19","answer_option_1":"19","answer_option_2":"20","answer_option_3":"16","answer_option_4":"17","answer_option_5":"18","answer_option_6":"","fixed_num":"0","difficulty":"4"},{"id":"333478","question":"20","answer_option_1":"20","answer_option_2":"17","answer_option_3":"19","answer_option_4":"20","answer_option_5":"18","answer_option_6":"","fixed_num":"0","difficulty":"4"},{"id":"333470","question":"18","answer_option_1":"18","answer_option_2":"17","answer_option_3":"19","answer_option_4":"20","answer_option_5":"20","answer_option_6":"","fixed_num":"0","difficulty":"4"}]}}