{"status":"success","data":{"planet":{"id":"130","name":"Super Fast Builder","description":"How fast can you make 9999?","question_count":"10","badges":{"speed":"1","accuracy":"1","score_mul_base":"1","score_mul_accuracy":"1","score_mul_speed":"1"}},"status":{"star":0,"difficulty":1,"top_score":0},"planet_top_score":[],"questions":[{"id":"365268","question":"1500","answer_option_1":"650","answer_option_2":"850","answer_option_3":"630","answer_option_4":"","answer_option_5":"","answer_option_6":"","fixed_num":"0","difficulty":"1"},{"id":"365252","question":"1000","answer_option_1":"420","answer_option_2":"580","answer_option_3":"690","answer_option_4":"","answer_option_5":"","answer_option_6":"","fixed_num":"0","difficulty":"1"},{"id":"365282","question":"2500","answer_option_1":"920","answer_option_2":"1580","answer_option_3":"590","answer_option_4":"","answer_option_5":"","answer_option_6":"","fixed_num":"0","difficulty":"1"},{"id":"365254","question":"1000","answer_option_1":"440","answer_option_2":"560","answer_option_3":"890","answer_option_4":"","answer_option_5":"","answer_option_6":"","fixed_num":"0","difficulty":"1"},{"id":"365273","question":"2000","answer_option_1":"930","answer_option_2":"1070","answer_option_3":"970","answer_option_4":"","answer_option_5":"","answer_option_6":"","fixed_num":"0","difficulty":"1"},{"id":"365272","question":"2000","answer_option_1":"920","answer_option_2":"1080","answer_option_3":"520","answer_option_4":"","answer_option_5":"","answer_option_6":"","fixed_num":"0","difficulty":"1"},{"id":"365255","question":"1000","answer_option_1":"460","answer_option_2":"540","answer_option_3":"740","answer_option_4":"","answer_option_5":"","answer_option_6":"","fixed_num":"0","difficulty":"1"},{"id":"365270","question":"1500","answer_option_1":"990","answer_option_2":"510","answer_option_3":"950","answer_option_4":"","answer_option_5":"","answer_option_6":"","fixed_num":"0","difficulty":"1"},{"id":"365291","question":"2500","answer_option_1":"1100","answer_option_2":"1400","answer_option_3":"920","answer_option_4":"","answer_option_5":"","answer_option_6":"","fixed_num":"0","difficulty":"1"},{"id":"365280","question":"2000","answer_option_1":"1000","answer_option_2":"1000","answer_option_3":"960","answer_option_4":"","answer_option_5":"","answer_option_6":"","fixed_num":"0","difficulty":"1"}]}}