{"status":"success","data":{"planet":{"id":"130","name":"Super Fast Builder","description":"How fast can you make 9999?","question_count":"10","badges":{"speed":"1","accuracy":"1","score_mul_base":"1","score_mul_accuracy":"1","score_mul_speed":"1"}},"status":{"star":0,"difficulty":1,"top_score":0},"planet_top_score":[],"questions":[{"id":"365265","question":"1500","answer_option_1":"880","answer_option_2":"620","answer_option_3":"760","answer_option_4":"","answer_option_5":"","answer_option_6":"","fixed_num":"0","difficulty":"1"},{"id":"365258","question":"1000","answer_option_1":"480","answer_option_2":"520","answer_option_3":"940","answer_option_4":"","answer_option_5":"","answer_option_6":"","fixed_num":"0","difficulty":"1"},{"id":"365270","question":"1500","answer_option_1":"990","answer_option_2":"510","answer_option_3":"950","answer_option_4":"","answer_option_5":"","answer_option_6":"","fixed_num":"0","difficulty":"1"},{"id":"365251","question":"1000","answer_option_1":"420","answer_option_2":"580","answer_option_3":"970","answer_option_4":"","answer_option_5":"","answer_option_6":"","fixed_num":"0","difficulty":"1"},{"id":"365279","question":"2000","answer_option_1":"990","answer_option_2":"1010","answer_option_3":"900","answer_option_4":"","answer_option_5":"","answer_option_6":"","fixed_num":"0","difficulty":"1"},{"id":"365260","question":"1000","answer_option_1":"500","answer_option_2":"500","answer_option_3":"980","answer_option_4":"","answer_option_5":"","answer_option_6":"","fixed_num":"0","difficulty":"1"},{"id":"365297","question":"2500","answer_option_1":"1220","answer_option_2":"1280","answer_option_3":"720","answer_option_4":"","answer_option_5":"","answer_option_6":"","fixed_num":"0","difficulty":"1"},{"id":"365292","question":"2500","answer_option_1":"1120","answer_option_2":"1380","answer_option_3":"830","answer_option_4":"","answer_option_5":"","answer_option_6":"","fixed_num":"0","difficulty":"1"},{"id":"365286","question":"2500","answer_option_1":"1000","answer_option_2":"1500","answer_option_3":"770","answer_option_4":"","answer_option_5":"","answer_option_6":"","fixed_num":"0","difficulty":"1"},{"id":"365276","question":"2000","answer_option_1":"960","answer_option_2":"1040","answer_option_3":"520","answer_option_4":"","answer_option_5":"","answer_option_6":"","fixed_num":"0","difficulty":"1"}]}}