{"status":"success","data":{"planet":{"id":"130","name":"Super Fast Builder","description":"How fast can you make 9999?","question_count":"10","badges":{"speed":"1","accuracy":"1","score_mul_base":"1","score_mul_accuracy":"1","score_mul_speed":"1"}},"status":{"star":0,"difficulty":1,"top_score":0},"planet_top_score":[],"questions":[{"id":"365275","question":"2000","answer_option_1":"950","answer_option_2":"1050","answer_option_3":"950","answer_option_4":"","answer_option_5":"","answer_option_6":"","fixed_num":"0","difficulty":"1"},{"id":"365297","question":"2500","answer_option_1":"1220","answer_option_2":"1280","answer_option_3":"720","answer_option_4":"","answer_option_5":"","answer_option_6":"","fixed_num":"0","difficulty":"1"},{"id":"365258","question":"1000","answer_option_1":"480","answer_option_2":"520","answer_option_3":"940","answer_option_4":"","answer_option_5":"","answer_option_6":"","fixed_num":"0","difficulty":"1"},{"id":"365255","question":"1000","answer_option_1":"460","answer_option_2":"540","answer_option_3":"740","answer_option_4":"","answer_option_5":"","answer_option_6":"","fixed_num":"0","difficulty":"1"},{"id":"365300","question":"2500","answer_option_1":"1280","answer_option_2":"1220","answer_option_3":"900","answer_option_4":"","answer_option_5":"","answer_option_6":"","fixed_num":"0","difficulty":"1"},{"id":"365299","question":"2500","answer_option_1":"1260","answer_option_2":"1240","answer_option_3":"970","answer_option_4":"","answer_option_5":"","answer_option_6":"","fixed_num":"0","difficulty":"1"},{"id":"365298","question":"2500","answer_option_1":"1240","answer_option_2":"1260","answer_option_3":"680","answer_option_4":"","answer_option_5":"","answer_option_6":"","fixed_num":"0","difficulty":"1"},{"id":"365253","question":"1000","answer_option_1":"440","answer_option_2":"560","answer_option_3":"550","answer_option_4":"","answer_option_5":"","answer_option_6":"","fixed_num":"0","difficulty":"1"},{"id":"365251","question":"1000","answer_option_1":"420","answer_option_2":"580","answer_option_3":"970","answer_option_4":"","answer_option_5":"","answer_option_6":"","fixed_num":"0","difficulty":"1"},{"id":"365287","question":"2500","answer_option_1":"1020","answer_option_2":"1480","answer_option_3":"820","answer_option_4":"","answer_option_5":"","answer_option_6":"","fixed_num":"0","difficulty":"1"}]}}