{"status":"success","data":{"planet":{"id":"130","name":"Super Fast Builder","description":"How fast can you make 9999?","question_count":"10","badges":{"speed":"1","accuracy":"1","score_mul_base":"1","score_mul_accuracy":"1","score_mul_speed":"1"}},"status":{"star":0,"difficulty":1,"top_score":0},"planet_top_score":[],"questions":[{"id":"365273","question":"2000","answer_option_1":"930","answer_option_2":"1070","answer_option_3":"970","answer_option_4":"","answer_option_5":"","answer_option_6":"","fixed_num":"0","difficulty":"1"},{"id":"365298","question":"2500","answer_option_1":"1240","answer_option_2":"1260","answer_option_3":"680","answer_option_4":"","answer_option_5":"","answer_option_6":"","fixed_num":"0","difficulty":"1"},{"id":"365285","question":"2500","answer_option_1":"980","answer_option_2":"1520","answer_option_3":"940","answer_option_4":"","answer_option_5":"","answer_option_6":"","fixed_num":"0","difficulty":"1"},{"id":"365297","question":"2500","answer_option_1":"1220","answer_option_2":"1280","answer_option_3":"720","answer_option_4":"","answer_option_5":"","answer_option_6":"","fixed_num":"0","difficulty":"1"},{"id":"365295","question":"2500","answer_option_1":"1180","answer_option_2":"1320","answer_option_3":"990","answer_option_4":"","answer_option_5":"","answer_option_6":"","fixed_num":"0","difficulty":"1"},{"id":"365257","question":"1000","answer_option_1":"480","answer_option_2":"520","answer_option_3":"870","answer_option_4":"","answer_option_5":"","answer_option_6":"","fixed_num":"0","difficulty":"1"},{"id":"365262","question":"1500","answer_option_1":"680","answer_option_2":"820","answer_option_3":"770","answer_option_4":"","answer_option_5":"","answer_option_6":"","fixed_num":"0","difficulty":"1"},{"id":"365291","question":"2500","answer_option_1":"1100","answer_option_2":"1400","answer_option_3":"920","answer_option_4":"","answer_option_5":"","answer_option_6":"","fixed_num":"0","difficulty":"1"},{"id":"365256","question":"1000","answer_option_1":"460","answer_option_2":"540","answer_option_3":"580","answer_option_4":"","answer_option_5":"","answer_option_6":"","fixed_num":"0","difficulty":"1"},{"id":"365269","question":"1500","answer_option_1":"780","answer_option_2":"720","answer_option_3":"1000","answer_option_4":"","answer_option_5":"","answer_option_6":"","fixed_num":"0","difficulty":"1"}]}}