{"status":"success","data":{"planet":{"id":"130","name":"Super Fast Builder","description":"How fast can you make 9999?","question_count":"10","badges":{"speed":"1","accuracy":"1","score_mul_base":"1","score_mul_accuracy":"1","score_mul_speed":"1"}},"status":{"star":0,"difficulty":1,"top_score":0},"planet_top_score":[],"questions":[{"id":"365288","question":"2500","answer_option_1":"1040","answer_option_2":"1460","answer_option_3":"870","answer_option_4":"","answer_option_5":"","answer_option_6":"","fixed_num":"0","difficulty":"1"},{"id":"365262","question":"1500","answer_option_1":"680","answer_option_2":"820","answer_option_3":"770","answer_option_4":"","answer_option_5":"","answer_option_6":"","fixed_num":"0","difficulty":"1"},{"id":"365264","question":"1500","answer_option_1":"780","answer_option_2":"720","answer_option_3":"720","answer_option_4":"","answer_option_5":"","answer_option_6":"","fixed_num":"0","difficulty":"1"},{"id":"365291","question":"2500","answer_option_1":"1100","answer_option_2":"1400","answer_option_3":"920","answer_option_4":"","answer_option_5":"","answer_option_6":"","fixed_num":"0","difficulty":"1"},{"id":"365281","question":"2500","answer_option_1":"900","answer_option_2":"1600","answer_option_3":"730","answer_option_4":"","answer_option_5":"","answer_option_6":"","fixed_num":"0","difficulty":"1"},{"id":"365261","question":"1500","answer_option_1":"580","answer_option_2":"920","answer_option_3":"760","answer_option_4":"","answer_option_5":"","answer_option_6":"","fixed_num":"0","difficulty":"1"},{"id":"365256","question":"1000","answer_option_1":"460","answer_option_2":"540","answer_option_3":"580","answer_option_4":"","answer_option_5":"","answer_option_6":"","fixed_num":"0","difficulty":"1"},{"id":"365255","question":"1000","answer_option_1":"460","answer_option_2":"540","answer_option_3":"740","answer_option_4":"","answer_option_5":"","answer_option_6":"","fixed_num":"0","difficulty":"1"},{"id":"365295","question":"2500","answer_option_1":"1180","answer_option_2":"1320","answer_option_3":"990","answer_option_4":"","answer_option_5":"","answer_option_6":"","fixed_num":"0","difficulty":"1"},{"id":"365283","question":"2500","answer_option_1":"940","answer_option_2":"1560","answer_option_3":"710","answer_option_4":"","answer_option_5":"","answer_option_6":"","fixed_num":"0","difficulty":"1"}]}}