{"status":"success","data":{"planet":{"id":114,"name":"More or Less? (Gears)","description":"What do the signs mean? (>=< 40)","question_count":10,"badges":{"speed":"1","accuracy":"1","score_mul_base":"1","score_mul_accuracy":"1","score_mul_speed":"1"}},"status":{"star":5,"difficulty":5,"top_score":0},"planet_top_score":[],"questions":[{"id":78688,"difficulty":5,"questions":{"left_question_1":"39","left_question_2":"-","left_question_3":"14","right_question_1":"17","right_question_2":"+","right_question_3":"12"},"answers":{"answer":"<"},"subject":[{"subject_code":"0","name":null,"description":null}]},{"id":61124,"difficulty":5,"questions":{"left_question_1":"29","left_question_2":"-","left_question_3":"25","right_question_1":"31","right_question_2":"-","right_question_3":"24"},"answers":{"answer":"<"},"subject":[{"subject_code":"0","name":null,"description":null}]},{"id":32630,"difficulty":5,"questions":{"left_question_1":"40","left_question_2":"-","left_question_3":"29","right_question_1":"31","right_question_2":"-","right_question_3":"30"},"answers":{"answer":">"},"subject":[{"subject_code":"0","name":null,"description":null}]},{"id":62795,"difficulty":5,"questions":{"left_question_1":"28","left_question_2":"-","left_question_3":"26","right_question_1":"34","right_question_2":"-","right_question_3":"21"},"answers":{"answer":"<"},"subject":[{"subject_code":"0","name":null,"description":null}]},{"id":52036,"difficulty":5,"questions":{"left_question_1":"34","left_question_2":"-","left_question_3":"32","right_question_1":"27","right_question_2":"-","right_question_3":"22"},"answers":{"answer":"<"},"subject":[{"subject_code":"0","name":null,"description":null}]},{"id":33303,"difficulty":5,"questions":{"left_question_1":"40","left_question_2":"-","left_question_3":"33","right_question_1":"37","right_question_2":"-","right_question_3":"24"},"answers":{"answer":"<"},"subject":[{"subject_code":"0","name":null,"description":null}]},{"id":46070,"difficulty":5,"questions":{"left_question_1":"36","left_question_2":"-","left_question_3":"30","right_question_1":"35","right_question_2":"-","right_question_3":"30"},"answers":{"answer":">"},"subject":[{"subject_code":"0","name":null,"description":null}]},{"id":80579,"difficulty":5,"questions":{"left_question_1":"39","left_question_2":"-","left_question_3":"5","right_question_1":"18","right_question_2":"+","right_question_3":"12"},"answers":{"answer":">"},"subject":[{"subject_code":"0","name":null,"description":null}]},{"id":39926,"difficulty":5,"questions":{"left_question_1":"38","left_question_2":"-","left_question_3":"31","right_question_1":"39","right_question_2":"-","right_question_3":"32"},"answers":{"answer":"="},"subject":[{"subject_code":"0","name":null,"description":null}]},{"id":42405,"difficulty":5,"questions":{"left_question_1":"37","left_question_2":"-","left_question_3":"27","right_question_1":"38","right_question_2":"-","right_question_3":"23"},"answers":{"answer":"<"},"subject":[{"subject_code":"0","name":null,"description":null}]}]}}