{"status":"success","data":{"planet":{"id":114,"name":"More or Less? (Gears)","description":"What do the signs mean? (>=< 40)","question_count":10,"badges":{"speed":"1","accuracy":"1","score_mul_base":"1","score_mul_accuracy":"1","score_mul_speed":"1"}},"status":{"star":5,"difficulty":5,"top_score":0},"planet_top_score":[],"questions":[{"id":30028,"difficulty":5,"questions":{"left_question_1":"20","left_question_2":"+","left_question_3":"11","right_question_1":"17","right_question_2":"+","right_question_3":"13"},"answers":{"answer":">"},"subject":[{"subject_code":"0","name":null,"description":null}]},{"id":74075,"difficulty":5,"questions":{"left_question_1":"32","left_question_2":"-","left_question_3":"18","right_question_1":"14","right_question_2":"+","right_question_3":"17"},"answers":{"answer":"<"},"subject":[{"subject_code":"0","name":null,"description":null}]},{"id":79086,"difficulty":5,"questions":{"left_question_1":"38","left_question_2":"-","left_question_3":"13","right_question_1":"17","right_question_2":"+","right_question_3":"14"},"answers":{"answer":"<"},"subject":[{"subject_code":"0","name":null,"description":null}]},{"id":21771,"difficulty":5,"questions":{"left_question_1":"11","left_question_2":"+","left_question_3":"19","right_question_1":"11","right_question_2":"+","right_question_3":"16"},"answers":{"answer":">"},"subject":[{"subject_code":"0","name":null,"description":null}]},{"id":78136,"difficulty":5,"questions":{"left_question_1":"38","left_question_2":"-","left_question_3":"13","right_question_1":"16","right_question_2":"+","right_question_3":"19"},"answers":{"answer":"<"},"subject":[{"subject_code":"0","name":null,"description":null}]},{"id":23260,"difficulty":5,"questions":{"left_question_1":"13","left_question_2":"+","left_question_3":"13","right_question_1":"20","right_question_2":"+","right_question_3":"15"},"answers":{"answer":"<"},"subject":[{"subject_code":"0","name":null,"description":null}]},{"id":66043,"difficulty":5,"questions":{"left_question_1":"24","left_question_2":"-","left_question_3":"21","right_question_1":"33","right_question_2":"-","right_question_3":"26"},"answers":{"answer":"<"},"subject":[{"subject_code":"0","name":null,"description":null}]},{"id":47419,"difficulty":5,"questions":{"left_question_1":"35","left_question_2":"-","left_question_3":"22","right_question_1":"33","right_question_2":"-","right_question_3":"22"},"answers":{"answer":">"},"subject":[{"subject_code":"0","name":null,"description":null}]},{"id":54053,"difficulty":5,"questions":{"left_question_1":"33","left_question_2":"-","left_question_3":"30","right_question_1":"35","right_question_2":"-","right_question_3":"33"},"answers":{"answer":">"},"subject":[{"subject_code":"0","name":null,"description":null}]},{"id":44601,"difficulty":5,"questions":{"left_question_1":"36","left_question_2":"-","left_question_3":"22","right_question_1":"30","right_question_2":"-","right_question_3":"21"},"answers":{"answer":">"},"subject":[{"subject_code":"0","name":null,"description":null}]}]}}