{"status":"success","data":{"planet":{"id":114,"name":"More or Less? (Gears)","description":"What do the signs mean? (>=< 40)","question_count":10,"badges":{"speed":"1","accuracy":"1","score_mul_base":"1","score_mul_accuracy":"1","score_mul_speed":"1"}},"status":{"star":5,"difficulty":5,"top_score":0},"planet_top_score":[],"questions":[{"id":83392,"difficulty":5,"questions":{"left_question_1":"31","left_question_2":"-","left_question_3":"6","right_question_1":"19","right_question_2":"+","right_question_3":"16"},"answers":{"answer":"<"},"subject":[{"subject_code":"0","name":null,"description":null}]},{"id":49099,"difficulty":5,"questions":{"left_question_1":"35","left_question_2":"-","left_question_3":"31","right_question_1":"36","right_question_2":"-","right_question_3":"34"},"answers":{"answer":">"},"subject":[{"subject_code":"0","name":null,"description":null}]},{"id":85330,"difficulty":5,"questions":{"left_question_1":"39","left_question_2":"-","left_question_3":"6","right_question_1":"20","right_question_2":"+","right_question_3":"17"},"answers":{"answer":"<"},"subject":[{"subject_code":"0","name":null,"description":null}]},{"id":55493,"difficulty":5,"questions":{"left_question_1":"32","left_question_2":"-","left_question_3":"26","right_question_1":"40","right_question_2":"-","right_question_3":"38"},"answers":{"answer":">"},"subject":[{"subject_code":"0","name":null,"description":null}]},{"id":32568,"difficulty":5,"questions":{"left_question_1":"40","left_question_2":"-","left_question_3":"29","right_question_1":"36","right_question_2":"-","right_question_3":"33"},"answers":{"answer":">"},"subject":[{"subject_code":"0","name":null,"description":null}]},{"id":76348,"difficulty":5,"questions":{"left_question_1":"32","left_question_2":"-","left_question_3":"11","right_question_1":"15","right_question_2":"+","right_question_3":"19"},"answers":{"answer":"<"},"subject":[{"subject_code":"0","name":null,"description":null}]},{"id":74084,"difficulty":5,"questions":{"left_question_1":"31","left_question_2":"-","left_question_3":"8","right_question_1":"14","right_question_2":"+","right_question_3":"17"},"answers":{"answer":">"},"subject":[{"subject_code":"0","name":null,"description":null}]},{"id":70556,"difficulty":5,"questions":{"left_question_1":"37","left_question_2":"-","left_question_3":"14","right_question_1":"12","right_question_2":"+","right_question_3":"19"},"answers":{"answer":"<"},"subject":[{"subject_code":"0","name":null,"description":null}]},{"id":70496,"difficulty":5,"questions":{"left_question_1":"40","left_question_2":"-","left_question_3":"11","right_question_1":"12","right_question_2":"+","right_question_3":"19"},"answers":{"answer":"<"},"subject":[{"subject_code":"0","name":null,"description":null}]},{"id":34844,"difficulty":5,"questions":{"left_question_1":"39","left_question_2":"-","left_question_3":"22","right_question_1":"36","right_question_2":"-","right_question_3":"29"},"answers":{"answer":">"},"subject":[{"subject_code":"0","name":null,"description":null}]}]}}