{"status":"success","data":{"planet":{"id":114,"name":"More or Less? (Gears)","description":"What do the signs mean? (>=< 40)","question_count":10,"badges":{"speed":"1","accuracy":"1","score_mul_base":"1","score_mul_accuracy":"1","score_mul_speed":"1"}},"status":{"star":5,"difficulty":5,"top_score":0},"planet_top_score":[],"questions":[{"id":85070,"difficulty":5,"questions":{"left_question_1":"33","left_question_2":"-","left_question_3":"12","right_question_1":"20","right_question_2":"+","right_question_3":"15"},"answers":{"answer":"<"},"subject":[{"subject_code":"0","name":null,"description":null}]},{"id":38211,"difficulty":5,"questions":{"left_question_1":"38","left_question_2":"-","left_question_3":"22","right_question_1":"39","right_question_2":"-","right_question_3":"27"},"answers":{"answer":">"},"subject":[{"subject_code":"0","name":null,"description":null}]},{"id":73968,"difficulty":5,"questions":{"left_question_1":"37","left_question_2":"-","left_question_3":"6","right_question_1":"14","right_question_2":"+","right_question_3":"17"},"answers":{"answer":"="},"subject":[{"subject_code":"0","name":null,"description":null}]},{"id":71162,"difficulty":5,"questions":{"left_question_1":"35","left_question_2":"-","left_question_3":"12","right_question_1":"13","right_question_2":"+","right_question_3":"12"},"answers":{"answer":"<"},"subject":[{"subject_code":"0","name":null,"description":null}]},{"id":65555,"difficulty":5,"questions":{"left_question_1":"25","left_question_2":"-","left_question_3":"23","right_question_1":"40","right_question_2":"-","right_question_3":"30"},"answers":{"answer":"<"},"subject":[{"subject_code":"0","name":null,"description":null}]},{"id":34665,"difficulty":5,"questions":{"left_question_1":"39","left_question_2":"-","left_question_3":"21","right_question_1":"35","right_question_2":"-","right_question_3":"25"},"answers":{"answer":">"},"subject":[{"subject_code":"0","name":null,"description":null}]},{"id":64720,"difficulty":5,"questions":{"left_question_1":"26","left_question_2":"-","left_question_3":"23","right_question_1":"32","right_question_2":"-","right_question_3":"21"},"answers":{"answer":"<"},"subject":[{"subject_code":"0","name":null,"description":null}]},{"id":37031,"difficulty":5,"questions":{"left_question_1":"39","left_question_2":"-","left_question_3":"33","right_question_1":"26","right_question_2":"-","right_question_3":"21"},"answers":{"answer":">"},"subject":[{"subject_code":"0","name":null,"description":null}]},{"id":46239,"difficulty":5,"questions":{"left_question_1":"36","left_question_2":"-","left_question_3":"31","right_question_1":"36","right_question_2":"-","right_question_3":"24"},"answers":{"answer":"<"},"subject":[{"subject_code":"0","name":null,"description":null}]},{"id":76588,"difficulty":5,"questions":{"left_question_1":"39","left_question_2":"-","left_question_3":"4","right_question_1":"16","right_question_2":"+","right_question_3":"11"},"answers":{"answer":">"},"subject":[{"subject_code":"0","name":null,"description":null}]}]}}