{"status":"success","data":{"planet":{"id":114,"name":"More or Less? (Gears)","description":"What do the signs mean? (>=< 40)","question_count":10,"badges":{"speed":"1","accuracy":"1","score_mul_base":"1","score_mul_accuracy":"1","score_mul_speed":"1"}},"status":{"star":5,"difficulty":5,"top_score":0},"planet_top_score":[],"questions":[{"id":35279,"difficulty":5,"questions":{"left_question_1":"39","left_question_2":"-","left_question_3":"24","right_question_1":"32","right_question_2":"-","right_question_3":"30"},"answers":{"answer":">"},"subject":[{"subject_code":"0","name":null,"description":null}]},{"id":30962,"difficulty":5,"questions":{"left_question_1":"20","left_question_2":"+","left_question_3":"20","right_question_1":"20","right_question_2":"+","right_question_3":"17"},"answers":{"answer":">"},"subject":[{"subject_code":"0","name":null,"description":null}]},{"id":83846,"difficulty":5,"questions":{"left_question_1":"37","left_question_2":"-","left_question_3":"4","right_question_1":"19","right_question_2":"+","right_question_3":"19"},"answers":{"answer":"<"},"subject":[{"subject_code":"0","name":null,"description":null}]},{"id":46832,"difficulty":5,"questions":{"left_question_1":"36","left_question_2":"-","left_question_3":"34","right_question_1":"35","right_question_2":"-","right_question_3":"32"},"answers":{"answer":"<"},"subject":[{"subject_code":"0","name":null,"description":null}]},{"id":84562,"difficulty":5,"questions":{"left_question_1":"40","left_question_2":"-","left_question_3":"17","right_question_1":"20","right_question_2":"+","right_question_3":"13"},"answers":{"answer":"<"},"subject":[{"subject_code":"0","name":null,"description":null}]},{"id":51635,"difficulty":5,"questions":{"left_question_1":"34","left_question_2":"-","left_question_3":"30","right_question_1":"30","right_question_2":"-","right_question_3":"25"},"answers":{"answer":"<"},"subject":[{"subject_code":"0","name":null,"description":null}]},{"id":53566,"difficulty":5,"questions":{"left_question_1":"33","left_question_2":"-","left_question_3":"27","right_question_1":"25","right_question_2":"-","right_question_3":"21"},"answers":{"answer":">"},"subject":[{"subject_code":"0","name":null,"description":null}]},{"id":31410,"difficulty":5,"questions":{"left_question_1":"40","left_question_2":"-","left_question_3":"23","right_question_1":"37","right_question_2":"-","right_question_3":"31"},"answers":{"answer":">"},"subject":[{"subject_code":"0","name":null,"description":null}]},{"id":62162,"difficulty":5,"questions":{"left_question_1":"28","left_question_2":"-","left_question_3":"23","right_question_1":"39","right_question_2":"-","right_question_3":"38"},"answers":{"answer":">"},"subject":[{"subject_code":"0","name":null,"description":null}]},{"id":76534,"difficulty":5,"questions":{"left_question_1":"32","left_question_2":"-","left_question_3":"7","right_question_1":"15","right_question_2":"+","right_question_3":"20"},"answers":{"answer":"<"},"subject":[{"subject_code":"0","name":null,"description":null}]}]}}