{"status":"success","data":{"planet":{"id":"140","name":"Gears! Fractions \u00b1","description":"Comparing fractions with addition and subtraction","question_count":"10","badges":{"speed":"1","accuracy":"1","score_mul_base":"1","score_mul_accuracy":"1","score_mul_speed":"1"}},"status":{"star":0,"difficulty":1,"top_score":0},"planet_top_score":[],"questions":[{"id":"369270","difficulty":"1","questions":{"left_question_1":"3\/7","left_question_2":"+","left_question_3":"1\/2","right_question_1":"4\/9","right_question_2":"","right_question_3":""},"answers":{"answer":">"}},{"id":"369257","difficulty":"1","questions":{"left_question_1":"6\/7","left_question_2":"+","left_question_3":"7\/8","right_question_1":"5\/7","right_question_2":"","right_question_3":""},"answers":{"answer":">"}},{"id":"369268","difficulty":"1","questions":{"left_question_1":"2\/9","left_question_2":"+","left_question_3":"4\/5","right_question_1":"1\/7","right_question_2":"","right_question_3":""},"answers":{"answer":">"}},{"id":"369281","difficulty":"1","questions":{"left_question_1":"1\/3","left_question_2":"+","left_question_3":"1\/2","right_question_1":"7\/8","right_question_2":"","right_question_3":""},"answers":{"answer":"<"}},{"id":"369290","difficulty":"1","questions":{"left_question_1":"2\/5","left_question_2":"+","left_question_3":"1\/9","right_question_1":"5\/8","right_question_2":"","right_question_3":""},"answers":{"answer":"<"}},{"id":"369265","difficulty":"1","questions":{"left_question_1":"7\/9","left_question_2":"+","left_question_3":"2\/7","right_question_1":"4\/5","right_question_2":"","right_question_3":""},"answers":{"answer":">"}},{"id":"369262","difficulty":"1","questions":{"left_question_1":"3\/8","left_question_2":"+","left_question_3":"8\/9","right_question_1":"1\/5","right_question_2":"","right_question_3":""},"answers":{"answer":">"}},{"id":"369251","difficulty":"1","questions":{"left_question_1":"7\/9","left_question_2":"+","left_question_3":"1\/8","right_question_1":"3\/4","right_question_2":"","right_question_3":""},"answers":{"answer":">"}},{"id":"369286","difficulty":"1","questions":{"left_question_1":"1\/6","left_question_2":"+","left_question_3":"1\/4","right_question_1":"4\/5","right_question_2":"","right_question_3":""},"answers":{"answer":"<"}},{"id":"369275","difficulty":"1","questions":{"left_question_1":"6\/7","left_question_2":"+","left_question_3":"3\/4","right_question_1":"2\/3","right_question_2":"","right_question_3":""},"answers":{"answer":">"}}]}}