{"status":"success","data":{"planet":{"id":114,"name":"More or Less? (Gears)","description":"What do the signs mean? (>=< 40)","question_count":10,"badges":{"speed":"1","accuracy":"1","score_mul_base":"1","score_mul_accuracy":"1","score_mul_speed":"1"}},"status":{"star":2,"difficulty":3,"top_score":0},"planet_top_score":[],"questions":[{"id":5499,"difficulty":3,"questions":{"left_question_1":"16","left_question_2":"+","left_question_3":"20","right_question_1":"39","right_question_2":"","right_question_3":null},"answers":{"answer":"<"},"subject":[{"subject_code":"0","name":null,"description":null}]},{"id":5418,"difficulty":3,"questions":{"left_question_1":"36","left_question_2":"-","left_question_3":"22","right_question_1":"13","right_question_2":"","right_question_3":null},"answers":{"answer":">"},"subject":[{"subject_code":"0","name":null,"description":null}]},{"id":5677,"difficulty":3,"questions":{"left_question_1":"20","left_question_2":"+","left_question_3":"18","right_question_1":"37","right_question_2":"","right_question_3":null},"answers":{"answer":">"},"subject":[{"subject_code":"0","name":null,"description":null}]},{"id":5406,"difficulty":3,"questions":{"left_question_1":"36","left_question_2":"-","left_question_3":"21","right_question_1":"15","right_question_2":"","right_question_3":null},"answers":{"answer":"="},"subject":[{"subject_code":"0","name":null,"description":null}]},{"id":5375,"difficulty":3,"questions":{"left_question_1":"37","left_question_2":"-","left_question_3":"23","right_question_1":"16","right_question_2":"","right_question_3":null},"answers":{"answer":"<"},"subject":[{"subject_code":"0","name":null,"description":null}]},{"id":5616,"difficulty":3,"questions":{"left_question_1":"19","left_question_2":"+","left_question_3":"17","right_question_1":"36","right_question_2":"","right_question_3":null},"answers":{"answer":"="},"subject":[{"subject_code":"0","name":null,"description":null}]},{"id":5512,"difficulty":3,"questions":{"left_question_1":"17","left_question_2":"+","left_question_3":"17","right_question_1":"32","right_question_2":"","right_question_3":null},"answers":{"answer":">"},"subject":[{"subject_code":"0","name":null,"description":null}]},{"id":5434,"difficulty":3,"questions":{"left_question_1":"36","left_question_2":"-","left_question_3":"24","right_question_1":"17","right_question_2":"","right_question_3":null},"answers":{"answer":"<"},"subject":[{"subject_code":"0","name":null,"description":null}]},{"id":5566,"difficulty":3,"questions":{"left_question_1":"18","left_question_2":"+","left_question_3":"17","right_question_1":"36","right_question_2":"","right_question_3":null},"answers":{"answer":"<"},"subject":[{"subject_code":"0","name":null,"description":null}]},{"id":5233,"difficulty":3,"questions":{"left_question_1":"40","left_question_2":"-","left_question_3":"24","right_question_1":"18","right_question_2":"","right_question_3":null},"answers":{"answer":"<"},"subject":[{"subject_code":"0","name":null,"description":null}]}]}}