{"status":"success","data":{"planet":{"id":114,"name":"More or Less? (Gears)","description":"What do the signs mean? (>=< 40)","question_count":10,"badges":{"speed":"1","accuracy":"1","score_mul_base":"1","score_mul_accuracy":"1","score_mul_speed":"1"}},"status":{"star":2,"difficulty":3,"top_score":0},"planet_top_score":[],"questions":[{"id":5389,"difficulty":3,"questions":{"left_question_1":"37","left_question_2":"-","left_question_3":"24","right_question_1":"12","right_question_2":"","right_question_3":null},"answers":{"answer":">"},"subject":[{"subject_code":"0","name":null,"description":null}]},{"id":5691,"difficulty":3,"questions":{"left_question_1":"20","left_question_2":"+","left_question_3":"20","right_question_1":"31","right_question_2":"","right_question_3":null},"answers":{"answer":">"},"subject":[{"subject_code":"0","name":null,"description":null}]},{"id":5537,"difficulty":3,"questions":{"left_question_1":"17","left_question_2":"+","left_question_3":"19","right_question_1":"37","right_question_2":"","right_question_3":null},"answers":{"answer":"<"},"subject":[{"subject_code":"0","name":null,"description":null}]},{"id":5407,"difficulty":3,"questions":{"left_question_1":"36","left_question_2":"-","left_question_3":"21","right_question_1":"14","right_question_2":"","right_question_3":null},"answers":{"answer":">"},"subject":[{"subject_code":"0","name":null,"description":null}]},{"id":5635,"difficulty":3,"questions":{"left_question_1":"19","left_question_2":"+","left_question_3":"19","right_question_1":"35","right_question_2":"","right_question_3":null},"answers":{"answer":">"},"subject":[{"subject_code":"0","name":null,"description":null}]},{"id":5467,"difficulty":3,"questions":{"left_question_1":"16","left_question_2":"+","left_question_3":"17","right_question_1":"37","right_question_2":"","right_question_3":null},"answers":{"answer":"<"},"subject":[{"subject_code":"0","name":null,"description":null}]},{"id":5500,"difficulty":3,"questions":{"left_question_1":"16","left_question_2":"+","left_question_3":"20","right_question_1":"40","right_question_2":"","right_question_3":null},"answers":{"answer":"<"},"subject":[{"subject_code":"0","name":null,"description":null}]},{"id":5622,"difficulty":3,"questions":{"left_question_1":"19","left_question_2":"+","left_question_3":"18","right_question_1":"32","right_question_2":"","right_question_3":null},"answers":{"answer":">"},"subject":[{"subject_code":"0","name":null,"description":null}]},{"id":5539,"difficulty":3,"questions":{"left_question_1":"17","left_question_2":"+","left_question_3":"19","right_question_1":"39","right_question_2":"","right_question_3":null},"answers":{"answer":"<"},"subject":[{"subject_code":"0","name":null,"description":null}]},{"id":5645,"difficulty":3,"questions":{"left_question_1":"19","left_question_2":"+","left_question_3":"20","right_question_1":"35","right_question_2":"","right_question_3":null},"answers":{"answer":">"},"subject":[{"subject_code":"0","name":null,"description":null}]}]}}