{"status":"success","data":{"planet":{"id":114,"name":"More or Less? (Gears)","description":"What do the signs mean? (>=< 40)","question_count":10,"badges":{"speed":"1","accuracy":"1","score_mul_base":"1","score_mul_accuracy":"1","score_mul_speed":"1"}},"status":{"star":2,"difficulty":3,"top_score":0},"planet_top_score":[],"questions":[{"id":5514,"difficulty":3,"questions":{"left_question_1":"17","left_question_2":"+","left_question_3":"17","right_question_1":"34","right_question_2":"","right_question_3":null},"answers":{"answer":"="},"subject":[{"subject_code":"0","name":null,"description":null}]},{"id":5337,"difficulty":3,"questions":{"left_question_1":"38","left_question_2":"-","left_question_3":"24","right_question_1":"14","right_question_2":"","right_question_3":null},"answers":{"answer":"="},"subject":[{"subject_code":"0","name":null,"description":null}]},{"id":5462,"difficulty":3,"questions":{"left_question_1":"16","left_question_2":"+","left_question_3":"17","right_question_1":"32","right_question_2":"","right_question_3":null},"answers":{"answer":">"},"subject":[{"subject_code":"0","name":null,"description":null}]},{"id":5312,"difficulty":3,"questions":{"left_question_1":"38","left_question_2":"-","left_question_3":"22","right_question_1":"19","right_question_2":"","right_question_3":null},"answers":{"answer":"<"},"subject":[{"subject_code":"0","name":null,"description":null}]},{"id":5446,"difficulty":3,"questions":{"left_question_1":"36","left_question_2":"-","left_question_3":"25","right_question_1":"15","right_question_2":"","right_question_3":null},"answers":{"answer":"<"},"subject":[{"subject_code":"0","name":null,"description":null}]},{"id":5346,"difficulty":3,"questions":{"left_question_1":"38","left_question_2":"-","left_question_3":"25","right_question_1":"15","right_question_2":"","right_question_3":null},"answers":{"answer":"<"},"subject":[{"subject_code":"0","name":null,"description":null}]},{"id":5650,"difficulty":3,"questions":{"left_question_1":"19","left_question_2":"+","left_question_3":"20","right_question_1":"40","right_question_2":"","right_question_3":null},"answers":{"answer":"<"},"subject":[{"subject_code":"0","name":null,"description":null}]},{"id":5492,"difficulty":3,"questions":{"left_question_1":"16","left_question_2":"+","left_question_3":"20","right_question_1":"32","right_question_2":"","right_question_3":null},"answers":{"answer":">"},"subject":[{"subject_code":"0","name":null,"description":null}]},{"id":5581,"difficulty":3,"questions":{"left_question_1":"18","left_question_2":"+","left_question_3":"19","right_question_1":"31","right_question_2":"","right_question_3":null},"answers":{"answer":">"},"subject":[{"subject_code":"0","name":null,"description":null}]},{"id":5648,"difficulty":3,"questions":{"left_question_1":"19","left_question_2":"+","left_question_3":"20","right_question_1":"38","right_question_2":"","right_question_3":null},"answers":{"answer":">"},"subject":[{"subject_code":"0","name":null,"description":null}]}]}}