{"status":"success","data":{"planet":{"id":"505","name":"Speed Taxi: K","description":"Identify numbers quickly!","question_count":"10","badges":{"speed":"1","accuracy":"1","score_mul_base":"1","score_mul_accuracy":"1","score_mul_speed":"1"}},"status":{"star":0,"difficulty":1,"top_score":0},"planet_top_score":[],"questions":[{"id":"333416","question":"4","answer_option_1":"4","answer_option_2":"5","answer_option_3":"","answer_option_4":"","answer_option_5":"","answer_option_6":"","fixed_num":"0","difficulty":"1"},{"id":"333410","question":"3","answer_option_1":"3","answer_option_2":"2","answer_option_3":"","answer_option_4":"","answer_option_5":"","answer_option_6":"","fixed_num":"0","difficulty":"1"},{"id":"333404","question":"1","answer_option_1":"1","answer_option_2":"5","answer_option_3":"","answer_option_4":"","answer_option_5":"","answer_option_6":"","fixed_num":"0","difficulty":"1"},{"id":"333419","question":"5","answer_option_1":"5","answer_option_2":"3","answer_option_3":"","answer_option_4":"","answer_option_5":"","answer_option_6":"","fixed_num":"0","difficulty":"1"},{"id":"333409","question":"3","answer_option_1":"3","answer_option_2":"1","answer_option_3":"","answer_option_4":"","answer_option_5":"","answer_option_6":"","fixed_num":"0","difficulty":"1"},{"id":"333412","question":"3","answer_option_1":"3","answer_option_2":"5","answer_option_3":"","answer_option_4":"","answer_option_5":"","answer_option_6":"","fixed_num":"0","difficulty":"1"},{"id":"333413","question":"4","answer_option_1":"4","answer_option_2":"1","answer_option_3":"","answer_option_4":"","answer_option_5":"","answer_option_6":"","fixed_num":"0","difficulty":"1"},{"id":"333411","question":"3","answer_option_1":"3","answer_option_2":"4","answer_option_3":"","answer_option_4":"","answer_option_5":"","answer_option_6":"","fixed_num":"0","difficulty":"1"},{"id":"333418","question":"5","answer_option_1":"5","answer_option_2":"2","answer_option_3":"","answer_option_4":"","answer_option_5":"","answer_option_6":"","fixed_num":"0","difficulty":"1"},{"id":"333420","question":"5","answer_option_1":"5","answer_option_2":"4","answer_option_3":"","answer_option_4":"","answer_option_5":"","answer_option_6":"","fixed_num":"0","difficulty":"1"}]}}