{"status":"success","data":{"planet":{"id":"505","name":"Speed Taxi: K","description":"Identify numbers quickly!","question_count":"10","badges":{"speed":"1","accuracy":"1","score_mul_base":"1","score_mul_accuracy":"1","score_mul_speed":"1"}},"status":{"star":5,"difficulty":5,"top_score":0},"planet_top_score":[],"questions":[{"id":"333502","question":"6","answer_option_1":"6","answer_option_2":"6","answer_option_3":"6","answer_option_4":"6","answer_option_5":"9","answer_option_6":"10","fixed_num":"0","difficulty":"5"},{"id":"333534","question":"14","answer_option_1":"14","answer_option_2":"14","answer_option_3":"14","answer_option_4":"14","answer_option_5":"11","answer_option_6":"13","fixed_num":"0","difficulty":"5"},{"id":"333558","question":"20","answer_option_1":"20","answer_option_2":"20","answer_option_3":"20","answer_option_4":"20","answer_option_5":"19","answer_option_6":"19","fixed_num":"0","difficulty":"5"},{"id":"333496","question":"4","answer_option_1":"4","answer_option_2":"4","answer_option_3":"3","answer_option_4":"3","answer_option_5":"2","answer_option_6":"5","fixed_num":"0","difficulty":"5"},{"id":"333521","question":"11","answer_option_1":"11","answer_option_2":"11","answer_option_3":"11","answer_option_4":"11","answer_option_5":"11","answer_option_6":"12","fixed_num":"0","difficulty":"5"},{"id":"333512","question":"8","answer_option_1":"8","answer_option_2":"8","answer_option_3":"10","answer_option_4":"9","answer_option_5":"10","answer_option_6":"9","fixed_num":"0","difficulty":"5"},{"id":"333545","question":"17","answer_option_1":"17","answer_option_2":"17","answer_option_3":"17","answer_option_4":"17","answer_option_5":"17","answer_option_6":"19","fixed_num":"0","difficulty":"5"},{"id":"333552","question":"18","answer_option_1":"18","answer_option_2":"18","answer_option_3":"20","answer_option_4":"17","answer_option_5":"17","answer_option_6":"16","fixed_num":"0","difficulty":"5"},{"id":"333516","question":"9","answer_option_1":"9","answer_option_2":"9","answer_option_3":"7","answer_option_4":"8","answer_option_5":"6","answer_option_6":"8","fixed_num":"0","difficulty":"5"},{"id":"333528","question":"12","answer_option_1":"12","answer_option_2":"12","answer_option_3":"11","answer_option_4":"14","answer_option_5":"13","answer_option_6":"15","fixed_num":"0","difficulty":"5"}]}}