{"status":"success","data":{"planet":{"id":"505","name":"Speed Taxi: K","description":"Identify numbers quickly!","question_count":"10","badges":{"speed":"1","accuracy":"1","score_mul_base":"1","score_mul_accuracy":"1","score_mul_speed":"1"}},"status":{"star":5,"difficulty":5,"top_score":0},"planet_top_score":[],"questions":[{"id":"333507","question":"7","answer_option_1":"7","answer_option_2":"7","answer_option_3":"7","answer_option_4":"8","answer_option_5":"8","answer_option_6":"9","fixed_num":"0","difficulty":"5"},{"id":"333486","question":"2","answer_option_1":"2","answer_option_2":"2","answer_option_3":"2","answer_option_4":"2","answer_option_5":"1","answer_option_6":"1","fixed_num":"0","difficulty":"5"},{"id":"333519","question":"10","answer_option_1":"10","answer_option_2":"10","answer_option_3":"10","answer_option_4":"6","answer_option_5":"9","answer_option_6":"8","fixed_num":"0","difficulty":"5"},{"id":"333545","question":"17","answer_option_1":"17","answer_option_2":"17","answer_option_3":"17","answer_option_4":"17","answer_option_5":"17","answer_option_6":"19","fixed_num":"0","difficulty":"5"},{"id":"333524","question":"11","answer_option_1":"11","answer_option_2":"11","answer_option_3":"15","answer_option_4":"14","answer_option_5":"15","answer_option_6":"12","fixed_num":"0","difficulty":"5"},{"id":"333495","question":"4","answer_option_1":"4","answer_option_2":"4","answer_option_3":"4","answer_option_4":"2","answer_option_5":"3","answer_option_6":"1","fixed_num":"0","difficulty":"5"},{"id":"333501","question":"6","answer_option_1":"6","answer_option_2":"6","answer_option_3":"6","answer_option_4":"6","answer_option_5":"6","answer_option_6":"9","fixed_num":"0","difficulty":"5"},{"id":"333536","question":"14","answer_option_1":"14","answer_option_2":"14","answer_option_3":"15","answer_option_4":"15","answer_option_5":"12","answer_option_6":"12","fixed_num":"0","difficulty":"5"},{"id":"333492","question":"3","answer_option_1":"3","answer_option_2":"3","answer_option_3":"2","answer_option_4":"2","answer_option_5":"4","answer_option_6":"5","fixed_num":"0","difficulty":"5"},{"id":"333512","question":"8","answer_option_1":"8","answer_option_2":"8","answer_option_3":"10","answer_option_4":"9","answer_option_5":"10","answer_option_6":"9","fixed_num":"0","difficulty":"5"}]}}