{"status":"success","data":{"planet":{"id":"505","name":"Speed Taxi: K","description":"Identify numbers quickly!","question_count":"10","badges":{"speed":"1","accuracy":"1","score_mul_base":"1","score_mul_accuracy":"1","score_mul_speed":"1"}},"status":{"star":5,"difficulty":5,"top_score":0},"planet_top_score":[],"questions":[{"id":"333524","question":"11","answer_option_1":"11","answer_option_2":"11","answer_option_3":"15","answer_option_4":"14","answer_option_5":"15","answer_option_6":"12","fixed_num":"0","difficulty":"5"},{"id":"333489","question":"3","answer_option_1":"3","answer_option_2":"3","answer_option_3":"3","answer_option_4":"3","answer_option_5":"3","answer_option_6":"1","fixed_num":"0","difficulty":"5"},{"id":"333496","question":"4","answer_option_1":"4","answer_option_2":"4","answer_option_3":"3","answer_option_4":"3","answer_option_5":"2","answer_option_6":"5","fixed_num":"0","difficulty":"5"},{"id":"333527","question":"12","answer_option_1":"12","answer_option_2":"12","answer_option_3":"12","answer_option_4":"14","answer_option_5":"13","answer_option_6":"14","fixed_num":"0","difficulty":"5"},{"id":"333549","question":"18","answer_option_1":"18","answer_option_2":"18","answer_option_3":"18","answer_option_4":"18","answer_option_5":"18","answer_option_6":"20","fixed_num":"0","difficulty":"5"},{"id":"333548","question":"17","answer_option_1":"17","answer_option_2":"17","answer_option_3":"16","answer_option_4":"20","answer_option_5":"18","answer_option_6":"19","fixed_num":"0","difficulty":"5"},{"id":"333502","question":"6","answer_option_1":"6","answer_option_2":"6","answer_option_3":"6","answer_option_4":"6","answer_option_5":"9","answer_option_6":"10","fixed_num":"0","difficulty":"5"},{"id":"333517","question":"10","answer_option_1":"10","answer_option_2":"10","answer_option_3":"10","answer_option_4":"10","answer_option_5":"10","answer_option_6":"6","fixed_num":"0","difficulty":"5"},{"id":"333535","question":"14","answer_option_1":"14","answer_option_2":"14","answer_option_3":"14","answer_option_4":"11","answer_option_5":"11","answer_option_6":"13","fixed_num":"0","difficulty":"5"},{"id":"333539","question":"15","answer_option_1":"15","answer_option_2":"15","answer_option_3":"15","answer_option_4":"13","answer_option_5":"14","answer_option_6":"13","fixed_num":"0","difficulty":"5"}]}}