{"status":"success","data":{"planet":{"id":"505","name":"Speed Taxi: K","description":"Identify numbers quickly!","question_count":"10","badges":{"speed":"1","accuracy":"1","score_mul_base":"1","score_mul_accuracy":"1","score_mul_speed":"1"}},"status":{"star":5,"difficulty":5,"top_score":0},"planet_top_score":[],"questions":[{"id":"333497","question":"5","answer_option_1":"5","answer_option_2":"5","answer_option_3":"5","answer_option_4":"5","answer_option_5":"5","answer_option_6":"2","fixed_num":"0","difficulty":"5"},{"id":"333483","question":"1","answer_option_1":"1","answer_option_2":"1","answer_option_3":"1","answer_option_4":"5","answer_option_5":"4","answer_option_6":"2","fixed_num":"0","difficulty":"5"},{"id":"333494","question":"4","answer_option_1":"4","answer_option_2":"4","answer_option_3":"4","answer_option_4":"4","answer_option_5":"1","answer_option_6":"2","fixed_num":"0","difficulty":"5"},{"id":"333545","question":"17","answer_option_1":"17","answer_option_2":"17","answer_option_3":"17","answer_option_4":"17","answer_option_5":"17","answer_option_6":"19","fixed_num":"0","difficulty":"5"},{"id":"333525","question":"12","answer_option_1":"12","answer_option_2":"12","answer_option_3":"12","answer_option_4":"12","answer_option_5":"12","answer_option_6":"11","fixed_num":"0","difficulty":"5"},{"id":"333491","question":"3","answer_option_1":"3","answer_option_2":"3","answer_option_3":"3","answer_option_4":"5","answer_option_5":"1","answer_option_6":"5","fixed_num":"0","difficulty":"5"},{"id":"333535","question":"14","answer_option_1":"14","answer_option_2":"14","answer_option_3":"14","answer_option_4":"11","answer_option_5":"11","answer_option_6":"13","fixed_num":"0","difficulty":"5"},{"id":"333514","question":"9","answer_option_1":"9","answer_option_2":"9","answer_option_3":"9","answer_option_4":"9","answer_option_5":"7","answer_option_6":"8","fixed_num":"0","difficulty":"5"},{"id":"333555","question":"19","answer_option_1":"19","answer_option_2":"19","answer_option_3":"19","answer_option_4":"19","answer_option_5":"16","answer_option_6":"16","fixed_num":"0","difficulty":"5"},{"id":"333482","question":"1","answer_option_1":"1","answer_option_2":"1","answer_option_3":"1","answer_option_4":"1","answer_option_5":"4","answer_option_6":"2","fixed_num":"0","difficulty":"5"}]}}