{"status":"success","data":{"planet":{"id":"505","name":"Speed Taxi: K","description":"Identify numbers quickly!","question_count":"10","badges":{"speed":"1","accuracy":"1","score_mul_base":"1","score_mul_accuracy":"1","score_mul_speed":"1"}},"status":{"star":5,"difficulty":5,"top_score":0},"planet_top_score":[],"questions":[{"id":"333503","question":"6","answer_option_1":"6","answer_option_2":"6","answer_option_3":"6","answer_option_4":"7","answer_option_5":"9","answer_option_6":"7","fixed_num":"0","difficulty":"5"},{"id":"333548","question":"17","answer_option_1":"17","answer_option_2":"17","answer_option_3":"16","answer_option_4":"20","answer_option_5":"18","answer_option_6":"19","fixed_num":"0","difficulty":"5"},{"id":"333525","question":"12","answer_option_1":"12","answer_option_2":"12","answer_option_3":"12","answer_option_4":"12","answer_option_5":"12","answer_option_6":"11","fixed_num":"0","difficulty":"5"},{"id":"333511","question":"8","answer_option_1":"8","answer_option_2":"8","answer_option_3":"8","answer_option_4":"6","answer_option_5":"7","answer_option_6":"9","fixed_num":"0","difficulty":"5"},{"id":"333513","question":"9","answer_option_1":"9","answer_option_2":"9","answer_option_3":"9","answer_option_4":"9","answer_option_5":"9","answer_option_6":"8","fixed_num":"0","difficulty":"5"},{"id":"333491","question":"3","answer_option_1":"3","answer_option_2":"3","answer_option_3":"3","answer_option_4":"5","answer_option_5":"1","answer_option_6":"5","fixed_num":"0","difficulty":"5"},{"id":"333485","question":"2","answer_option_1":"2","answer_option_2":"2","answer_option_3":"2","answer_option_4":"2","answer_option_5":"2","answer_option_6":"4","fixed_num":"0","difficulty":"5"},{"id":"333501","question":"6","answer_option_1":"6","answer_option_2":"6","answer_option_3":"6","answer_option_4":"6","answer_option_5":"6","answer_option_6":"9","fixed_num":"0","difficulty":"5"},{"id":"333506","question":"7","answer_option_1":"7","answer_option_2":"7","answer_option_3":"7","answer_option_4":"7","answer_option_5":"6","answer_option_6":"8","fixed_num":"0","difficulty":"5"},{"id":"333481","question":"1","answer_option_1":"1","answer_option_2":"1","answer_option_3":"1","answer_option_4":"1","answer_option_5":"1","answer_option_6":"5","fixed_num":"0","difficulty":"5"}]}}