{"status":"success","data":{"planet":{"id":"154","name":"Burger Builder","description":"Build to proportion with 3 ingredients","question_count":"10","badges":{"speed":"1","accuracy":"1","score_mul_base":"1","score_mul_accuracy":"1","score_mul_speed":"1"}},"status":{"star":1,"difficulty":2,"top_score":0},"planet_top_score":[],"questions":[{"id":"338639","patty":"4","greens":"1","cheese":"3","preset_patty":"0","preset_greens":"0","preset_cheese":"0","difficulty":"2"},{"id":"338645","patty":"5","greens":"1","cheese":"5","preset_patty":"0","preset_greens":"0","preset_cheese":"0","difficulty":"2"},{"id":"338629","patty":"1","greens":"5","cheese":"5","preset_patty":"0","preset_greens":"0","preset_cheese":"0","difficulty":"2"},{"id":"338641","patty":"4","greens":"1","cheese":"5","preset_patty":"0","preset_greens":"0","preset_cheese":"0","difficulty":"2"},{"id":"338626","patty":"1","greens":"5","cheese":"2","preset_patty":"0","preset_greens":"0","preset_cheese":"0","difficulty":"2"},{"id":"338638","patty":"4","greens":"1","cheese":"2","preset_patty":"0","preset_greens":"0","preset_cheese":"0","difficulty":"2"},{"id":"338617","patty":"1","greens":"2","cheese":"5","preset_patty":"0","preset_greens":"0","preset_cheese":"0","difficulty":"2"},{"id":"338637","patty":"3","greens":"1","cheese":"5","preset_patty":"0","preset_greens":"0","preset_cheese":"0","difficulty":"2"},{"id":"338623","patty":"1","greens":"4","cheese":"3","preset_patty":"0","preset_greens":"0","preset_cheese":"0","difficulty":"2"},{"id":"338627","patty":"1","greens":"5","cheese":"3","preset_patty":"0","preset_greens":"0","preset_cheese":"0","difficulty":"2"}]}}