{"status":"success","data":{"planet":{"id":"105","name":"Tap Tens","description":"How many ones are in a ten?","question_count":"10","badges":{"speed":"1","accuracy":"1","score_mul_base":"1","score_mul_accuracy":"1","score_mul_speed":"1"}},"status":{"star":0,"difficulty":1,"top_score":0},"planet_top_score":[],"questions":[{"id":"210020","question":"20","answer":"20","option_type":"ten","option_generate":"2","difficulty":"1"},{"id":"210001","question":"1","answer":"1","option_type":"ten","option_generate":"2","difficulty":"1"},{"id":"210019","question":"19","answer":"19","option_type":"ten","option_generate":"2","difficulty":"1"},{"id":"210011","question":"11","answer":"11","option_type":"ten","option_generate":"2","difficulty":"1"},{"id":"210004","question":"4","answer":"4","option_type":"ten","option_generate":"2","difficulty":"1"},{"id":"210016","question":"16","answer":"16","option_type":"ten","option_generate":"2","difficulty":"1"},{"id":"210009","question":"9","answer":"9","option_type":"ten","option_generate":"2","difficulty":"1"},{"id":"210005","question":"5","answer":"5","option_type":"ten","option_generate":"2","difficulty":"1"},{"id":"210010","question":"10","answer":"10","option_type":"ten","option_generate":"2","difficulty":"1"},{"id":"210014","question":"14","answer":"14","option_type":"ten","option_generate":"2","difficulty":"1"}]}}