{"status":"success","data":{"planet":{"id":"105","name":"Tap Tens","description":"How many ones are in a ten?","question_count":"10","badges":{"speed":"1","accuracy":"1","score_mul_base":"1","score_mul_accuracy":"1","score_mul_speed":"1"}},"status":{"star":0,"difficulty":1,"top_score":0},"planet_top_score":[],"questions":[{"id":"210008","question":"8","answer":"8","option_type":"ten","option_generate":"2","difficulty":"1"},{"id":"210011","question":"11","answer":"11","option_type":"ten","option_generate":"2","difficulty":"1"},{"id":"210004","question":"4","answer":"4","option_type":"ten","option_generate":"2","difficulty":"1"},{"id":"210020","question":"20","answer":"20","option_type":"ten","option_generate":"2","difficulty":"1"},{"id":"210006","question":"6","answer":"6","option_type":"ten","option_generate":"2","difficulty":"1"},{"id":"210019","question":"19","answer":"19","option_type":"ten","option_generate":"2","difficulty":"1"},{"id":"210017","question":"17","answer":"17","option_type":"ten","option_generate":"2","difficulty":"1"},{"id":"210012","question":"12","answer":"12","option_type":"ten","option_generate":"2","difficulty":"1"},{"id":"210002","question":"2","answer":"2","option_type":"ten","option_generate":"2","difficulty":"1"},{"id":"210007","question":"7","answer":"7","option_type":"ten","option_generate":"2","difficulty":"1"}]}}