{"status":"success","data":{"planet":{"id":"505","name":"Speed Taxi: K","description":"Identify numbers quickly!","question_count":"10","badges":{"speed":"1","accuracy":"1","score_mul_base":"1","score_mul_accuracy":"1","score_mul_speed":"1"}},"status":{"star":2,"difficulty":3,"top_score":0},"planet_top_score":[],"questions":[{"id":"333460","question":"15","answer_option_1":"15","answer_option_2":"14","answer_option_3":"14","answer_option_4":"12","answer_option_5":"","answer_option_6":"","fixed_num":"0","difficulty":"3"},{"id":"333455","question":"14","answer_option_1":"14","answer_option_2":"13","answer_option_3":"13","answer_option_4":"11","answer_option_5":"","answer_option_6":"","fixed_num":"0","difficulty":"3"},{"id":"333447","question":"12","answer_option_1":"12","answer_option_2":"14","answer_option_3":"12","answer_option_4":"12","answer_option_5":"","answer_option_6":"","fixed_num":"0","difficulty":"3"},{"id":"333458","question":"15","answer_option_1":"15","answer_option_2":"12","answer_option_3":"11","answer_option_4":"15","answer_option_5":"","answer_option_6":"","fixed_num":"0","difficulty":"3"},{"id":"333457","question":"15","answer_option_1":"15","answer_option_2":"11","answer_option_3":"11","answer_option_4":"15","answer_option_5":"","answer_option_6":"","fixed_num":"0","difficulty":"3"},{"id":"333442","question":"11","answer_option_1":"11","answer_option_2":"13","answer_option_3":"15","answer_option_4":"14","answer_option_5":"","answer_option_6":"","fixed_num":"0","difficulty":"3"},{"id":"333444","question":"11","answer_option_1":"11","answer_option_2":"15","answer_option_3":"11","answer_option_4":"13","answer_option_5":"","answer_option_6":"","fixed_num":"0","difficulty":"3"},{"id":"333443","question":"11","answer_option_1":"11","answer_option_2":"14","answer_option_3":"15","answer_option_4":"15","answer_option_5":"","answer_option_6":"","fixed_num":"0","difficulty":"3"},{"id":"333448","question":"12","answer_option_1":"12","answer_option_2":"15","answer_option_3":"13","answer_option_4":"14","answer_option_5":"","answer_option_6":"","fixed_num":"0","difficulty":"3"},{"id":"333450","question":"13","answer_option_1":"13","answer_option_2":"12","answer_option_3":"11","answer_option_4":"15","answer_option_5":"","answer_option_6":"","fixed_num":"0","difficulty":"3"}]}}