{"status":"success","data":{"planet":{"id":"169","name":"Batteries +","description":"Add fractions with unlike denominators","question_count":"10","badges":{"speed":"1","accuracy":"1","score_mul_base":"1","score_mul_accuracy":"1","score_mul_speed":"1"}},"status":{"star":3,"difficulty":4,"top_score":0},"planet_top_score":[],"questions":[{"id":"325277","answer":"7\/10","op":"+","number1":"1\/5","number1_multiplier":"1","number2":"1\/2","number2_multiplier":"1","number3":null,"number3_multiplier":"0","answer_option_1":"1\/10","answer_option_2":"2\/7","answer_option_3":"7\/10","answer_option_4":"5\/7","difficulty":"4"},{"id":"325278","answer":"11\/12","op":"+","number1":"1\/4","number1_multiplier":"1","number2":"2\/3","number2_multiplier":"1","number3":null,"number3_multiplier":"0","answer_option_1":"2\/12","answer_option_2":"3\/7","answer_option_3":"11\/12","answer_option_4":"5\/7","difficulty":"4"},{"id":"325273","answer":"7\/12","op":"+","number1":"1\/3","number1_multiplier":"1","number2":"1\/4","number2_multiplier":"1","number3":null,"number3_multiplier":"0","answer_option_1":"1\/12","answer_option_2":"2\/7","answer_option_3":"7\/12","answer_option_4":"4\/7","difficulty":"4"},{"id":"325275","answer":"8\/15","op":"+","number1":"1\/3","number1_multiplier":"1","number2":"1\/5","number2_multiplier":"1","number3":null,"number3_multiplier":"0","answer_option_1":"2\/8","answer_option_2":"2\/15","answer_option_3":"8\/15","answer_option_4":"6\/8","difficulty":"4"},{"id":"325276","answer":"7\/12","op":"+","number1":"1\/4","number1_multiplier":"1","number2":"1\/3","number2_multiplier":"1","number3":null,"number3_multiplier":"0","answer_option_1":"2\/12","answer_option_2":"2\/7","answer_option_3":"7\/12","answer_option_4":"4\/7","difficulty":"4"},{"id":"325271","answer":"9\/10","op":"+","number1":"1\/2","number1_multiplier":"1","number2":"2\/5","number2_multiplier":"1","number3":null,"number3_multiplier":"0","answer_option_1":"2\/10","answer_option_2":"3\/7","answer_option_3":"9\/10","answer_option_4":"4\/7","difficulty":"4"},{"id":"325280","answer":"8\/12","op":"+","number1":"2\/4","number1_multiplier":"1","number2":"1\/3","number2_multiplier":"1","number3":null,"number3_multiplier":"0","answer_option_1":"2\/12","answer_option_2":"3\/12","answer_option_3":"8\/12","answer_option_4":"3\/7","difficulty":"4"},{"id":"325272","answer":"5\/6","op":"+","number1":"1\/3","number1_multiplier":"1","number2":"1\/2","number2_multiplier":"1","number3":null,"number3_multiplier":"0","answer_option_1":"2\/5","answer_option_2":"1\/6","answer_option_3":"5\/6","answer_option_4":"3\/6","difficulty":"4"},{"id":"325281","answer":"9\/10","op":"+","number1":"2\/5","number1_multiplier":"1","number2":"1\/2","number2_multiplier":"1","number3":null,"number3_multiplier":"0","answer_option_1":"2\/10","answer_option_2":"3\/7","answer_option_3":"9\/10","answer_option_4":"4\/7","difficulty":"4"},{"id":"325274","answer":"10\/12","op":"+","number1":"1\/3","number1_multiplier":"1","number2":"2\/4","number2_multiplier":"1","number3":null,"number3_multiplier":"0","answer_option_1":"2\/12","answer_option_2":"3\/12","answer_option_3":"8\/12","answer_option_4":"10\/12","difficulty":"4"}]}}