{"status":"success","data":{"planet":{"id":"192","name":"Tap Trouble","description":"Limited Breaks","question_count":"10","badges":{"speed":"1","accuracy":"1","score_mul_base":"1","score_mul_accuracy":"1","score_mul_speed":"1"}},"status":{"star":0,"difficulty":1,"top_score":0},"planet_top_score":[],"questions":[{"id":"230088","question":"288","answer":"288","option_type":"hundred","option_generate":"5","difficulty":"1"},{"id":"230184","question":"384","answer":"384","option_type":"hundred","option_generate":"5","difficulty":"1"},{"id":"230059","question":"259","answer":"259","option_type":"hundred","option_generate":"5","difficulty":"1"},{"id":"230271","question":"471","answer":"471","option_type":"hundred","option_generate":"5","difficulty":"1"},{"id":"230229","question":"429","answer":"429","option_type":"hundred","option_generate":"5","difficulty":"1"},{"id":"230210","question":"410","answer":"410","option_type":"hundred","option_generate":"5","difficulty":"1"},{"id":"230129","question":"329","answer":"329","option_type":"hundred","option_generate":"5","difficulty":"1"},{"id":"230057","question":"257","answer":"257","option_type":"hundred","option_generate":"5","difficulty":"1"},{"id":"230300","question":"500","answer":"500","option_type":"hundred","option_generate":"5","difficulty":"1"},{"id":"230238","question":"438","answer":"438","option_type":"hundred","option_generate":"5","difficulty":"1"}]}}