{"status":"success","data":{"planet":{"id":"192","name":"Tap Trouble","description":"Limited Breaks","question_count":"10","badges":{"speed":"1","accuracy":"1","score_mul_base":"1","score_mul_accuracy":"1","score_mul_speed":"1"}},"status":{"star":0,"difficulty":1,"top_score":0},"planet_top_score":[],"questions":[{"id":"230092","question":"292","answer":"292","option_type":"hundred","option_generate":"5","difficulty":"1"},{"id":"230230","question":"430","answer":"430","option_type":"hundred","option_generate":"5","difficulty":"1"},{"id":"230292","question":"492","answer":"492","option_type":"hundred","option_generate":"5","difficulty":"1"},{"id":"230035","question":"235","answer":"235","option_type":"hundred","option_generate":"5","difficulty":"1"},{"id":"230098","question":"298","answer":"298","option_type":"hundred","option_generate":"5","difficulty":"1"},{"id":"230271","question":"471","answer":"471","option_type":"hundred","option_generate":"5","difficulty":"1"},{"id":"230240","question":"440","answer":"440","option_type":"hundred","option_generate":"5","difficulty":"1"},{"id":"230265","question":"465","answer":"465","option_type":"hundred","option_generate":"5","difficulty":"1"},{"id":"230081","question":"281","answer":"281","option_type":"hundred","option_generate":"5","difficulty":"1"},{"id":"230017","question":"217","answer":"217","option_type":"hundred","option_generate":"5","difficulty":"1"}]}}