{"status":"success","data":{"planet":{"id":"192","name":"Tap Trouble","description":"Limited Breaks","question_count":"10","badges":{"speed":"1","accuracy":"1","score_mul_base":"1","score_mul_accuracy":"1","score_mul_speed":"1"}},"status":{"star":0,"difficulty":1,"top_score":0},"planet_top_score":[],"questions":[{"id":"230072","question":"272","answer":"272","option_type":"hundred","option_generate":"5","difficulty":"1"},{"id":"230106","question":"306","answer":"306","option_type":"hundred","option_generate":"5","difficulty":"1"},{"id":"230189","question":"389","answer":"389","option_type":"hundred","option_generate":"5","difficulty":"1"},{"id":"230029","question":"229","answer":"229","option_type":"hundred","option_generate":"5","difficulty":"1"},{"id":"230107","question":"307","answer":"307","option_type":"hundred","option_generate":"5","difficulty":"1"},{"id":"230247","question":"447","answer":"447","option_type":"hundred","option_generate":"5","difficulty":"1"},{"id":"230300","question":"500","answer":"500","option_type":"hundred","option_generate":"5","difficulty":"1"},{"id":"230237","question":"437","answer":"437","option_type":"hundred","option_generate":"5","difficulty":"1"},{"id":"230228","question":"428","answer":"428","option_type":"hundred","option_generate":"5","difficulty":"1"},{"id":"230164","question":"364","answer":"364","option_type":"hundred","option_generate":"5","difficulty":"1"}]}}