{"status":"success","data":{"planet":{"id":"192","name":"Tap Trouble","description":"Limited Breaks","question_count":"10","badges":{"speed":"1","accuracy":"1","score_mul_base":"1","score_mul_accuracy":"1","score_mul_speed":"1"}},"status":{"star":0,"difficulty":1,"top_score":0},"planet_top_score":[],"questions":[{"id":"230279","question":"479","answer":"479","option_type":"hundred","option_generate":"5","difficulty":"1"},{"id":"230222","question":"422","answer":"422","option_type":"hundred","option_generate":"5","difficulty":"1"},{"id":"230296","question":"496","answer":"496","option_type":"hundred","option_generate":"5","difficulty":"1"},{"id":"230084","question":"284","answer":"284","option_type":"hundred","option_generate":"5","difficulty":"1"},{"id":"230210","question":"410","answer":"410","option_type":"hundred","option_generate":"5","difficulty":"1"},{"id":"230297","question":"497","answer":"497","option_type":"hundred","option_generate":"5","difficulty":"1"},{"id":"230195","question":"395","answer":"395","option_type":"hundred","option_generate":"5","difficulty":"1"},{"id":"230243","question":"443","answer":"443","option_type":"hundred","option_generate":"5","difficulty":"1"},{"id":"230087","question":"287","answer":"287","option_type":"hundred","option_generate":"5","difficulty":"1"},{"id":"230055","question":"255","answer":"255","option_type":"hundred","option_generate":"5","difficulty":"1"}]}}