{"status":"success","data":{"planet":{"id":"192","name":"Tap Trouble","description":"Limited Breaks","question_count":"10","badges":{"speed":"1","accuracy":"1","score_mul_base":"1","score_mul_accuracy":"1","score_mul_speed":"1"}},"status":{"star":0,"difficulty":1,"top_score":0},"planet_top_score":[],"questions":[{"id":"230042","question":"242","answer":"242","option_type":"hundred","option_generate":"5","difficulty":"1"},{"id":"230238","question":"438","answer":"438","option_type":"hundred","option_generate":"5","difficulty":"1"},{"id":"230138","question":"338","answer":"338","option_type":"hundred","option_generate":"5","difficulty":"1"},{"id":"230268","question":"468","answer":"468","option_type":"hundred","option_generate":"5","difficulty":"1"},{"id":"230271","question":"471","answer":"471","option_type":"hundred","option_generate":"5","difficulty":"1"},{"id":"230228","question":"428","answer":"428","option_type":"hundred","option_generate":"5","difficulty":"1"},{"id":"230084","question":"284","answer":"284","option_type":"hundred","option_generate":"5","difficulty":"1"},{"id":"230129","question":"329","answer":"329","option_type":"hundred","option_generate":"5","difficulty":"1"},{"id":"230156","question":"356","answer":"356","option_type":"hundred","option_generate":"5","difficulty":"1"},{"id":"230272","question":"472","answer":"472","option_type":"hundred","option_generate":"5","difficulty":"1"}]}}