{"status":"success","data":{"planet":{"id":"138","name":"Fraction Line","description":"Figure out fractions on the number line!","question_count":"10","badges":{"speed":"1","accuracy":"1","score_mul_base":"1","score_mul_accuracy":"1","score_mul_speed":"1"}},"status":{"star":1,"difficulty":2,"top_score":0},"planet_top_score":[],"questions":[{"id":"370278","question":"19\/20","option_from":"0","option_until_total":"20","answer":"19","ruler_type":"6","difficulty":"2"},{"id":"370260","question":"1\/20","option_from":"0","option_until_total":"20","answer":"1","ruler_type":"6","difficulty":"2"},{"id":"370274","question":"15\/20","option_from":"0","option_until_total":"20","answer":"15","ruler_type":"6","difficulty":"2"},{"id":"370265","question":"6\/20","option_from":"0","option_until_total":"20","answer":"6","ruler_type":"6","difficulty":"2"},{"id":"370273","question":"14\/20","option_from":"0","option_until_total":"20","answer":"14","ruler_type":"6","difficulty":"2"},{"id":"370268","question":"9\/20","option_from":"0","option_until_total":"20","answer":"9","ruler_type":"6","difficulty":"2"},{"id":"370269","question":"10\/20","option_from":"0","option_until_total":"20","answer":"10","ruler_type":"6","difficulty":"2"},{"id":"370261","question":"2\/20","option_from":"0","option_until_total":"20","answer":"2","ruler_type":"6","difficulty":"2"},{"id":"370275","question":"16\/20","option_from":"0","option_until_total":"20","answer":"16","ruler_type":"6","difficulty":"2"},{"id":"370271","question":"12\/20","option_from":"0","option_until_total":"20","answer":"12","ruler_type":"6","difficulty":"2"}]}}