{"status":"success","data":{"planet":{"id":"138","name":"Fraction Line","description":"Figure out fractions on the number line!","question_count":"10","badges":{"speed":"1","accuracy":"1","score_mul_base":"1","score_mul_accuracy":"1","score_mul_speed":"1"}},"status":{"star":1,"difficulty":2,"top_score":0},"planet_top_score":[],"questions":[{"id":"370272","question":"13\/20","option_from":"0","option_until_total":"20","answer":"13","ruler_type":"6","difficulty":"2"},{"id":"370263","question":"4\/20","option_from":"0","option_until_total":"20","answer":"4","ruler_type":"6","difficulty":"2"},{"id":"370270","question":"11\/20","option_from":"0","option_until_total":"20","answer":"11","ruler_type":"6","difficulty":"2"},{"id":"370275","question":"16\/20","option_from":"0","option_until_total":"20","answer":"16","ruler_type":"6","difficulty":"2"},{"id":"370261","question":"2\/20","option_from":"0","option_until_total":"20","answer":"2","ruler_type":"6","difficulty":"2"},{"id":"370262","question":"3\/20","option_from":"0","option_until_total":"20","answer":"3","ruler_type":"6","difficulty":"2"},{"id":"370260","question":"1\/20","option_from":"0","option_until_total":"20","answer":"1","ruler_type":"6","difficulty":"2"},{"id":"370274","question":"15\/20","option_from":"0","option_until_total":"20","answer":"15","ruler_type":"6","difficulty":"2"},{"id":"370276","question":"17\/20","option_from":"0","option_until_total":"20","answer":"17","ruler_type":"6","difficulty":"2"},{"id":"370278","question":"19\/20","option_from":"0","option_until_total":"20","answer":"19","ruler_type":"6","difficulty":"2"}]}}