{"status":"success","data":{"planet":{"id":"106","name":"Space Shuttle 2","description":"Making the number up to 20","question_count":"10","badges":null},"status":{"star":0,"difficulty":1,"top_score":0},"planet_top_score":[],"questions":[{"id":"209031","question":"14","answer_option_1":"7","answer_option_2":"6","answer_option_3":"8","answer_option_4":"","answer_option_5":"","answer_option_6":"","fixed_num":"7","difficulty":"1"},{"id":"209036","question":"15","answer_option_1":"9","answer_option_2":"4","answer_option_3":"7","answer_option_4":"","answer_option_5":"","answer_option_6":"","fixed_num":"6","difficulty":"1"},{"id":"209011","question":"12","answer_option_1":"10","answer_option_2":"2","answer_option_3":"7","answer_option_4":"","answer_option_5":"","answer_option_6":"","fixed_num":"2","difficulty":"1"},{"id":"209016","question":"12","answer_option_1":"5","answer_option_2":"1","answer_option_3":"6","answer_option_4":"","answer_option_5":"","answer_option_6":"","fixed_num":"7","difficulty":"1"},{"id":"209012","question":"12","answer_option_1":"9","answer_option_2":"4","answer_option_3":"6","answer_option_4":"","answer_option_5":"","answer_option_6":"","fixed_num":"3","difficulty":"1"},{"id":"209038","question":"15","answer_option_1":"7","answer_option_2":"4","answer_option_3":"5","answer_option_4":"","answer_option_5":"","answer_option_6":"","fixed_num":"8","difficulty":"1"},{"id":"209004","question":"11","answer_option_1":"7","answer_option_2":"2","answer_option_3":"9","answer_option_4":"","answer_option_5":"","answer_option_6":"","fixed_num":"4","difficulty":"1"},{"id":"209029","question":"14","answer_option_1":"9","answer_option_2":"4","answer_option_3":"6","answer_option_4":"","answer_option_5":"","answer_option_6":"","fixed_num":"5","difficulty":"1"},{"id":"209002","question":"11","answer_option_1":"9","answer_option_2":"4","answer_option_3":"7","answer_option_4":"","answer_option_5":"","answer_option_6":"","fixed_num":"2","difficulty":"1"},{"id":"209026","question":"13","answer_option_1":"4","answer_option_2":"5","answer_option_3":"9","answer_option_4":"","answer_option_5":"","answer_option_6":"","fixed_num":"9","difficulty":"1"}]}}