{"status":"success","data":{"planet":{"id":"106","name":"Space Shuttle 2","description":"Making the number up to 20","question_count":"10","badges":null},"status":{"star":0,"difficulty":1,"top_score":0},"planet_top_score":[],"questions":[{"id":"209036","question":"15","answer_option_1":"9","answer_option_2":"4","answer_option_3":"7","answer_option_4":"","answer_option_5":"","answer_option_6":"","fixed_num":"6","difficulty":"1"},{"id":"209010","question":"11","answer_option_1":"1","answer_option_2":"6","answer_option_3":"2","answer_option_4":"","answer_option_5":"","answer_option_6":"","fixed_num":"10","difficulty":"1"},{"id":"209012","question":"12","answer_option_1":"9","answer_option_2":"4","answer_option_3":"6","answer_option_4":"","answer_option_5":"","answer_option_6":"","fixed_num":"3","difficulty":"1"},{"id":"209013","question":"12","answer_option_1":"8","answer_option_2":"5","answer_option_3":"2","answer_option_4":"","answer_option_5":"","answer_option_6":"","fixed_num":"4","difficulty":"1"},{"id":"209001","question":"11","answer_option_1":"6","answer_option_2":"10","answer_option_3":"5","answer_option_4":"","answer_option_5":"","answer_option_6":"","fixed_num":"1","difficulty":"1"},{"id":"209026","question":"13","answer_option_1":"4","answer_option_2":"5","answer_option_3":"9","answer_option_4":"","answer_option_5":"","answer_option_6":"","fixed_num":"9","difficulty":"1"},{"id":"209018","question":"12","answer_option_1":"3","answer_option_2":"4","answer_option_3":"5","answer_option_4":"","answer_option_5":"","answer_option_6":"","fixed_num":"9","difficulty":"1"},{"id":"209015","question":"12","answer_option_1":"6","answer_option_2":"2","answer_option_3":"4","answer_option_4":"","answer_option_5":"","answer_option_6":"","fixed_num":"6","difficulty":"1"},{"id":"209019","question":"12","answer_option_1":"2","answer_option_2":"7","answer_option_3":"3","answer_option_4":"","answer_option_5":"","answer_option_6":"","fixed_num":"10","difficulty":"1"},{"id":"209003","question":"11","answer_option_1":"8","answer_option_2":"3","answer_option_3":"6","answer_option_4":"","answer_option_5":"","answer_option_6":"","fixed_num":"3","difficulty":"1"}]}}