{"status":"success","data":{"planet":{"id":"502","name":"Sushi Shape","description":"Recognize shapes by pattern","question_count":"10","badges":{"speed":"1","accuracy":"1","score_mul_base":"1","score_mul_accuracy":"1","score_mul_speed":"1"}},"status":{"star":2,"difficulty":3,"top_score":0},"planet_top_score":[],"questions":[{"id":"333029","question":"c","difficulty":"3","questions":{"angle3":"0","angle4":"0","angle5":"0","angle6":"0"},"answers":{"angle3":"0","angle4":"0","angle5":"0","angle6":"0"}},{"id":"333033","question":"c","difficulty":"3","questions":{"angle3":"0","angle4":"0","angle5":"0","angle6":"0"},"answers":{"angle3":"0","angle4":"0","angle5":"0","angle6":"0"}},{"id":"333036","question":"s","difficulty":"3","questions":{"angle3":"0","angle4":"0","angle5":"0","angle6":"0"},"answers":{"angle3":"0","angle4":"0","angle5":"0","angle6":"0"}},{"id":"333030","question":"s","difficulty":"3","questions":{"angle3":"0","angle4":"0","angle5":"0","angle6":"0"},"answers":{"angle3":"0","angle4":"0","angle5":"0","angle6":"0"}},{"id":"333032","question":"s","difficulty":"3","questions":{"angle3":"0","angle4":"0","angle5":"0","angle6":"0"},"answers":{"angle3":"0","angle4":"0","angle5":"0","angle6":"0"}},{"id":"333034","question":"s","difficulty":"3","questions":{"angle3":"0","angle4":"0","angle5":"0","angle6":"0"},"answers":{"angle3":"0","angle4":"0","angle5":"0","angle6":"0"}},{"id":"333035","question":"c","difficulty":"3","questions":{"angle3":"0","angle4":"0","angle5":"0","angle6":"0"},"answers":{"angle3":"0","angle4":"0","angle5":"0","angle6":"0"}},{"id":"333031","question":"c","difficulty":"3","questions":{"angle3":"0","angle4":"0","angle5":"0","angle6":"0"},"answers":{"angle3":"0","angle4":"0","angle5":"0","angle6":"0"}},{"id":"333005","question":"c","difficulty":"3","questions":{"angle3":"0","angle4":"0","angle5":"0","angle6":"0"},"answers":{"angle3":"0","angle4":"0","angle5":"0","angle6":"0"}},{"id":"333006","question":"s","difficulty":"3","questions":{"angle3":"0","angle4":"0","angle5":"0","angle6":"0"},"answers":{"angle3":"0","angle4":"0","angle5":"0","angle6":"0"}}]}}