{"status":"success","data":{"planet":{"id":"502","name":"Sushi Shape","description":"Recognize shapes by pattern","question_count":"10","badges":{"speed":"1","accuracy":"1","score_mul_base":"1","score_mul_accuracy":"1","score_mul_speed":"1"}},"status":{"star":5,"difficulty":5,"top_score":0},"planet_top_score":[],"questions":[{"id":"333010","question":"s","difficulty":"5","questions":{"angle3":"0","angle4":"0","angle5":"0","angle6":"0"},"answers":{"angle3":"0","angle4":"0","angle5":"0","angle6":"0"}},{"id":"333049","question":"c","difficulty":"5","questions":{"angle3":"0","angle4":"0","angle5":"0","angle6":"0"},"answers":{"angle3":"0","angle4":"0","angle5":"0","angle6":"0"}},{"id":"333009","question":"c","difficulty":"5","questions":{"angle3":"0","angle4":"0","angle5":"0","angle6":"0"},"answers":{"angle3":"0","angle4":"0","angle5":"0","angle6":"0"}},{"id":"333051","question":"t","difficulty":"5","questions":{"angle3":"0","angle4":"0","angle5":"0","angle6":"0"},"answers":{"angle3":"0","angle4":"0","angle5":"0","angle6":"0"}},{"id":"333012","question":"r","difficulty":"5","questions":{"angle3":"0","angle4":"0","angle5":"0","angle6":"0"},"answers":{"angle3":"0","angle4":"0","angle5":"0","angle6":"0"}},{"id":"333048","question":"r","difficulty":"5","questions":{"angle3":"0","angle4":"0","angle5":"0","angle6":"0"},"answers":{"angle3":"0","angle4":"0","angle5":"0","angle6":"0"}},{"id":"333052","question":"r","difficulty":"5","questions":{"angle3":"0","angle4":"0","angle5":"0","angle6":"0"},"answers":{"angle3":"0","angle4":"0","angle5":"0","angle6":"0"}},{"id":"333045","question":"c","difficulty":"5","questions":{"angle3":"0","angle4":"0","angle5":"0","angle6":"0"},"answers":{"angle3":"0","angle4":"0","angle5":"0","angle6":"0"}},{"id":"333011","question":"t","difficulty":"5","questions":{"angle3":"0","angle4":"0","angle5":"0","angle6":"0"},"answers":{"angle3":"0","angle4":"0","angle5":"0","angle6":"0"}},{"id":"333046","question":"s","difficulty":"5","questions":{"angle3":"0","angle4":"0","angle5":"0","angle6":"0"},"answers":{"angle3":"0","angle4":"0","angle5":"0","angle6":"0"}}]}}