{"status":"success","data":{"planet":{"id":"157","name":"Space Taxi","description":"What makes the number?","question_count":"10","badges":{"speed":"1","accuracy":"1","score_mul_base":"1","score_mul_accuracy":"1","score_mul_speed":"1"}},"status":{"star":0,"difficulty":1,"top_score":0},"planet_top_score":[],"questions":[{"id":"1011","question":"7","answer_option_1":"2","answer_option_2":"5","answer_option_3":"3","answer_option_4":"","answer_option_5":"","answer_option_6":"","fixed_num":"0","difficulty":"1"},{"id":"1015","question":"8","answer_option_1":"3","answer_option_2":"5","answer_option_3":"2","answer_option_4":"","answer_option_5":"","answer_option_6":"","fixed_num":"0","difficulty":"1"},{"id":"1018","question":"9","answer_option_1":"2","answer_option_2":"7","answer_option_3":"3","answer_option_4":"","answer_option_5":"","answer_option_6":"","fixed_num":"0","difficulty":"1"},{"id":"1023","question":"10","answer_option_1":"3","answer_option_2":"7","answer_option_3":"2","answer_option_4":"","answer_option_5":"","answer_option_6":"","fixed_num":"0","difficulty":"1"},{"id":"1025","question":"10","answer_option_1":"5","answer_option_2":"5","answer_option_3":"4","answer_option_4":"","answer_option_5":"","answer_option_6":"","fixed_num":"0","difficulty":"1"},{"id":"1002","question":"3","answer_option_1":"1","answer_option_2":"2","answer_option_3":"4","answer_option_4":"","answer_option_5":"","answer_option_6":"","fixed_num":"0","difficulty":"1"},{"id":"1004","question":"4","answer_option_1":"2","answer_option_2":"2","answer_option_3":"3","answer_option_4":"","answer_option_5":"","answer_option_6":"","fixed_num":"0","difficulty":"1"},{"id":"1024","question":"10","answer_option_1":"4","answer_option_2":"6","answer_option_3":"3","answer_option_4":"","answer_option_5":"","answer_option_6":"","fixed_num":"0","difficulty":"1"},{"id":"1022","question":"10","answer_option_1":"2","answer_option_2":"8","answer_option_3":"1","answer_option_4":"","answer_option_5":"","answer_option_6":"","fixed_num":"0","difficulty":"1"},{"id":"1020","question":"9","answer_option_1":"4","answer_option_2":"5","answer_option_3":"3","answer_option_4":"","answer_option_5":"","answer_option_6":"","fixed_num":"0","difficulty":"1"}]}}