{"status":"success","data":{"planet":{"id":"167","name":"Quick Collect X","description":"Quickly tell if it's true or false","question_count":"10","badges":{"speed":"1","accuracy":"1","score_mul_base":"1","score_mul_accuracy":"1","score_mul_speed":"1"}},"status":{"star":3,"difficulty":4,"top_score":0},"planet_top_score":[],"questions":[{"id":"2083","question":"40\u00d79=360","question_type":null,"question_object_1":null,"question_object_2":null,"answer":"TRUE","answer_option_1":"T","answer_option_2":"F","image_id":null,"difficulty":"4"},{"id":"2059","question":"6\u00d77=42","question_type":null,"question_object_1":null,"question_object_2":null,"answer":"TRUE","answer_option_1":"T","answer_option_2":"F","image_id":null,"difficulty":"4"},{"id":"2187","question":"50\u00d78=58","question_type":null,"question_object_1":null,"question_object_2":null,"answer":"FALSE","answer_option_1":"T","answer_option_2":"F","image_id":null,"difficulty":"4"},{"id":"2172","question":"7\u00d77=14","question_type":null,"question_object_1":null,"question_object_2":null,"answer":"FALSE","answer_option_1":"T","answer_option_2":"F","image_id":null,"difficulty":"4"},{"id":"2081","question":"20\u00d79=180","question_type":null,"question_object_1":null,"question_object_2":null,"answer":"TRUE","answer_option_1":"T","answer_option_2":"F","image_id":null,"difficulty":"4"},{"id":"2069","question":"7\u00d78=56","question_type":null,"question_object_1":null,"question_object_2":null,"answer":"TRUE","answer_option_1":"T","answer_option_2":"F","image_id":null,"difficulty":"4"},{"id":"2193","question":"20\u00d79=29","question_type":null,"question_object_1":null,"question_object_2":null,"answer":"FALSE","answer_option_1":"T","answer_option_2":"F","image_id":null,"difficulty":"4"},{"id":"2065","question":"40\u00d77=280","question_type":null,"question_object_1":null,"question_object_2":null,"answer":"TRUE","answer_option_1":"T","answer_option_2":"F","image_id":null,"difficulty":"4"},{"id":"2195","question":"40\u00d79=49","question_type":null,"question_object_1":null,"question_object_2":null,"answer":"FALSE","answer_option_1":"T","answer_option_2":"F","image_id":null,"difficulty":"4"},{"id":"2080","question":"9\u00d79=81","question_type":null,"question_object_1":null,"question_object_2":null,"answer":"TRUE","answer_option_1":"T","answer_option_2":"F","image_id":null,"difficulty":"4"}]}}