{"status":"success","data":{"planet":{"id":"167","name":"Quick Collect X","description":"Quickly tell if it's true or false","question_count":"10","badges":{"speed":"1","accuracy":"1","score_mul_base":"1","score_mul_accuracy":"1","score_mul_speed":"1"}},"status":{"star":3,"difficulty":4,"top_score":0},"planet_top_score":[],"questions":[{"id":"2082","question":"30\u00d79=270","question_type":null,"question_object_1":null,"question_object_2":null,"answer":"TRUE","answer_option_1":"T","answer_option_2":"F","image_id":null,"difficulty":"4"},{"id":"2173","question":"8\u00d77=15","question_type":null,"question_object_1":null,"question_object_2":null,"answer":"FALSE","answer_option_1":"T","answer_option_2":"F","image_id":null,"difficulty":"4"},{"id":"2069","question":"7\u00d78=56","question_type":null,"question_object_1":null,"question_object_2":null,"answer":"TRUE","answer_option_1":"T","answer_option_2":"F","image_id":null,"difficulty":"4"},{"id":"2073","question":"30\u00d78=240","question_type":null,"question_object_1":null,"question_object_2":null,"answer":"TRUE","answer_option_1":"T","answer_option_2":"F","image_id":null,"difficulty":"4"},{"id":"2179","question":"1\u00d78=9","question_type":null,"question_object_1":null,"question_object_2":null,"answer":"FALSE","answer_option_1":"T","answer_option_2":"F","image_id":null,"difficulty":"4"},{"id":"2076","question":"1\u00d79=9","question_type":null,"question_object_1":null,"question_object_2":null,"answer":"TRUE","answer_option_1":"T","answer_option_2":"F","image_id":null,"difficulty":"4"},{"id":"2081","question":"20\u00d79=180","question_type":null,"question_object_1":null,"question_object_2":null,"answer":"TRUE","answer_option_1":"T","answer_option_2":"F","image_id":null,"difficulty":"4"},{"id":"2178","question":"50\u00d77=57","question_type":null,"question_object_1":null,"question_object_2":null,"answer":"FALSE","answer_option_1":"T","answer_option_2":"F","image_id":null,"difficulty":"4"},{"id":"2068","question":"6\u00d78=48","question_type":null,"question_object_1":null,"question_object_2":null,"answer":"TRUE","answer_option_1":"T","answer_option_2":"F","image_id":null,"difficulty":"4"},{"id":"2181","question":"7\u00d78=15","question_type":null,"question_object_1":null,"question_object_2":null,"answer":"FALSE","answer_option_1":"T","answer_option_2":"F","image_id":null,"difficulty":"4"}]}}