{"status":"success","data":{"planet":{"id":"192","name":"Tap Trouble","description":"Limited Breaks","question_count":"10","badges":{"speed":"1","accuracy":"1","score_mul_base":"1","score_mul_accuracy":"1","score_mul_speed":"1"}},"status":{"star":2,"difficulty":3,"top_score":0},"planet_top_score":[],"questions":[{"id":"230557","question":"757","answer":"757","option_type":"hundred","option_generate":"10","difficulty":"3"},{"id":"230525","question":"725","answer":"725","option_type":"hundred","option_generate":"10","difficulty":"3"},{"id":"230781","question":"981","answer":"981","option_type":"hundred","option_generate":"10","difficulty":"3"},{"id":"230710","question":"910","answer":"910","option_type":"hundred","option_generate":"10","difficulty":"3"},{"id":"230573","question":"773","answer":"773","option_type":"hundred","option_generate":"10","difficulty":"3"},{"id":"230776","question":"976","answer":"976","option_type":"hundred","option_generate":"10","difficulty":"3"},{"id":"230775","question":"975","answer":"975","option_type":"hundred","option_generate":"10","difficulty":"3"},{"id":"230553","question":"753","answer":"753","option_type":"hundred","option_generate":"10","difficulty":"3"},{"id":"230564","question":"764","answer":"764","option_type":"hundred","option_generate":"10","difficulty":"3"},{"id":"230633","question":"833","answer":"833","option_type":"hundred","option_generate":"10","difficulty":"3"}]}}