{"status":"success","data":{"planet":{"id":"192","name":"Tap Trouble","description":"Limited Breaks","question_count":"10","badges":{"speed":"1","accuracy":"1","score_mul_base":"1","score_mul_accuracy":"1","score_mul_speed":"1"}},"status":{"star":2,"difficulty":3,"top_score":0},"planet_top_score":[],"questions":[{"id":"230564","question":"764","answer":"764","option_type":"hundred","option_generate":"10","difficulty":"3"},{"id":"230666","question":"866","answer":"866","option_type":"hundred","option_generate":"10","difficulty":"3"},{"id":"230585","question":"785","answer":"785","option_type":"hundred","option_generate":"10","difficulty":"3"},{"id":"230659","question":"859","answer":"859","option_type":"hundred","option_generate":"10","difficulty":"3"},{"id":"230727","question":"927","answer":"927","option_type":"hundred","option_generate":"10","difficulty":"3"},{"id":"230644","question":"844","answer":"844","option_type":"hundred","option_generate":"10","difficulty":"3"},{"id":"230713","question":"913","answer":"913","option_type":"hundred","option_generate":"10","difficulty":"3"},{"id":"230797","question":"997","answer":"997","option_type":"hundred","option_generate":"10","difficulty":"3"},{"id":"230563","question":"763","answer":"763","option_type":"hundred","option_generate":"10","difficulty":"3"},{"id":"230544","question":"744","answer":"744","option_type":"hundred","option_generate":"10","difficulty":"3"}]}}