{"status":"success","data":{"planet":{"id":"192","name":"Tap Trouble","description":"Limited Breaks","question_count":"10","badges":{"speed":"1","accuracy":"1","score_mul_base":"1","score_mul_accuracy":"1","score_mul_speed":"1"}},"status":{"star":2,"difficulty":3,"top_score":0},"planet_top_score":[],"questions":[{"id":"230687","question":"887","answer":"887","option_type":"hundred","option_generate":"10","difficulty":"3"},{"id":"230538","question":"738","answer":"738","option_type":"hundred","option_generate":"10","difficulty":"3"},{"id":"230633","question":"833","answer":"833","option_type":"hundred","option_generate":"10","difficulty":"3"},{"id":"230544","question":"744","answer":"744","option_type":"hundred","option_generate":"10","difficulty":"3"},{"id":"230737","question":"937","answer":"937","option_type":"hundred","option_generate":"10","difficulty":"3"},{"id":"230559","question":"759","answer":"759","option_type":"hundred","option_generate":"10","difficulty":"3"},{"id":"230608","question":"808","answer":"808","option_type":"hundred","option_generate":"10","difficulty":"3"},{"id":"230671","question":"871","answer":"871","option_type":"hundred","option_generate":"10","difficulty":"3"},{"id":"230734","question":"934","answer":"934","option_type":"hundred","option_generate":"10","difficulty":"3"},{"id":"230761","question":"961","answer":"961","option_type":"hundred","option_generate":"10","difficulty":"3"}]}}