{"status":"success","data":{"planet":{"id":"192","name":"Tap Trouble","description":"Limited Breaks","question_count":"10","badges":{"speed":"1","accuracy":"1","score_mul_base":"1","score_mul_accuracy":"1","score_mul_speed":"1"}},"status":{"star":2,"difficulty":3,"top_score":0},"planet_top_score":[],"questions":[{"id":"230582","question":"782","answer":"782","option_type":"hundred","option_generate":"10","difficulty":"3"},{"id":"230649","question":"849","answer":"849","option_type":"hundred","option_generate":"10","difficulty":"3"},{"id":"230644","question":"844","answer":"844","option_type":"hundred","option_generate":"10","difficulty":"3"},{"id":"230726","question":"926","answer":"926","option_type":"hundred","option_generate":"10","difficulty":"3"},{"id":"230703","question":"903","answer":"903","option_type":"hundred","option_generate":"10","difficulty":"3"},{"id":"230722","question":"922","answer":"922","option_type":"hundred","option_generate":"10","difficulty":"3"},{"id":"230617","question":"817","answer":"817","option_type":"hundred","option_generate":"10","difficulty":"3"},{"id":"230540","question":"740","answer":"740","option_type":"hundred","option_generate":"10","difficulty":"3"},{"id":"230638","question":"838","answer":"838","option_type":"hundred","option_generate":"10","difficulty":"3"},{"id":"230700","question":"900","answer":"900","option_type":"hundred","option_generate":"10","difficulty":"3"}]}}