{"status":"success","data":{"planet":{"id":"192","name":"Tap Trouble","description":"Limited Breaks","question_count":"10","badges":{"speed":"1","accuracy":"1","score_mul_base":"1","score_mul_accuracy":"1","score_mul_speed":"1"}},"status":{"star":2,"difficulty":3,"top_score":0},"planet_top_score":[],"questions":[{"id":"230692","question":"892","answer":"892","option_type":"hundred","option_generate":"10","difficulty":"3"},{"id":"230608","question":"808","answer":"808","option_type":"hundred","option_generate":"10","difficulty":"3"},{"id":"230585","question":"785","answer":"785","option_type":"hundred","option_generate":"10","difficulty":"3"},{"id":"230590","question":"790","answer":"790","option_type":"hundred","option_generate":"10","difficulty":"3"},{"id":"230666","question":"866","answer":"866","option_type":"hundred","option_generate":"10","difficulty":"3"},{"id":"230559","question":"759","answer":"759","option_type":"hundred","option_generate":"10","difficulty":"3"},{"id":"230622","question":"822","answer":"822","option_type":"hundred","option_generate":"10","difficulty":"3"},{"id":"230633","question":"833","answer":"833","option_type":"hundred","option_generate":"10","difficulty":"3"},{"id":"230705","question":"905","answer":"905","option_type":"hundred","option_generate":"10","difficulty":"3"},{"id":"230518","question":"718","answer":"718","option_type":"hundred","option_generate":"10","difficulty":"3"}]}}