{"status":"success","data":{"planet":{"id":"171","name":"Power Balance","description":"Addition & subtraction of fractions","question_count":"10","badges":{"speed":"1","accuracy":"1","score_mul_base":"1","score_mul_accuracy":"1","score_mul_speed":"1"}},"status":{"star":0,"difficulty":1,"top_score":0},"planet_top_score":[],"questions":[{"id":"333762","answer":"1\/3","op":"+","number1":"","number1_multiplier":"0","number2":"1\/4","number2_multiplier":"3","number3":"7\/12","number3_multiplier":"1","answer_option_1":"1\/3","answer_option_2":"4\/15","answer_option_3":"4\/10","answer_option_4":"7\/15","difficulty":"1"},{"id":"333702","answer":"4\/12","op":"+","number1":"1\/6","number1_multiplier":"1","number2":"","number2_multiplier":"0","number3":"1\/2","number3_multiplier":"6","answer_option_1":"4\/12","answer_option_2":"5\/18","answer_option_3":"5\/12","answer_option_4":"6\/18","difficulty":"1"},{"id":"333948","answer":"6\/12","op":"-","number1":"5\/6","number1_multiplier":"1","number2":"","number2_multiplier":"0","number3":"1\/3","number3_multiplier":"1","answer_option_1":"6\/12","answer_option_2":"8\/15","answer_option_3":"8\/10","answer_option_4":"10\/15","difficulty":"1"},{"id":"333943","answer":"1\/12","op":"-","number1":"5\/6","number1_multiplier":"1","number2":"","number2_multiplier":"0","number3":"3\/4","number3_multiplier":"1","answer_option_1":"1\/12","answer_option_2":"3\/15","answer_option_3":"3\/10","answer_option_4":"5\/15","difficulty":"1"},{"id":"333863","answer":"1\/10","op":"-","number1":"1\/2","number1_multiplier":"1","number2":"","number2_multiplier":"0","number3":"2\/5","number3_multiplier":"1","answer_option_1":"1\/10","answer_option_2":"4\/6","answer_option_3":"2\/8","answer_option_4":"3\/8","difficulty":"1"},{"id":"333811","answer":"1\/5","op":"+","number1":"","number1_multiplier":"0","number2":"1\/2","number2_multiplier":"5","number3":"7\/10","number3_multiplier":"1","answer_option_1":"1\/5","answer_option_2":"6\/15","answer_option_3":"6\/10","answer_option_4":"7\/15","difficulty":"1"},{"id":"333796","answer":"2\/4","op":"+","number1":"","number1_multiplier":"0","number2":"1\/12","number2_multiplier":"1","number3":"7\/12","number3_multiplier":"1","answer_option_1":"2\/4","answer_option_2":"3\/16","answer_option_3":"3\/12","answer_option_4":"7\/16","difficulty":"1"},{"id":"333662","answer":"8\/12","op":"+","number1":"1\/4","number1_multiplier":"1","number2":"","number2_multiplier":"0","number3":"11\/12","number3_multiplier":"1","answer_option_1":"8\/12","answer_option_2":"9\/16","answer_option_3":"9\/12","answer_option_4":"11\/16","difficulty":"1"},{"id":"333790","answer":"1\/4","op":"+","number1":"","number1_multiplier":"0","number2":"2\/3","number2_multiplier":"4","number3":"11\/12","number3_multiplier":"1","answer_option_1":"1\/4","answer_option_2":"9\/16","answer_option_3":"9\/12","answer_option_4":"11\/16","difficulty":"1"},{"id":"333664","answer":"1\/8","op":"+","number1":"1\/2","number1_multiplier":"2","number2":"","number2_multiplier":"0","number3":"5\/8","number3_multiplier":"1","answer_option_1":"1\/8","answer_option_2":"3\/12","answer_option_3":"3\/8","answer_option_4":"5\/12","difficulty":"1"}]}}