{"status":"success","data":{"planet":{"id":"171","name":"Power Balance","description":"Addition & subtraction of fractions","question_count":"10","badges":{"speed":"1","accuracy":"1","score_mul_base":"1","score_mul_accuracy":"1","score_mul_speed":"1"}},"status":{"star":0,"difficulty":1,"top_score":0},"planet_top_score":[],"questions":[{"id":"333734","answer":"1\/2","op":"+","number1":"","number1_multiplier":"0","number2":"1\/3","number2_multiplier":"2","number3":"5\/6","number3_multiplier":"1","answer_option_1":"1\/2","answer_option_2":"3\/4","answer_option_3":"3\/8","answer_option_4":"5\/8","difficulty":"1"},{"id":"333954","answer":"1\/2","op":"-","number1":"","number1_multiplier":"0","number2":"1\/3","number2_multiplier":"2","number3":"1\/6","number3_multiplier":"1","answer_option_1":"1\/2","answer_option_2":"6\/15","answer_option_3":"6\/10","answer_option_4":"10\/15","difficulty":"1"},{"id":"333799","answer":"2\/4","op":"+","number1":"","number1_multiplier":"0","number2":"1\/3","number2_multiplier":"4","number3":"5\/6","number3_multiplier":"2","answer_option_1":"2\/4","answer_option_2":"6\/16","answer_option_3":"6\/10","answer_option_4":"10\/16","difficulty":"1"},{"id":"333651","answer":"3\/8","op":"+","number1":"1\/4","number1_multiplier":"1","number2":"","number2_multiplier":"0","number3":"5\/8","number3_multiplier":"1","answer_option_1":"3\/8","answer_option_2":"4\/12","answer_option_3":"4\/8","answer_option_4":"5\/12","difficulty":"1"},{"id":"333774","answer":"2\/3","op":"+","number1":"","number1_multiplier":"0","number2":"1\/6","number2_multiplier":"2","number3":"5\/6","number3_multiplier":"2","answer_option_1":"2\/3","answer_option_2":"4\/15","answer_option_3":"4\/12","answer_option_4":"10\/12","difficulty":"1"},{"id":"333866","answer":"4\/10","op":"-","number1":"1\/2","number1_multiplier":"1","number2":"","number2_multiplier":"0","number3":"1\/10","number3_multiplier":"1","answer_option_1":"4\/10","answer_option_2":"5\/10","answer_option_3":"5\/8","answer_option_4":"8\/10","difficulty":"1"},{"id":"333967","answer":"1\/3","op":"-","number1":"","number1_multiplier":"0","number2":"1\/4","number2_multiplier":"3","number3":"1\/12","number3_multiplier":"1","answer_option_1":"1\/3","answer_option_2":"5\/18","answer_option_3":"5\/12","answer_option_4":"7\/18","difficulty":"1"},{"id":"333901","answer":"3\/8","op":"-","number1":"3\/4","number1_multiplier":"1","number2":"","number2_multiplier":"0","number3":"3\/8","number3_multiplier":"1","answer_option_1":"3\/8","answer_option_2":"3\/15","answer_option_3":"3\/12","answer_option_4":"9\/15","difficulty":"1"},{"id":"333815","answer":"2\/5","op":"+","number1":"","number1_multiplier":"0","number2":"1\/10","number2_multiplier":"1","number3":"1\/2","number3_multiplier":"5","answer_option_1":"2\/5","answer_option_2":"3\/15","answer_option_3":"3\/10","answer_option_4":"5\/15","difficulty":"1"},{"id":"333686","answer":"8\/10","op":"+","number1":"1\/5","number1_multiplier":"1","number2":"","number2_multiplier":"0","number3":"1\/1","number3_multiplier":"10","answer_option_1":"8\/10","answer_option_2":"9\/15","answer_option_3":"9\/10","answer_option_4":"10\/15","difficulty":"1"}]}}