{"status":"success","data":{"planet":{"id":"171","name":"Power Balance","description":"Addition & subtraction of fractions","question_count":"10","badges":{"speed":"1","accuracy":"1","score_mul_base":"1","score_mul_accuracy":"1","score_mul_speed":"1"}},"status":{"star":0,"difficulty":1,"top_score":0},"planet_top_score":[],"questions":[{"id":"333785","answer":"1\/4","op":"+","number1":"","number1_multiplier":"0","number2":"1\/4","number2_multiplier":"3","number3":"1\/2","number3_multiplier":"6","answer_option_1":"1\/4","answer_option_2":"4\/15","answer_option_3":"4\/12","answer_option_4":"6\/16","difficulty":"1"},{"id":"333837","answer":"2\/6","op":"+","number1":"","number1_multiplier":"0","number2":"1\/12","number2_multiplier":"1","number3":"5\/12","number3_multiplier":"1","answer_option_1":"2\/6","answer_option_2":"3\/18","answer_option_3":"3\/12","answer_option_4":"5\/18","difficulty":"1"},{"id":"333932","answer":"2\/12","op":"-","number1":"1\/2","number1_multiplier":"3","number2":"","number2_multiplier":"0","number3":"1\/3","number3_multiplier":"1","answer_option_1":"2\/12","answer_option_2":"4\/16","answer_option_3":"4\/12","answer_option_4":"10\/16","difficulty":"1"},{"id":"333667","answer":"4\/8","op":"+","number1":"1\/2","number1_multiplier":"2","number2":"","number2_multiplier":"0","number3":"1\/1","number3_multiplier":"8","answer_option_1":"4\/8","answer_option_2":"6\/12","answer_option_3":"6\/8","answer_option_4":"8\/12","difficulty":"1"},{"id":"333905","answer":"2\/12","op":"-","number1":"3\/4","number1_multiplier":"1","number2":"","number2_multiplier":"0","number3":"7\/12","number3_multiplier":"1","answer_option_1":"2\/12","answer_option_2":"2\/10","answer_option_3":"2\/8","answer_option_4":"3\/12","difficulty":"1"},{"id":"333744","answer":"1\/2","op":"+","number1":"","number1_multiplier":"0","number2":"1\/12","number2_multiplier":"1","number3":"7\/12","number3_multiplier":"1","answer_option_1":"1\/2","answer_option_2":"2\/14","answer_option_3":"7\/10","answer_option_4":"2\/12","difficulty":"1"},{"id":"333781","answer":"1\/4","op":"+","number1":"","number1_multiplier":"0","number2":"5\/8","number2_multiplier":"1","number3":"7\/8","number3_multiplier":"1","answer_option_1":"1\/4","answer_option_2":"6\/12","answer_option_3":"6\/8","answer_option_4":"7\/12","difficulty":"1"},{"id":"333790","answer":"1\/4","op":"+","number1":"","number1_multiplier":"0","number2":"2\/3","number2_multiplier":"4","number3":"11\/12","number3_multiplier":"1","answer_option_1":"1\/4","answer_option_2":"9\/16","answer_option_3":"9\/12","answer_option_4":"11\/16","difficulty":"1"},{"id":"334037","answer":"4\/6","op":"-","number1":"","number1_multiplier":"0","number2":"7\/12","number2_multiplier":"1","number3":"1\/12","number3_multiplier":"1","answer_option_1":"4\/6","answer_option_2":"6\/12","answer_option_3":"6\/8","answer_option_4":"7\/12","difficulty":"1"},{"id":"333738","answer":"1\/2","op":"+","number1":"","number1_multiplier":"0","number2":"1\/2","number2_multiplier":"4","number3":"1\/1","number3_multiplier":"8","answer_option_1":"1\/2","answer_option_2":"5\/12","answer_option_3":"5\/8","answer_option_4":"8\/10","difficulty":"1"}]}}