{"status":"success","data":{"planet":{"id":"171","name":"Power Balance","description":"Addition & subtraction of fractions","question_count":"10","badges":{"speed":"1","accuracy":"1","score_mul_base":"1","score_mul_accuracy":"1","score_mul_speed":"1"}},"status":{"star":0,"difficulty":1,"top_score":0},"planet_top_score":[],"questions":[{"id":"333717","answer":"1\/12","op":"+","number1":"1\/2","number1_multiplier":"3","number2":"","number2_multiplier":"0","number3":"7\/12","number3_multiplier":"1","answer_option_1":"1\/12","answer_option_2":"4\/18","answer_option_3":"4\/12","answer_option_4":"7\/18","difficulty":"1"},{"id":"333985","answer":"1\/4","op":"-","number1":"","number1_multiplier":"0","number2":"1\/6","number2_multiplier":"2","number3":"1\/12","number3_multiplier":"1","answer_option_1":"1\/4","answer_option_2":"2\/8","answer_option_3":"2\/6","answer_option_4":"3\/6","difficulty":"1"},{"id":"333774","answer":"2\/3","op":"+","number1":"","number1_multiplier":"0","number2":"1\/6","number2_multiplier":"2","number3":"5\/6","number3_multiplier":"2","answer_option_1":"2\/3","answer_option_2":"4\/15","answer_option_3":"4\/12","answer_option_4":"10\/12","difficulty":"1"},{"id":"333646","answer":"2\/12","op":"+","number1":"2\/3","number1_multiplier":"1","number2":"","number2_multiplier":"0","number3":"5\/6","number3_multiplier":"2","answer_option_1":"2\/12","answer_option_2":"4\/15","answer_option_3":"4\/12","answer_option_4":"10\/15","difficulty":"1"},{"id":"333712","answer":"4\/12","op":"+","number1":"1\/3","number1_multiplier":"2","number2":"","number2_multiplier":"0","number3":"2\/3","number3_multiplier":"4","answer_option_1":"4\/12","answer_option_2":"6\/18","answer_option_3":"6\/12","answer_option_4":"8\/18","difficulty":"1"},{"id":"333840","answer":"2\/6","op":"+","number1":"","number1_multiplier":"0","number2":"1\/3","number2_multiplier":"4","number3":"2\/3","number3_multiplier":"4","answer_option_1":"2\/6","answer_option_2":"6\/15","answer_option_3":"6\/12","answer_option_4":"8\/18","difficulty":"1"},{"id":"333662","answer":"8\/12","op":"+","number1":"1\/4","number1_multiplier":"1","number2":"","number2_multiplier":"0","number3":"11\/12","number3_multiplier":"1","answer_option_1":"8\/12","answer_option_2":"9\/16","answer_option_3":"9\/12","answer_option_4":"11\/16","difficulty":"1"},{"id":"334017","answer":"4\/5","op":"-","number1":"","number1_multiplier":"0","number2":"3\/10","number2_multiplier":"1","number3":"1\/2","number3_multiplier":"1","answer_option_1":"4\/5","answer_option_2":"3\/15","answer_option_3":"3\/12","answer_option_4":"6\/15","difficulty":"1"},{"id":"333979","answer":"2\/3","op":"-","number1":"","number1_multiplier":"0","number2":"1\/3","number2_multiplier":"4","number3":"1\/3","number3_multiplier":"1","answer_option_1":"2\/3","answer_option_2":"5\/18","answer_option_3":"5\/12","answer_option_4":"9\/18","difficulty":"1"},{"id":"333750","answer":"1\/3","op":"+","number1":"","number1_multiplier":"0","number2":"1\/6","number2_multiplier":"1","number3":"1\/2","number3_multiplier":"3","answer_option_1":"1\/3","answer_option_2":"2\/6","answer_option_3":"2\/9","answer_option_4":"3\/8","difficulty":"1"}]}}